tree
version=v4
num_class=1
num_tree_per_iteration=1
label_index=0
max_feature_idx=12
objective=lambdarank
feature_names=exact_matches partial_matches category_match term_coverage lexical_signal rrf_raw dense_raw attribute_raw profile_match quality contradictions budget_penalty novelty_penalty
feature_infos=[0:8] [0:1.5] [0:1] [0:1] [0.0033333333333333335:1] [0.001129032258064516:0.034426229508196723] [0:0.91112741009486875] [0:20.333333333333336] [0:1] [0.39182795698924727:0.97982643910905409] [0:8] none [0:1]
tree_sizes=1789 1803 1793 1798 1806 1796 1805 1796 1799 1799 1800 1801 1805 1794 1804 1795 1804 1793 1784 1819 1798 1804 1820 1792 1791 1788 1803 1802 1809 1808 1798 1809 1805 1812 1812 1796 1797 1806 1806 1797 1803 1804 1799 1811 1790 1801 1815 1812 1816 1792 1802 1814 1812 1820 1804 1798 1803 1806 1805 1810 1805 1811 1820 1779 1802 1805 1803 1806 1815 1819 1815 1807 1798 1798 1817 1820 1813 1796 1813 1812 1807 1802 1820 1812 1809 1807 1809 1807 1810 1810 1803 1809 1807 1811 1809 1805 1811 1809 1812 1799 1815 1809 1820 1796 1814 1804 1804 1810 1798 1792 1801 1791 1812 1812 1801 1804 1808 1817 1815 1797 1805 1813 1821 1805 1823 1809 1805 1815 1799 1811 1780 1791 1778 1807 1803 1816 1808 1821 1798 1827 1793 1814 1815 1830 1810 1789 1821 1789 1818 1810 1797 1782 1791 1827 1792 1803 1828

Tree=0
num_leaves=15
num_cat=0
split_feature=3 9 12 7 5 4 12 7 6 5 2 4 9 7
split_gain=4613.1 1075 474.343 453.82 360.677 226.33 153.717 114.022 104.531 98.9036 68.2668 57.1084 43.2067 30.7058
threshold=0.87456581697536573 0.83849765125760001 1.0000000180025095e-35 0.22500000000000003 0.013739993463718514 0.75000000000000011 1.0000000180025095e-35 1.9166666666666667 0.28277525990364122 0.022769127812415291 1.0000000180025095e-35 0.75000000000000011 0.8792720649114093 0.45000000000000007
decision_type=2 2 2 2 2 2 2 2 2 2 2 2 2 2
left_child=4 3 10 5 -1 -2 8 11 -5 -7 13 -6 -12 -3
right_child=1 2 -4 6 7 9 -8 -9 -10 -11 12 -13 -14 -15
leaf_value=-0.093504960542634519 -0.082685222620281509 -0.023453024853503354 -0.08872293009981419 0.06152333695761554 -0.082792631301915609 0.055444913153977739 -0.083068792165275698 0.028316153477108776 0.0099794397728201079 -0.074891896093498264 0.066397474624350028 0.048962571111417101 0.090252105617659839 0.0472137758165058
leaf_weight=941.33478573976026 192.09350385693506 16.830434011535544 39.337758338428102 193.06241719142054 43.545880391739047 51.119320053483534 24.531265866015019 86.124287366237695 200.01141892521264 14.913889231218489 365.97072937115081 6.4552802577236426 760.11543692310443 59.056768166876282
leaf_count=925316 312765 20137 25373 111326 16939 998 4615 17407 36304 539 93140 83 47669 22752
internal_value=-6.17582e-09 0.0464948 0.0740292 -0.00425769 -0.0825574 -0.0557776 0.0278705 -0.00622192 0.0357506 0.0228082 0.0797012 -0.062878 0.0828273 0.0310602
internal_weight=2994.5 1917.04 1241.31 675.732 1077.46 258.127 417.605 136.125 393.074 66.0332 1201.97 50.0012 1126.09 75.8872
internal_count=1635363 675618 209071 466547 959745 314302 152245 34429 147630 1537 183698 17022 140809 42889
is_linear=0
shrinkage=0.05


Tree=1
num_leaves=15
num_cat=0
split_feature=3 5 9 5 7 9 7 3 4 7 2 5 9 5
split_gain=5312.73 1629.73 835.509 587.379 381.114 274.652 193.415 181.879 171.454 93.3162 236.441 112.688 90.1462 85.9368
threshold=0.89746206819181029 0.018574991593326245 0.89899522726641756 0.01515173234639978 0.22500000000000003 0.81860625485625482 1.0000000180025095e-35 0.70022649801756975 0.75000000000000011 1.9166666666666667 1.0000000180025095e-35 0.0071331561370026799 0.89992087975812163 0.0050926292600219428
decision_type=2 2 2 2 2 2 2 2 2 2 2 2 2 2
left_child=3 2 4 9 -2 -6 12 -5 -3 -1 -11 -12 -4 -8
right_child=1 8 6 7 5 -7 13 -9 -10 10 11 -13 -14 -15
leaf_value=-0.091179015625047738 -0.053802872276217967 0.053788257832399579 0.058732992479332273 -0.066491529383640197 -0.040887379019979429 0.0092202619681223449 0.00014561015738556973 0.032240319610385211 0.087834355856358223 -0.088917972593444194 -0.063726134673232418 0.023719980112808695 -0.043269847637364557 0.054015263076723996
leaf_weight=1168.6069103682967 462.04068557186838 1310.6664021357356 23.596802382176975 60.540030034058873 349.48694953487575 1191.8091573382189 81.40822918304184 156.88841070016497 544.0757854782496 273.25874044229568 54.738224684362649 91.554428672374343 87.517938795426744 815.30305815368774
leaf_count=697282 350834 37404 499 10484 99280 131108 10521 13677 2616 172441 46794 35495 7115 19813
internal_value=-2.49043e-09 0.027183 0.00444622 -0.0731286 -0.0142343 -0.00223705 0.041466 0.00387305 0.0639847 -0.0836497 -0.0618507 -0.0100244 -0.0200118 0.0491526
internal_weight=6671.49 4865.91 3011.16 1805.59 2003.34 1541.3 1007.83 217.428 1854.74 1588.16 419.551 146.293 111.115 896.711
internal_count=1635363 659190 619170 976173 581222 230388 37948 24161 40020 952012 254730 82289 7614 30334
is_linear=0
shrinkage=0.05


Tree=2
num_leaves=15
num_cat=0
split_feature=3 5 2 9 5 9 7 9 7 5 7 5 6 2
split_gain=4693.79 1157 538.848 353.832 212.867 195.839 169.792 112.286 102.379 95.2923 79.5797 64.4308 61.1599 57.8006
threshold=0.80314631969023931 0.019709122453165598 1.0000000180025095e-35 0.85913106034547859 0.011827542960043404 0.8581693353193075 0.22500000000000003 0.93954918270766208 1.9166666666666667 0.026125329939668176 0.29166666666666669 0.0070093647603042568 0.17788270776204329 1.0000000180025095e-35
decision_type=2 2 2 2 2 2 2 2 2 2 2 2 2 2
left_child=4 2 10 6 -1 9 -4 -5 -6 12 -2 -12 -3 -10
right_child=1 5 3 7 8 -7 -8 -9 13 -11 11 -13 -14 -15
leaf_value=-0.08169072397451746 -0.085289210409116925 0.051789777660908747 -0.046904674075369225 0.021951262571174635 -0.070827471031226927 0.071015490606506734 0.0020714262957815385 0.059947682277570094 -0.063437604279315205 0.061534386004597742 -0.068027192975107037 -0.014581989308235656 0.0083436850815691611 0.017005892657373314
leaf_weight=1368.7594606020575 111.2978317944071 107.92649530619383 246.41301990991633 1570.1456712938962 74.845168137122528 1072.3067636250053 596.2911738846451 220.04655895051837 22.873351912960061 219.28038703170023 84.254782803400303 163.48768167759408 295.73351743878447 107.30412449754658
leaf_count=818359 120956 1415 292837 104731 26111 7549 156758 3836 6114 3292 33235 24787 21135 14248
internal_value=2.77062e-09 0.0250922 0.00636415 0.0142237 -0.0745746 0.0580293 -0.0124417 0.0267757 -0.0262525 0.0352878 -0.0506746 -0.0337444 0.0204514 0.00104761
internal_weight=6260.97 4687.18 2991.94 2632.9 1573.78 1695.25 842.704 1790.19 205.023 622.94 359.04 247.742 403.66 130.177
internal_count=1635363 770531 737140 558162 864832 33391 449595 108567 46473 25842 178978 58022 22550 20362
is_linear=0
shrinkage=0.05


Tree=3
num_leaves=15
num_cat=0
split_feature=3 5 9 5 9 6 5 4 7 4 6 6 4 5
split_gain=4408.58 1039.47 408.742 404.723 211.231 162.122 170.261 157.198 113.758 111.871 95.5131 80.1981 71.0025 104.703
threshold=0.87456581697536573 0.010999700754395212 0.8581693353193075 0.011827542960043404 0.81881304592843074 1.0000000180025095e-35 0.0063152396117512376 0.41666666666666669 1.9166666666666667 0.75000000000000011 0.2058352454581138 0.25180470809764183 0.0041237288712036198 0.0058140404975533027
decision_type=2 2 2 2 2 2 2 2 2 2 2 2 2 2
left_child=3 2 12 -1 7 6 -4 10 -5 11 -3 -6 13 -2
right_child=1 4 5 8 9 -7 -8 -9 -10 -11 -12 -13 -14 -15
leaf_value=-0.077510890520250397 -0.045411322911450898 0.027574516171279997 -0.0043995476337635488 -0.057305893945085153 0.058011389063812008 -0.039429888789912479 0.039580363150715794 0.05282030653687473 0.0086688576515367138 0.074716244089254036 -0.026931407121676323 0.036818770845465441 -0.056682229629734404 0.019351012931745598
leaf_weight=1466.8295364085789 154.59426513753715 127.66129257023567 389.01106226228876 91.46647979869158 790.70903464785079 124.98340860898315 498.98549919732613 172.52702017987031 199.24439471840742 415.89114975492703 199.25090118689695 1140.3768297539355 300.62077253284224 98.791546843407559
leaf_count=901358 105731 16671 63436 31896 21751 18321 27601 4153 26491 936 71819 44995 268636 31568
internal_value=-1.17999e-09 0.0266703 -0.0060261 -0.0668582 0.0446491 0.012858 0.020397 0.0149361 -0.0127068 0.0509269 -0.00555175 0.0456238 -0.0403612 -0.0202756
internal_weight=6170.94 4413.4 1566.99 1757.54 2846.42 1012.98 887.997 499.439 290.711 2346.98 326.912 1931.09 554.007 253.386
internal_count=1635363 675618 515293 959745 160325 109358 91037 92643 58387 67682 88490 66746 405935 137299
is_linear=0
shrinkage=0.05


Tree=4
num_leaves=15
num_cat=0
split_feature=3 5 5 9 9 5 6 12 3 4 2 12 4 7
split_gain=3981.48 827.128 406.543 287.685 283.787 208.894 160.063 116.95 100.113 85.2999 68.4264 65.0937 61.2808 61.2558
threshold=0.88951302594851478 0.0084240787583613856 0.012734975846321635 0.8792720649114093 0.8581693353193075 0.021863201802460118 0.17788270776204329 1.0000000180025095e-35 0.73950104100628888 0.75000000000000011 1.0000000180025095e-35 1.0000000180025095e-35 0.0033389074693422525 0.22500000000000003
decision_type=2 2 2 2 2 2 2 2 2 2 2 2 2 2
left_child=2 3 -1 13 5 6 -3 9 -4 -6 -5 -7 -12 -2
right_child=1 4 8 10 7 11 -8 -9 -10 -11 12 -13 -14 -15
leaf_value=-0.073566190813224366 -0.056158857374880758 0.025799882454374728 -0.043171959069658219 -0.049429162674465656 0.045121787731961342 0.047407359332219498 -0.024227678149341667 -0.073836037357035408 0.018314745815427174 0.072985070629998747 0.029899375985328075 -0.065850710811829333 -0.0093454290725270076 -0.022350096764331535
leaf_weight=1490.4056836164818 225.82588572139503 291.03211955398729 105.34749108079995 34.000966428924585 1837.9954064325429 406.24287235375959 342.67095581981994 15.138077317780697 160.80538025121496 339.86239080992527 368.75123165367404 8.8939882576814835 132.83068958477816 348.24606729634979
leaf_count=926545 249803 47523 25159 13059 35763 10173 126232 12995 20804 271 25478 3520 13378 124660
internal_value=3.37492e-10 0.0256487 -0.0634316 -0.0115721 0.0383874 0.0168862 -0.0012301 0.0486089 -0.00636996 0.0496272 0.0147231 0.0442261 0.0195168 -0.0360197
internal_weight=6108.05 4351.49 1756.56 1109.65 3241.84 1048.84 633.703 2193 266.153 2177.86 535.583 415.137 501.582 574.072
internal_count=1635363 662855 972508 426378 236477 187448 173755 49029 45963 36034 51915 13693 38856 374463
is_linear=0
shrinkage=0.05


Tree=5
num_leaves=15
num_cat=0
split_feature=3 5 9 5 5 9 4 7 2 7 4 7 2 10
split_gain=3636.81 710.287 466.868 290.993 207.304 140.804 141.874 128.041 112.313 95.3651 57.8419 54.7607 49.6308 43.137
threshold=0.87456581697536573 0.014423222271656905 0.81974042785608325 0.011827542960043404 0.0049264222058797392 0.89928762060970047 0.75000000000000011 0.22500000000000003 1.0000000180025095e-35 1.9166666666666667 0.22500000000000003 0.29166666666666669 1.0000000180025095e-35 1.0000000180025095e-35
decision_type=2 2 2 2 2 2 2 2 2 2 2 2 2 2
left_child=3 2 11 -1 -4 6 7 -3 -6 10 -5 -2 -11 -14
right_child=1 5 4 9 8 -7 -8 -9 -10 12 -12 -13 13 -15
leaf_value=-0.071355470305382196 -0.066078904215025755 -0.033447625131829327 -0.026579647673301544 -0.069918790374710035 -0.024242277655382869 0.059536721753659205 0.058925693757444012 0.02916780794268042 0.026675927801579697 -0.051670678922003936 0.032001036949726606 -0.02748696838782962 0.025523580189938496 -0.055699895889031827
leaf_weight=1409.0006370175324 187.89674644963816 84.326647700072499 256.99863520821964 81.418595701470622 115.1123177989939 818.14169282960938 406.04768449344556 1057.8689077988674 1201.9617262255342 26.441554354285472 13.564951554959405 199.18109783579712 143.97904466450564 13.62987631553551
leaf_count=901358 240215 33889 105966 30837 29686 5457 2881 48694 113391 7346 1059 95439 16018 3127
internal_value=2.4335e-09 0.0242825 0.00201534 -0.0621397 0.0141356 0.0426933 0.0336297 0.0244194 0.0221508 -0.0151672 -0.0544908 -0.0468242 0.00603114 0.0170027
internal_weight=6015.57 4327.54 1961.15 1688.03 1574.07 2366.38 1548.24 1142.2 1317.07 279.034 94.9835 387.078 184.05 157.609
internal_count=1635363 675618 584697 959745 249043 90921 85464 82583 143077 58387 31896 335654 26491 19145
is_linear=0
shrinkage=0.05


Tree=6
num_leaves=15
num_cat=0
split_feature=3 5 7 5 9 12 5 2 9 7 9 2 4 2
split_gain=3346.63 605.172 461.818 287.336 192.747 145.712 120.274 106.038 94.5104 93.4218 78.9601 51.1906 50.4282 45.7773
threshold=0.87456581697536573 0.015385546607186806 1.0000000180025095e-35 0.011827542960043404 0.89928762060970047 1.0000000180025095e-35 0.0066964945655999669 1.0000000180025095e-35 0.87767777433713146 1.9166666666666667 0.78000796812749018 1.0000000180025095e-35 0.75000000000000011 1.0000000180025095e-35
decision_type=2 2 2 2 2 2 2 2 2 2 2 2 2 2
left_child=3 2 8 -1 6 7 -4 -3 -2 12 -9 -6 -5 -11
right_child=1 5 4 9 11 -7 -8 10 -10 13 -12 -13 -14 -15
leaf_value=-0.068996802022146406 -0.056667675793030531 0.0010922951364351426 -0.025585897127411151 -0.064327872154443994 -0.033230483713014562 -0.08068425548569734 0.012692311189673107 0.0041301775051859266 0.0015516233981789258 -0.048926646484907459 0.047843328204809916 0.039839781959340605 0.043732132129356144 0.017738578513816227
leaf_weight=1397.2387233041882 313.18138845171779 143.7123665214458 280.61528677114984 84.921547398276743 21.332457216922194 19.77585736385663 724.16727865702705 110.0718522088282 88.929631807463011 25.596547717796057 1964.2558326625731 608.9672219180502 8.7433424675255065 160.08884559368016
leaf_count=901358 335168 11161 116804 31781 5031 12947 102061 13276 18168 7346 38334 22668 115 19145
internal_value=-2.34674e-09 0.0234817 0.00374476 -0.0597661 0.0155677 0.0414008 0.00192823 0.0426684 -0.0439312 -0.0131949 0.0455392 0.0371247 -0.0525358 0.00750689
internal_weight=5951.6 4275.01 2037.19 1676.59 1635.08 2237.82 1004.78 2218.04 402.111 279.35 2074.33 630.3 93.6649 185.685
internal_count=1635363 675618 599900 959745 246564 75718 218865 62771 353336 58387 51610 27699 31896 26491
is_linear=0
shrinkage=0.05


Tree=7
num_leaves=15
num_cat=0
split_feature=3 9 5 5 5 2 0 12 7 7 7 5 4 6
split_gain=3075.25 514.13 377.053 261.14 176.34 127.812 104.338 87.9619 81.1934 69.3308 66.3702 65.9653 55.6085 55.0596
threshold=0.87456581697536573 0.8581693353193075 0.010999700754395212 0.011827542960043404 0.015964033585389458 1.0000000180025095e-35 1.0000000180025095e-35 1.0000000180025095e-35 1.9166666666666667 0.22500000000000003 0.29166666666666669 0.021863201802460118 0.75000000000000011 0.47810716140210618
decision_type=2 2 2 2 2 2 2 2 2 2 2 2 2 2
left_child=3 2 10 -1 5 -3 9 -7 -5 -4 -2 -8 13 -6
right_child=1 4 6 8 12 7 11 -9 -10 -11 -12 -13 -14 -15
leaf_value=-0.066891708146708306 -0.057625390064109862 -0.036082534105331708 -0.061805044054260218 -0.050872519519902418 0.044041267990453138 0.027446971813548195 0.010111263493134501 -0.075653118051842605 0.0053669416611926146 0.0024950255139739169 -0.020172117383976795 0.040013012458520895 0.065113858379245035 -0.0022030729636849634
leaf_weight=1365.5117944119556 215.7643984840106 85.365352013628581 50.969080377457431 91.718503016141767 1071.2122838662763 1203.3017912743962 364.9733438224066 16.370148196758237 188.31259482715541 165.6110842571361 273.48721876955824 377.42992689929088 338.46796504262602 67.966529608762357
leaf_count=901358 279596 29356 29314 31896 12574 83166 71473 15240 26491 17832 126339 8780 379 1569
internal_value=-9.7689e-11 0.0225591 -0.00160314 -0.0578953 0.0351146 0.0215924 0.0166077 0.02576 -0.0136224 -0.0136903 -0.0371052 0.025479 0.0469441 0.0412846
internal_weight=5876.46 4230.92 1448.24 1645.54 2782.68 1305.04 958.983 1219.67 280.031 216.58 489.252 742.403 1477.65 1139.18
internal_count=1635363 675618 533334 959745 142284 127762 127399 98406 58387 47146 405935 80253 14522 14143
is_linear=0
shrinkage=0.05


Tree=8
num_leaves=15
num_cat=0
split_feature=3 5 9 5 5 7 9 7 12 0 9 2 4 2
split_gain=2838.15 494.221 301.766 235.652 228.584 172.543 118.74 78.0054 62.364 57.8148 51.98 47.131 44.3745 41.4701
threshold=0.87456581697536573 0.0063152396117512376 0.8792720649114093 0.011827542960043404 0.018168913660791132 0.22500000000000003 0.85769894323471674 1.9166666666666667 1.0000000180025095e-35 1.0000000180025095e-35 0.87995354129024672 1.0000000180025095e-35 0.75000000000000011 1.0000000180025095e-35
decision_type=2 2 2 2 2 2 2 2 2 2 2 2 2 2
left_child=3 6 4 -1 5 -3 -2 12 10 -6 -4 -8 -5 -9
right_child=1 2 8 7 9 -7 11 13 -10 -11 -12 -13 -14 -15
leaf_value=-0.065011435687891028 -0.047386203160380926 -0.052356426224502373 0.061151446587685912 -0.061982821808846338 0.0032443149841424762 0.0051908116350700166 -0.057408083923885148 -0.049669362953802351 -0.061547544906883335 0.035413838792241047 0.038722468226981978 0.0056373790195369654 0.040227886246764148 0.014250232675804256
leaf_weight=1333.3494389117404 249.79557087973808 159.2376292188128 330.47804751328658 82.462773531362473 171.30894913588418 626.0628323933488 28.157795990162413 24.968237359840714 10.256255345637326 777.59853577858303 1566.5609192744305 274.86838213124429 8.6255484954162949 161.65197893386357
leaf_count=901358 266631 147124 4033 31781 14078 110514 17978 7346 11839 24747 25423 53251 115 19145
internal_value=5.00231e-10 0.0216689 0.0283544 -0.0563066 0.0132035 -0.00673562 -0.0222286 -0.0141019 0.0420598 0.0296536 0.0427802 -0.00105771 -0.0507144 0.00462543
internal_weight=5805.38 4194.32 3641.5 1611.06 1734.21 785.3 552.822 277.709 1907.3 948.907 1897.04 303.026 91.0883 186.62
internal_count=1635363 675618 337758 959745 296463 257638 337860 58387 41295 38825 29456 71229 31896 26491
is_linear=0
shrinkage=0.05


Tree=9
num_leaves=15
num_cat=0
split_feature=3 9 5 5 5 7 9 3 5 4 9 6 0 12
split_gain=2637.76 455.391 288.347 211.682 193.273 111.151 103.959 73.1308 66.3501 61.8627 52.704 50.6232 45.7405 37.2042
threshold=0.87456581697536573 0.83887481528811114 0.018168913660791132 0.011827542960043404 0.014423222271656905 0.29166666666666669 0.91875904727683377 0.73950104100628888 0.0045874489348074633 0.75000000000000011 0.81999535510242005 0.23640439220836332 1.0000000180025095e-35 1.0000000180025095e-35
decision_type=2 2 2 2 2 2 2 2 2 2 2 2 2 2
left_child=3 2 5 -1 6 -2 8 -5 -3 13 -7 -9 -4 -6
right_child=1 4 12 7 9 10 -8 11 -10 -11 -12 -13 -14 -15
leaf_value=-0.063389364847830143 -0.057338738178479967 -0.024288852834849411 -0.013414431420454032 -0.04175259351102268 0.037056711803673349 -0.0033975093186045234 0.039118046718975293 0.03140524024301327 0.012785321551021418 0.0598747142308175 -0.052109920852904161 -0.027059021409541514 0.027334983723553242 -0.053504166582525707
leaf_weight=1300.9750367168745 230.2150888715405 136.73262950299249 78.985886720387498 127.32444564341858 1389.8688272794825 290.91366975251003 350.10785367958306 91.670160428227973 816.48650855309097 370.45317003154196 63.867472528247163 55.329330380787724 421.13947033073055 7.2524547525681546
leaf_count=901358 302291 63373 11448 34544 18102 109683 15820 10005 100992 619 26216 13838 19091 7983
internal_value=1.06068e-09 0.0208858 -0.00693417 -0.0549936 0.0307115 -0.0306459 0.016014 -0.0147549 0.0073683 0.0414729 -0.012769 0.00923356 0.0208303 0.0363975
internal_weight=5731.32 4156.02 1085.12 1575.3 3070.9 584.996 1303.33 274.324 953.219 1767.57 354.781 146.999 500.125 1397.12
internal_count=1635363 675618 468729 959745 206889 438190 180185 58387 164365 26704 135899 23843 30539 26085
is_linear=0
shrinkage=0.05


Tree=10
num_leaves=15
num_cat=0
split_feature=3 5 9 5 9 12 4 5 6 7 4 0 2 2
split_gain=2440.71 462.893 278.196 156.621 129.136 126.045 119.419 81.8304 71.2345 47.2062 43.6812 30.2648 30.1811 30.1373
threshold=0.80314631969023931 0.0064103911172417767 0.81860625485625482 0.017709678555132956 0.89736668746966231 1.0000000180025095e-35 0.75000000000000011 0.011827542960043404 0.19919073505544058 1.9166666666666667 0.75000000000000011 2.5000000000000004 1.0000000180025095e-35 1.0000000180025095e-35
decision_type=2 2 2 2 2 2 2 2 2 2 2 2 2 2
left_child=7 4 3 8 13 6 -4 -1 -3 -9 -5 12 -11 -2
right_child=1 2 5 10 -6 -7 -8 9 -10 11 -12 -13 -14 -15
leaf_value=-0.062206004633956126 -0.0621689017676905 -0.011022497266590468 0.028505336383418629 0.0019025464413800154 0.013283941103946251 -0.076182793912376923 0.0577273142128963 -0.05570011891938919 -0.064109350073226712 -0.049228570737487626 0.036359772988054179 -0.053083608197027447 0.019916263863450041 -0.029507345484685796
leaf_weight=1201.3974092030185 98.148048755712807 146.33279459778714 2613.1600865899018 232.44906068262935 171.3302371744503 22.329253297590185 406.76084635569714 74.17694768858928 109.77539363601682 14.44889083853195 147.84115097078029 21.122848379134666 80.269501137139741 304.4381314042912
leaf_count=818359 98357 69071 135485 26787 26058 24787 585 26111 112339 4658 1952 5167 10537 275110
internal_value=-6.53822e-10 0.0188139 0.0253287 -0.00470412 -0.0228028 0.0316086 0.0325302 -0.057362 -0.034569 -0.0259261 0.0155961 -0.00534492 0.00742901 -0.038135
internal_weight=5643.98 4252.57 3678.65 636.398 573.916 3042.25 3019.92 1391.42 256.108 190.018 380.29 115.841 94.7184 402.586
internal_count=1635363 770531 371006 210149 399525 160857 136070 864832 181410 46473 28739 20362 15195 373467
is_linear=0
shrinkage=0.05


Tree=11
num_leaves=15
num_cat=0
split_feature=3 7 4 2 5 9 5 9 7 5 6 12 2 0
split_gain=2248.91 440.027 394.222 204.033 145.603 156.34 83.3705 66.5515 47.0915 30.6727 37.0028 25.7006 24.1716 24.5908
threshold=0.80314631969023931 1.0000000180025095e-35 0.22500000000000003 1.0000000180025095e-35 0.024056223711800797 0.87942088583716915 0.011827542960043404 0.87767777433713146 1.9166666666666667 0.0058595823722166563 0.31080297257084427 1.0000000180025095e-35 1.0000000180025095e-35 2.5000000000000004
decision_type=2 2 2 2 2 2 2 2 2 2 2 2 2 2
left_child=6 2 7 9 5 -5 -1 -2 -8 -3 -11 -4 -10 -14
right_child=1 3 11 4 -6 -7 8 -9 12 10 -12 -13 13 -15
leaf_value=-0.060899553668457666 -0.055023278381676227 -0.057419458401975126 0.041884673010192115 0.0066772191099385208 0.045601711813328782 0.032712619872418289 -0.054291662545541346 -0.010415649900156729 -0.050964046305186597 0.0013702886945065502 -0.045242679068019154 -0.049430873728176547 0.017595724802521629 -0.043459813614593612
leaf_weight=1166.304278188989 350.54398428238346 34.923574127213215 195.50358497034176 989.79051184868149 899.46746811966295 1386.8190757977427 72.876806263142498 112.85156142675987 17.286645897729613 180.14426810215809 50.6408970154298 3.9756973812472998 83.378148494448396 15.355801841506034
leaf_count=818359 421432 26875 5572 199785 7895 49532 26111 23496 6114 26033 8257 1654 10537 3711
internal_value=1.9458e-10 0.0180597 -0.0192197 0.0250542 0.0284717 0.0219064 -0.0558927 -0.044387 -0.0242059 -0.01683 -0.00960044 0.0389005 -0.00384562 0.00646286
internal_weight=5559.86 4204.66 662.875 3541.79 3276.08 2376.61 1355.2 463.396 188.897 265.709 230.785 199.479 116.021 98.734
internal_count=1635363 770531 452154 318377 257212 249317 864832 444928 46473 61165 34290 7226 20362 14248
is_linear=0
shrinkage=0.05


Tree=12
num_leaves=15
num_cat=0
split_feature=3 9 5 5 2 5 2 9 7 4 4 7 4 9
split_gain=2117.38 417.256 289.732 152.278 111.332 80.6435 77 64.5615 52.6201 52.0401 46.5285 43.9673 31.1856 25.4009
threshold=0.80314631969023931 0.8581693353193075 0.010999700754395212 0.015964033585389458 1.0000000180025095e-35 0.011827542960043404 1.0000000180025095e-35 0.84016393442622961 0.29166666666666669 0.0087337909992372242 0.75000000000000011 1.9166666666666667 0.003384104443426478 0.91939599802136851
decision_type=2 2 2 2 2 2 2 2 2 2 2 2 2 2
left_child=5 2 8 4 -3 -1 -4 -8 -2 -6 13 -7 -10 -5
right_child=1 3 6 10 9 11 7 -9 12 -11 -12 -13 -14 -15
leaf_value=-0.059763739016485642 -0.052996427935379592 -0.037153255360276853 -0.029162678548163075 0.029950791851095355 0.025648018451774543 -0.053034293833353723 0.020657139413366592 -0.026441148169025236 -0.0033720349695532943 -0.00023689162853686029 0.057094257615167482 -0.004134212339975395 -0.038261461146698351 0.047326330406605166
leaf_weight=1143.8540627618204 226.70836898231937 86.109025193320122 99.031633533813874 813.87673798490141 940.27968243762734 71.755448075819004 793.16188202696503 75.792533462372376 140.59376096881169 244.25253467626317 323.24635120294988 116.93694448540191 114.30719255754957 315.85678781397291
leaf_count=818359 335880 35018 26062 13288 87389 26111 103253 9859 75161 19548 394 20362 62943 1736
internal_value=-1.00715e-09 0.0175277 -0.00413715 0.0290449 0.0163059 -0.0547529 0.0116319 0.0164213 -0.0356252 0.0203319 0.0400911 -0.0236188 -0.0194529 0.0349959
internal_weight=5505.76 4173.22 1449.6 2723.62 1270.64 1332.55 967.986 868.954 481.609 1184.53 1452.98 188.692 254.901 1129.73
internal_count=1635363 770531 613158 157373 141955 864832 139174 113112 473984 106937 15418 46473 138104 15024
is_linear=0
shrinkage=0.05


Tree=13
num_leaves=15
num_cat=0
split_feature=3 9 5 5 5 6 5 4 3 6 4 6 6 5
split_gain=2013.04 361.22 224.82 195.134 189.863 108.281 104.568 66.6796 55.8942 55.8293 38.747 51.6937 28.1097 30.3993
threshold=0.89746206819181029 0.81860625485625482 0.01515173234639978 0.010999700754395212 0.018168913660791132 1.0000000180025095e-35 0.0050926292600219428 0.75000000000000011 0.70022649801756975 0.28277525990364122 0.75000000000000011 0.2771698309054727 0.19919073505544058 0.011827542960043404
decision_type=2 2 2 2 2 2 2 2 2 2 2 2 2 2
left_child=2 4 -1 5 12 6 -3 9 -4 -5 11 -6 13 -2
right_child=1 3 8 7 10 -7 -8 -9 -10 -11 -12 -13 -14 -15
leaf_value=-0.056669033489702647 -0.038435087911572324 -0.017460826755893544 -0.046593055574409542 0.038122083311508743 0.024243795856225821 -0.035141820121240723 0.022898615058871072 0.052994810507002721 0.01695939276971643 0.020653588030945802 0.031396578522976663 -0.025065224946039463 -0.060483529286849462 0.0039860926427992957
leaf_weight=1307.9299824117552 183.43954740602203 205.38513798761414 40.063751688983757 968.82433122034126 94.775202453020029 126.33540661126608 681.73171562601055 378.5378393465071 144.074692914568 910.36631702759769 144.53282552177552 108.78956246274174 111.87501581005927 53.293609435888357
leaf_count=952012 201132 101946 10484 26541 3939 47061 74399 929 13677 39515 1859 18572 132495 10802
internal_value=8.23979e-11 0.0186197 -0.0494125 0.025576 -0.0139913 0.00730161 0.0135091 0.0337448 0.00226584 0.0297368 0.0120691 -0.0020772 -0.0398162 -0.0290003
internal_weight=5459.95 3967.89 1492.07 3271.18 696.706 1013.45 887.117 2257.73 184.138 1879.19 348.098 203.565 348.608 236.733
internal_count=1635363 659190 976173 290391 368799 223406 176345 66985 24161 66056 24370 22511 344429 211934
is_linear=0
shrinkage=0.05


Tree=14
num_leaves=15
num_cat=0
split_feature=3 9 5 5 12 4 6 5 2 7 5 9 7 9
split_gain=1880 397.034 242.971 167.048 83.6825 77.5779 64.227 91.5448 59.2827 49.0539 42.8878 34.2725 26.0409 23.6639
threshold=0.78923889154975069 0.83953120385695745 0.011952492526889418 0.0072268659595555061 1.0000000180025095e-35 0.75000000000000011 0.17788270776204329 0.026125329939668176 1.0000000180025095e-35 0.29166666666666669 0.011827542960043404 0.89899522726641756 1.9166666666666667 0.81999535510242005
decision_type=2 2 2 2 2 2 2 2 2 2 2 2 2 2
left_child=10 2 9 8 5 -5 -4 -8 -3 -2 -1 -10 -12 -11
right_child=1 3 6 4 -6 -7 7 -9 11 13 12 -13 -14 -15
leaf_value=-0.057771616602184411 -0.055649974326626654 -0.052561494228842688 0.029365540457768919 0.027975387042217692 -0.067746954866363798 0.053807108469736568 -0.015982233036433927 0.029527870215232468 -0.010652368470228022 -0.01180129023754551 -0.050727056785053841 0.017545203370242578 -0.0098158034703629618 -0.051706814468689723
leaf_weight=1073.7397976167304 209.58963108367243 46.097000951991504 243.68965182431566 2166.4241370103882 16.871358760225121 340.55071825324558 346.37140226388874 156.20423472713446 197.52715353202439 170.21420472502359 67.898013891328446 225.85464163027063 89.957539410199388 44.357117547671805
leaf_count=796585 333355 34177 16716 76496 19962 424 88834 2818 79073 96466 24496 19697 18408 27856
internal_value=-7.11025e-10 0.0160601 -0.00860499 0.0257027 0.0307879 0.0315845 0.00858182 -0.00168582 -0.00167075 -0.038591 -0.054141 0.00441895 -0.02843 -0.0210403
internal_weight=5395.35 4163.75 1170.43 2993.33 2523.85 2506.97 746.265 502.576 469.479 424.161 1231.6 423.382 157.856 214.571
internal_count=1635363 795874 566045 229829 96882 76920 108368 91652 132947 457677 839489 98770 42904 124322
is_linear=0
shrinkage=0.05


Tree=15
num_leaves=15
num_cat=0
split_feature=3 7 4 5 9 5 9 12 5 9 2 9 5 9
split_gain=1759.85 363.026 320.785 160.309 165.208 84.2284 53.7662 43.0407 39.2593 28.0944 23.8475 22.5256 22.238 21.2529
threshold=0.78923889154975069 1.0000000180025095e-35 0.22500000000000003 0.022769127812415291 0.91939599802136851 0.0045874489348074633 0.87767777433713146 1.0000000180025095e-35 0.011827542960043404 0.91993331014631552 1.0000000180025095e-35 0.87898894063979471 0.022769127812415291 0.87995354129024672
decision_type=2 2 2 2 2 2 2 2 2 2 2 2 2 2
left_child=8 2 6 4 5 -3 -2 11 -1 -6 -10 -5 -4 -8
right_child=1 3 12 7 9 -7 13 -9 10 -11 -12 -13 -14 -15
leaf_value=-0.056900953152939172 -0.051782189513072133 -0.030202958639375582 0.038314445290920901 0.030750018879585936 0.055361883722175743 0.010546426389779704 0.028066913086362246 -0.057473644723680578 -0.056379447379637362 0.030218758531003344 -0.014242747127067572 0.046349592992898897 -0.030587939350121024 -0.022156843623499525
leaf_weight=1038.5385822579119 339.17978667122952 131.88486234928132 183.17311973884352 498.04832567428821 175.3113181804074 1750.8478670497716 22.776969020676916 7.4643754774006075 47.416124639217742 379.73091311873577 107.84991951963457 544.59421078127343 8.8817277281195839 86.142749860133335
leaf_count=796585 439998 82265 5480 7265 2399 214202 3709 4078 19321 12525 23583 1346 1773 20834
internal_value=5.7988e-10 0.0154707 -0.0190297 0.0218209 0.0147341 0.00761951 -0.0420707 0.0381249 -0.0533372 0.0385836 -0.0284682 0.0390803 0.0344327 -0.0108833
internal_weight=5321.84 4128.04 640.154 3487.88 2437.77 1882.73 448.1 1050.11 1193.8 555.042 155.266 1042.64 192.055 108.92
internal_count=1635363 795874 471794 324080 311391 296467 464541 12689 839489 14924 42904 8611 7253 24543
is_linear=0
shrinkage=0.05


Tree=16
num_leaves=15
num_cat=0
split_feature=3 9 5 5 7 2 9 12 12 3 7 4 0 9
split_gain=1678.53 366.971 234.397 126.792 104.106 96.4549 63.8374 55.0845 50.7674 40.3692 60.5994 35.3811 35.1799 32.7485
threshold=0.79326573752332818 0.85913106034547859 0.018168913660791132 0.017332330013665166 0.29166666666666669 1.0000000180025095e-35 0.84016393442622961 1.0000000180025095e-35 1.0000000180025095e-35 0.67408870903266604 1.9166666666666667 0.75000000000000011 1.5000000000000002 0.86012345679012359
decision_type=2 2 2 2 2 2 2 2 2 2 2 2 2 2
left_child=9 2 4 5 -2 13 -6 -7 12 -1 -11 -5 -4 -3
right_child=1 3 8 11 6 7 -8 -9 -10 10 -12 -13 -14 -15
leaf_value=-0.05663950129065215 -0.046850819787143172 0.025006128437938032 0.01097563178027129 0.033006500444670815 -0.0019671240748170321 0.020612215991887915 -0.050156074540028128 -0.067239510811664654 -0.071543937995822787 -0.052010580123213947 0.0054173985321908664 0.053662249974783388 0.035805283239172883 -0.046137496292917163
leaf_weight=987.75435410205682 284.86900678736129 16.858998354437063 446.97049443493597 948.19139770761831 447.88468209570419 1267.0950720104447 76.282291782736138 13.347752851157564 10.995229734049643 114.03829315460462 73.387643176327401 288.12458797049476 209.79270419917884 74.932287787385576
leaf_count=681701 410659 2364 25786 11655 160637 90442 29694 16551 6365 114357 46674 370 5325 32783
internal_value=3.45229e-10 0.0151566 -0.00475185 0.026415 -0.0227856 0.015862 -0.00938774 0.0194384 0.0171042 -0.0525307 -0.0299679 0.0380171 0.0191177 -0.032454
internal_weight=5260.52 4085.34 1476.79 2608.55 809.036 1372.23 524.167 1280.44 667.758 1175.18 187.426 1236.32 656.763 91.7913
internal_count=1635363 792631 638466 154165 600990 142140 190331 106993 37476 842732 161031 12025 31111 35147
is_linear=0
shrinkage=0.05


Tree=17
num_leaves=15
num_cat=0
split_feature=3 9 5 5 2 7 9 4 9 6 4 3 7 9
split_gain=1588.38 349.857 196.147 147.199 83.2436 65.9197 57.9836 52.9512 47.0975 39.1559 53.9598 39.0487 53.4347 38.6573
threshold=0.79326573752332818 0.83887481528811114 0.017709678555132956 0.014423222271656905 1.0000000180025095e-35 0.29166666666666669 0.89928762060970047 0.75000000000000011 0.89899522726641756 0.2169372557408672 0.75000000000000011 0.67408870903266604 1.9166666666666667 0.81974042785608325
decision_type=2 2 2 2 2 2 2 2 2 2 2 2 2 2
left_child=11 2 5 4 -3 -2 -6 8 -5 -4 -11 -1 -13 -7
right_child=1 3 9 7 6 13 -8 -9 -10 10 -12 12 -14 -15
leaf_value=-0.055940779860382907 -0.04942923027603769 -0.030243307092859828 0.034064762129875206 0.019341159066997363 0.0035110527213641479 -0.027124513531928737 0.025884447787889543 0.05150076359461167 0.038208382307656379 -0.01179980249952676 0.02700337423728796 -0.051048206541195212 0.0031529239992531179 0.007224671096654864
leaf_weight=962.41470971530362 233.43467349206185 108.55221454704588 151.14438484112907 687.35878520383267 583.142637636367 225.97762267904181 573.84833501197863 327.02724934834987 672.22847886892851 215.43597433899413 146.09309707838111 108.52184231318824 74.935534447744431 124.19438426478882
leaf_count=681701 370812 50229 3055 22524 126210 118739 30007 639 6196 30688 2150 114357 46674 31382
internal_value=2.56368e-10 0.0147186 -0.00937043 0.0236648 0.0107151 -0.0290812 0.0146715 0.0333211 0.0287756 0.0131317 0.00403494 -0.0518398 -0.0294128 -0.0150118
internal_weight=5194.31 4048.44 1096.28 2952.16 1265.54 583.607 1156.99 1686.61 1359.59 512.673 361.529 1145.87 183.457 350.172
internal_count=1635363 792631 556826 235805 206446 520933 156217 29359 28720 35893 32838 842732 161031 150121
is_linear=0
shrinkage=0.05


Tree=18
num_leaves=15
num_cat=0
split_feature=3 9 5 5 7 9 5 3 9 9 0 2 6 10
split_gain=1504.76 266.73 204.208 200.463 117.323 108.819 76.0345 41.518 41.419 124.393 34.8818 49.8904 32.0217 29.6307
threshold=0.91588745326552878 0.8792720649114093 0.01515173234639978 0.021017203690868156 0.22500000000000003 0.86012345679012359 0.0088058521698509435 0.70022649801756975 0.87995354129024672 0.89736668746966231 1.5000000000000002 1.0000000180025095e-35 0.34034849995833633 1.0000000180025095e-35
decision_type=2 2 2 2 2 2 2 2 2 2 2 2 2 2
left_child=2 3 -1 4 -2 -6 12 -4 -8 -10 11 -5 -3 -9
right_child=1 6 7 10 5 -7 8 13 9 -11 -12 -13 -14 -15
leaf_value=-0.053196230306790465 -0.037952398873926957 0.01344808926641136 -0.043298338923011784 -0.053471321289951447 0.0066976614821946667 -0.041025052743585762 0.052665221806917739 0.019024650715974003 -0.014318387454778562 0.036067220644823865 0.041372154806067957 0.02011620863822168 -0.061661787129663637 -0.05001147107339337
leaf_weight=1151.9983789127291 279.898572026279 452.54300046022399 36.65319863660261 19.605778201948851 736.34831784045673 137.40023691172246 265.93581501324661 151.25273787407787 135.29702397393703 1086.2941157845198 205.99556443898473 425.72348056858755 9.76203924580477 12.45450925992918
leaf_count=958378 344783 49018 10484 2238 182127 28474 2690 11808 7626 14805 2937 13924 3584 2487
internal_value=-1.60402e-11 0.0162912 -0.0451257 0.00242484 -0.0100887 -0.000997643 0.0290884 0.00144241 0.0345856 0.0304512 0.0244973 0.0163188 0.0112193 0.012446
internal_weight=5107.16 3754.8 1352.36 1804.97 1153.65 873.749 1949.83 200.36 1487.53 1221.59 651.325 445.329 462.305 163.707
internal_count=1635363 652206 983157 574483 555384 210601 77723 24779 25121 22431 19099 16162 52602 14295
is_linear=0
shrinkage=0.05


Tree=19
num_leaves=15
num_cat=0
split_feature=3 9 5 5 2 12 4 6 3 7 2 7 2 9
split_gain=1436.15 335.951 177.766 151.589 76.7592 65.4745 57.7044 89.4005 34.3898 44.0248 33.6997 28.1512 26.3215 21.9115
threshold=0.78923889154975069 0.83931416644618884 0.011827542960043404 0.006845092259310224 1.0000000180025095e-35 1.0000000180025095e-35 0.75000000000000011 0.28277525990364122 0.67408870903266604 1.9166666666666667 1.0000000180025095e-35 0.29166666666666669 1.0000000180025095e-35 0.89899522726641756
decision_type=2 2 2 2 2 2 2 2 2 2 2 2 2 2
left_child=8 2 11 10 -5 -6 7 -4 -1 -10 -3 -2 -11 -12
right_child=1 3 6 4 5 -7 -8 -9 9 12 13 -13 -14 -15
leaf_value=-0.054778394975984357 -0.051057983775395492 -0.046736663458365107 0.01300145312744147 -0.0060659806302627408 0.030529603827229624 -0.062776064443934729 0.029730869920480026 -0.028371092097857528 -0.04947071155119781 -0.044130540976587918 -0.013864403993832342 -0.023188086831731888 0.019163190556517926 0.010573372861133861
leaf_weight=914.09132588228385 178.3683381985029 39.35051648922672 336.87784212613042 157.65670807493734 2302.3311400188977 14.474014593142781 176.24931521108374 206.32098127171048 100.15986433970102 17.891525094259123 163.10894397000084 210.44203525424382 53.183925432611431 196.88473792755394
leaf_count=681701 331314 32885 36554 21438 64944 18498 2486 71340 111507 18981 75936 122093 27300 18386
internal_value=-6.20293e-10 0.0139059 -0.00944965 0.0229136 0.0275192 0.0298128 0.0052981 -0.00282835 -0.0508507 -0.0289247 -0.00561136 -0.0364594 0.00137724 -0.000537345
internal_weight=5067.39 3982.06 1108.26 2873.81 2474.46 2316.81 719.448 543.199 1085.33 171.235 399.344 388.81 71.0755 359.994
internal_count=1635363 795874 563787 232087 104880 83442 110380 107894 839489 157788 127207 453407 46281 94322
is_linear=0
shrinkage=0.05


Tree=20
num_leaves=15
num_cat=0
split_feature=3 9 5 5 7 2 9 4 4 5 5 3 7 1
split_gain=1357.52 309.213 183.382 115.898 60.0128 57.6357 53.7117 43.8 38.0488 45.8029 35.5512 33.2601 39.9471 30.4382
threshold=0.78923889154975069 0.8581693353193075 0.010999700754395212 0.014204896712430783 1.0000000180025095e-35 1.0000000180025095e-35 0.84016393442622961 0.75000000000000011 0.003384104443426478 0.0050005741846577871 0.0050926292600219428 0.67408870903266604 1.9166666666666667 0.49358974358974367
decision_type=2 2 2 2 2 2 2 2 2 2 2 2 2 2
left_child=11 2 8 4 -3 -4 -7 13 9 -2 -6 -1 -13 -5
right_child=1 3 5 7 10 6 -8 -9 -10 -11 -12 12 -14 -15
leaf_value=-0.05424083472690916 -0.039321231020843658 -0.021324016232294039 -0.029001878049604753 0.029205257579854274 -0.010564574645542953 0.014996176156710797 -0.02908187728138072 0.051127404135703797 -0.042939272488316374 0.013255168792926004 0.018939721094170119 -0.048723257772402315 4.2022034416654488e-05 -0.0548596678497138
leaf_weight=884.79751543915336 73.7267227529519 121.13962020824692 95.282509674892935 1202.816881043691 112.79240303264669 770.94887011868559 71.252757531983661 271.19123417331139 281.98243081623514 83.528441877322621 845.293446829397 96.444927513715811 71.646971777969156 6.4490229743532828
leaf_count=681701 91259 44104 26681 21128 37181 105352 10102 398 361700 39283 58463 111507 46281 223
internal_value=2.35262e-10 0.0134985 -0.00559785 0.0237603 0.0112247 0.00690761 0.0111174 0.0328299 -0.0320661 -0.0118466 0.0154295 -0.0502915 -0.0285369 0.0285329
internal_weight=4989.29 3936.4 1376.72 2559.68 1079.23 937.484 842.202 1480.46 439.238 157.255 958.086 1052.89 168.092 1209.27
internal_count=1635363 795874 634377 161497 139748 142135 115454 21749 492242 130542 95644 839489 157788 21351
is_linear=0
shrinkage=0.05


Tree=21
num_leaves=15
num_cat=0
split_feature=3 9 5 5 2 7 6 4 9 12 12 4 4 5
split_gain=1282.3 313.077 167.419 131.544 77.5556 62.6226 48.7333 47.1382 39.5869 37.5474 37.5037 30.4738 18.6213 14.2313
threshold=0.75645688993864779 0.83887481528811114 0.018168913660791132 0.014423222271656905 1.0000000180025095e-35 0.29166666666666669 0.35231308048076421 0.75000000000000011 0.81999535510242005 1.0000000180025095e-35 1.0000000180025095e-35 0.75000000000000011 0.11805555555555557 0.0087209631355207231
decision_type=2 2 2 2 2 2 2 2 2 2 2 2 2 2
left_child=13 2 5 4 -3 12 -6 10 -7 11 -5 -4 -2 -1
right_child=1 3 9 7 6 8 -8 -9 -10 -11 -12 -13 -14 -15
leaf_value=-0.054828665451072393 -0.051629472833420759 -0.030511620832486992 0.0044316092653122361 0.0271636283425103 0.015860186847664891 -0.0067225329524486224 -0.022216974910435928 0.048645018267430777 -0.049714947190640103 -0.068438735486720872 -0.055821728664191855 0.030834253974859546 0.002519531119008973 -0.037433633130466014
leaf_weight=768.31760466441483 217.80636445887649 108.61587192757725 317.47499799041543 1321.4900250201608 1047.0478327721648 300.49176483626798 86.995342959344271 298.19050907238852 60.753255494360928 9.4505310425593034 9.2699963888298935 163.34766993735684 16.606999586016173 198.53628191987809
leaf_count=694608 392346 57146 27198 20885 145018 128959 18947 650 30898 4950 9073 1379 6010 97296
internal_value=1.41752e-11 0.012623 -0.010212 0.021261 0.00895694 -0.0279219 0.0128545 0.0305911 -0.0145329 0.0113694 0.0263788 0.0136263 -0.0478208 -0.0514677
internal_weight=4924.4 3957.54 1085.93 2871.61 1242.66 595.658 1134.04 1628.95 361.245 490.273 1330.76 480.823 234.413 966.854
internal_count=1635363 843459 591740 251719 221111 558213 163965 30608 159857 33527 29958 28577 398356 791904
is_linear=0
shrinkage=0.05


Tree=22
num_leaves=15
num_cat=0
split_feature=3 9 5 5 2 12 2 4 4 6 5 9 5 3
split_gain=1208.51 290.662 156.138 147.282 91.9117 76.6139 32.409 29.9956 35.0861 20.9964 27.0984 17.1566 13.6893 12.9381
threshold=0.75378344067857772 0.81904873938173728 0.0061984132495973608 0.017709678555132956 1.0000000180025095e-35 1.0000000180025095e-35 1.0000000180025095e-35 0.75000000000000011 0.025978407557354928 0.17313665387451072 0.011827542960043404 0.89899522726641756 0.017709678555132956 0.67408870903266604
decision_type=2 2 2 2 2 2 2 2 2 2 2 2 2 2
left_child=13 3 6 9 12 -6 -3 8 -5 10 -2 -8 -4 -1
right_child=1 2 4 7 5 -7 11 -9 -10 -11 -12 -13 -14 -15
leaf_value=-0.053390877252676883 -0.037008726579108281 -0.049535666320819162 -0.020753176943862351 0.032721214446388668 0.025999541190023595 -0.066006030033417276 -0.017227738446553065 0.025895135866086522 -0.013690698929308409 -0.053218467341312164 -0.0014552685940376442 0.0065064825603888049 0.0053001847775073774 -0.031496233324996549
leaf_weight=825.3707980079198 196.75902505253907 46.322685473103775 114.31848500139313 47.256152240472147 2593.6878541256592 18.207381027532392 160.37894698944001 133.68653089954751 180.05600911474903 127.53515539106593 73.55410133494297 137.32358989406202 84.417801743024029 101.80998344509135
leaf_count=681701 260570 49240 35187 4228 117446 23481 113833 1965 23908 182846 13694 17217 3367 106680
internal_value=6.81658e-10 0.0121726 0.0188518 -0.0155356 0.0227411 0.0252333 -0.0127939 0.0075619 -0.00354549 -0.0363275 -0.0275365 -0.00635303 -0.00982793 -0.0511685
internal_weight=4840.68 3913.5 3154.66 758.847 2810.63 2611.9 344.025 360.999 227.312 397.848 270.313 297.703 198.736 927.181
internal_count=1635363 846982 359771 487211 179481 140927 180290 30101 28136 457110 274264 131050 38554 788381
is_linear=0
shrinkage=0.05


Tree=23
num_leaves=15
num_cat=0
split_feature=3 7 4 9 9 9 12 2 9 9 9 0 9 3
split_gain=1143.65 275.267 212.66 134.99 126.649 158.151 55.9795 49.331 48.9902 30.6525 17.9925 26.9795 16.8961 12.5932
threshold=0.75378344067857772 1.0000000180025095e-35 0.22500000000000003 0.8792720649114093 0.86012345679012359 0.85944763953299164 1.0000000180025095e-35 1.0000000180025095e-35 0.87719544043997932 0.87767777433713146 0.84966629588431597 1.5000000000000002 0.87995354129024672 0.67408870903266604
decision_type=2 2 2 2 2 2 2 2 2 2 2 2 2 2
left_child=13 2 9 4 5 -3 7 -5 -6 -2 11 -4 -11 -1
right_child=1 3 10 6 8 -7 -8 -9 -10 12 -12 -13 -14 -15
leaf_value=-0.052961464754558318 -0.046962790296539887 0.0036398855072856395 -0.016748606406501321 -0.011774689497055544 -0.048239602891746197 0.048229941153960038 -0.061998218764632074 0.029206567416804559 0.0012587250827528849 0.019479934929108211 0.043367544392712981 0.035009335896815229 -0.025274084899763433 -0.031082530177763509
leaf_weight=797.21709270944848 305.78517058462603 1044.874073750776 43.939334205788327 74.173204654543952 127.18365998755326 240.88366305643285 13.107029877108287 1706.8101360168075 79.9890001793392 23.486252421571407 79.710127665559412 47.711949989956338 85.015036038319522 99.543356939371733
leaf_count=681701 470183 227555 5625 16275 25663 5982 15112 42560 9700 4080 553 1133 22561 106680
internal_value=-9.03908e-10 0.0117947 -0.0196666 0.0174216 0.00628258 0.0121482 0.0266475 0.0274716 -0.0295491 -0.0389125 0.0266465 0.0106128 -0.0151552 -0.0507186
internal_weight=4769.43 3872.67 585.648 3287.02 1492.93 1285.76 1794.09 1780.98 207.173 414.286 171.361 91.6513 108.501 896.76
internal_count=1635363 846982 504135 342847 268900 233537 73947 58835 35363 496824 7311 6758 26641 788381
is_linear=0
shrinkage=0.05


Tree=24
num_leaves=15
num_cat=0
split_feature=3 9 5 5 7 9 9 9 12 4 5 4 8 5
split_gain=1097.05 266.474 162.138 97.5445 72.6164 65.267 105.859 44.3821 32.3214 28.8056 25.3771 24.6518 19.726 12.5514
threshold=0.75378344067857772 0.85913106034547859 0.018168913660791132 0.020310565502873201 0.29166666666666669 0.91875904727683377 0.90202221972842567 0.84016393442622961 1.0000000180025095e-35 0.75000000000000011 0.0054639426011294043 0.75000000000000011 0.78644803883023617 0.0087209631355207231
decision_type=2 2 2 2 2 2 2 2 2 2 2 2 2 2
left_child=13 2 4 5 -2 6 -3 -6 9 -4 -7 12 -5 -1
right_child=1 3 8 11 7 10 -8 -9 -10 -11 -12 -13 -14 -15
leaf_value=-0.053699757007412779 -0.042555699412446579 0.012884876957972805 0.0070409408461308805 0.030353146715672026 -0.0039672152138085582 -0.0061432186160051043 -0.034143440522826245 -0.044840190450942702 -0.06189282064046249 0.030177387162298116 0.032124416332514442 0.049475457695988712 -0.046381991940605022 -0.036416689225118981
leaf_weight=694.36376408918295 257.6638159087961 953.85801330939285 416.4291018510412 624.69307923025917 444.24987979249272 46.0910666791533 131.86750059392944 73.35823097069806 9.2555564632348233 196.93806848727399 466.99626307920698 225.96765775186941 4.2406318229041053 181.49993323864328
leaf_count=691785 441434 117653 30468 6259 170036 8849 19777 31509 6496 1509 12569 332 91 96596
internal_value=-5.2538e-10 0.0114991 -0.00591264 0.0214105 -0.0211128 0.014048 0.00704269 -0.0101335 0.0130316 0.0146535 0.0286607 0.0350177 0.029474 -0.0503453
internal_weight=4727.47 3851.61 1397.89 2453.71 775.272 1598.81 1085.73 517.608 622.623 613.367 513.087 854.901 628.934 875.864
internal_count=1635363 846982 681452 165530 642979 158848 137430 201545 38473 31977 21418 6682 6350 788381
is_linear=0
shrinkage=0.05


Tree=25
num_leaves=15
num_cat=0
split_feature=3 9 5 5 5 5 6 9 6 4 9 0 6 7
split_gain=1044.2 211.094 154.302 115.802 113.959 52.7643 55.6824 46.8046 29.5365 39.7621 27.0872 23.0565 29.8129 19.9539
threshold=0.91588745326552878 0.81974042785608325 0.01515173234639978 0.018574991593326245 0.0084240787583613856 0.026125329939668176 0.17788270776204329 0.89899522726641756 0.23640439220836332 0.75000000000000011 0.81999535510242005 1.0000000180025095e-35 0.28277525990364122 1.9166666666666667
decision_type=2 2 2 2 2 2 2 2 2 2 2 2 2 2
left_child=2 3 13 -2 7 6 -6 10 -4 -10 -3 12 -5 -1
right_child=1 4 8 11 5 -7 -8 -9 9 -11 -12 -13 -14 -15
leaf_value=-0.0543971378805648 -0.033392634500985167 0.038487610769374667 0.016943818930343125 0.02479676110942149 0.030811797701961366 0.039982103100475876 0.013073577733164055 0.014321790066610907 -0.040138242076770352 0.036393126145676712 -0.016801374256702483 0.015096771624253916 -0.045843515419505126 -0.036183159300821187
leaf_weight=696.11373747626931 322.40733668627945 19.184119535551872 105.77980412141187 20.2201491521555 763.9565124722867 435.58047059731325 1074.5993027586082 297.03158904612064 63.696367893069691 18.234629761136603 303.07442631543381 261.36396935227094 33.828891352604842 251.00557241300703
leaf_count=702264 353249 1524 8757 780 32829 2521 61848 26069 15877 145 151610 13825 7951 256114
internal_value=-2.48374e-10 0.0134143 -0.0416171 -0.0125485 0.0191493 0.0243173 0.0205077 0.000128703 -0.000180258 -0.0219918 -0.0129723 0.00894646 -0.0195545 -0.0497854
internal_weight=4666.08 3531.25 1134.83 637.82 2893.43 2274.14 1838.56 619.29 187.711 81.931 322.259 315.413 54.049 947.119
internal_count=1635363 652206 983157 375805 276401 97198 94677 179203 24779 16022 153134 22556 8731 958378
is_linear=0
shrinkage=0.05


Tree=26
num_leaves=15
num_cat=0
split_feature=3 2 9 5 7 9 9 5 4 4 5 0 9 3
split_gain=981.67 247.225 156.516 124.694 71.3413 55.5917 168.983 39.2407 21.2131 17.0602 27.2873 14.6307 13.8055 13.4469
threshold=0.75378344067857772 1.0000000180025095e-35 0.87942088583716915 0.021017203690868156 0.22500000000000003 0.87995354129024672 0.89899522726641756 0.017709678555132956 0.75000000000000011 0.0035149493451939713 0.0070093647603042568 1.0000000180025095e-35 0.87959519290939814 0.67408870903266604
decision_type=2 2 2 2 2 2 2 2 2 2 2 2 2 2
left_child=13 7 3 4 -3 12 -7 9 -5 10 -2 -9 -4 -1
right_child=1 2 5 8 -6 6 -8 11 -10 -11 -12 -13 -14 -15
leaf_value=-0.051874847706814324 -0.044243669149870976 -0.030407554099429041 0.014990265316994121 0.014525967584912383 0.00050798300048948654 -0.017305217390077243 0.028448781347512678 -0.041753885841259004 0.034576533936401886 -0.048520423404441182 0.0092936487220387533 0.0040486509684447411 0.050304284566186776 -0.028676782607033487
leaf_weight=726.76384909186163 45.950512043891649 239.5485612798584 37.247627804375952 375.2865374435205 786.92130224427092 235.94851565793215 1279.1065559800481 15.945476009888806 211.28551276278449 162.44667572282196 41.950540070596617 100.16056618702714 236.50106354511809 91.266703059300198
leaf_count=681701 47857 343631 1461 16760 204998 27701 38250 2717 1631 142148 11164 5519 3145 106680
internal_value=6.58451e-11 0.0107918 0.0150027 0.00368877 -0.00681924 0.0251663 0.0212898 -0.0279746 0.0219795 -0.038937 -0.0195681 -0.00370581 0.0458544 -0.0494766
internal_weight=4586.33 3768.3 3401.85 1613.04 1026.47 1788.8 1515.06 366.454 586.572 250.348 87.9011 116.106 273.749 818.031
internal_count=1635363 846982 637577 567020 548629 70557 65951 209405 18391 201169 59021 8236 4606 788381
is_linear=0
shrinkage=0.05


Tree=27
num_leaves=15
num_cat=0
split_feature=3 9 5 5 4 7 5 6 2 8 7 7 9 3
split_gain=934.786 244.745 117.724 105.56 64.2921 72.2024 42.1024 50.554 22.5372 21.0378 20.4635 16.0531 15.9483 13.3094
threshold=0.75378344067857772 0.83953120385695745 0.011827542960043404 0.0064103911172417767 0.75000000000000011 0.22500000000000003 0.024056223711800797 0.19403762627126578 1.0000000180025095e-35 0.24984784243952005 0.29166666666666669 0.55000000000000016 0.82024390243902456 0.67408870903266604
decision_type=2 2 2 2 2 2 2 2 2 2 2 2 2 2
left_child=13 2 10 8 5 -5 7 -4 -3 -10 -2 -12 -8 -1
right_child=1 3 6 4 -6 -7 12 -9 9 -11 11 -13 -14 -15
leaf_value=-0.05157661511657529 -0.047004638342155486 -0.044865277691136601 0.012707450783245207 -0.017379027847898115 0.045983130190097476 0.021331608545117904 0.025449563110609891 -0.020060282673535518 -0.011340877143811769 0.020502906926458897 0.0026302175662799975 -0.029782365479544395 -0.013074735345688624 -0.028359362003924832
leaf_weight=703.13714715117385 154.26202840182668 33.363390201033326 198.73337548669952 124.41753916811285 246.21820259344531 2026.2195795297012 185.08128318504896 274.79681874217204 214.8131013232487 63.010212750654318 49.645850569650065 150.29856022166496 28.121913360664621 90.274846749671269
leaf_count=681701 356133 34910 20424 33239 684 84860 5257 88775 74772 17021 16886 112963 1058 106680
internal_value=-6.80484e-11 0.010449 -0.0101219 0.0183603 0.021913 0.019057 0.00199579 -0.00631908 -0.00891768 -0.00388393 -0.0333164 -0.0218666 0.020185 -0.0491291
internal_weight=4542.39 3748.98 1040.94 2708.04 2396.86 2150.64 686.733 473.53 311.187 277.823 354.206 199.944 213.203 793.412
internal_count=1635363 846982 601496 245486 118783 118099 115514 109199 126703 91793 485982 129849 6315 788381
is_linear=0
shrinkage=0.05


Tree=28
num_leaves=15
num_cat=0
split_feature=3 2 9 12 5 4 9 5 7 0 7 9 9 5
split_gain=884.382 228.937 147.581 94.3234 87.4204 81.2758 35.8264 35.5422 16.9818 16.1508 16.1163 13.1439 11.9638 11.6165
threshold=0.73950104100628888 1.0000000180025095e-35 0.81860625485625482 1.0000000180025095e-35 0.014204896712430783 0.41666666666666669 0.80090909090909101 0.017709678555132956 0.29166666666666669 1.0000000180025095e-35 0.55000000000000016 0.85850280665377754 0.72183730715287531 0.021863201802460118
decision_type=2 2 2 2 2 2 2 2 2 2 2 2 2 2
left_child=13 7 5 4 -4 6 -3 8 -2 -7 -10 12 -9 -1
right_child=1 2 3 -5 -6 9 -8 11 10 -11 -12 -13 -14 -15
leaf_value=-0.050057943828992958 -0.054968410930710247 -0.011859307573956878 0.0093931608464566906 -0.071525798635058618 0.027372543472586663 -0.02290932662767477 -0.046696707646513458 0.018324336338974519 0.0038414995390613489 0.029325522382612858 -0.034638934870397944 0.0099682300981903949 -0.035008004444321623 0.0065363271090352606
leaf_weight=740.59054102183654 93.267317161204119 343.36716856932617 1192.2375060558043 23.861073852254776 1580.0733701470454 12.981726024154339 91.173256113950629 10.433094363921553 33.540145345657947 125.27568064260413 120.64370665643946 66.260956628830172 37.998752157436684 8.0782818058069079
leaf_count=769602 141642 252718 222397 28835 28206 1159 111111 418 12050 2362 55491 1862 6053 1457
internal_value=-3.34125e-10 0.00996684 0.0140354 0.0187668 0.0196713 -0.00902377 -0.0196168 -0.0275583 -0.0380498 0.0237925 -0.0264104 -0.0042789 -0.0228796 -0.049408
internal_weight=4479.78 3731.11 3368.97 2796.17 2772.31 572.798 434.54 362.144 247.451 138.257 154.184 114.693 48.4318 748.669
internal_count=1635363 864304 646788 279438 250603 367350 363829 217516 209183 3521 67541 8333 6471 771059
is_linear=0
shrinkage=0.05


Tree=29
num_leaves=15
num_cat=0
split_feature=3 9 5 5 4 12 6 5 4 5 4 2 9 5
split_gain=839.798 213.77 122.411 79.9876 58.6255 50.9946 44.8848 66.4103 36.9861 40.4452 23.1603 10.8787 11.2979 10.6454
threshold=0.73950104100628888 0.85944763953299164 0.010999700754395212 0.0055371152951722092 0.75000000000000011 1.0000000180025095e-35 0.17788270776204329 0.018168913660791132 0.0033389074693422525 0.0045874489348074633 0.013245614035087722 1.0000000180025095e-35 0.86012345679012359 0.021863201802460118
decision_type=2 2 2 2 2 2 2 2 2 2 2 2 2 2
left_child=13 2 8 11 5 -5 10 -8 9 -2 -4 -3 -13 -1
right_child=1 3 6 4 -6 -7 7 -9 -10 -11 -12 12 -14 -15
leaf_value=-0.049734333783643218 -0.037714671421581428 -0.0444286079270685 0.041611232047009734 0.01952056358727039 0.047161703365240344 -0.060527487974909693 -0.033024731629526467 0.0054162177811212416 -0.03942977470315278 0.011550850535443628 0.010878432630714635 0.035131919806598702 -0.011588136937730458 0.0051716226450266162
leaf_weight=714.84833857148988 65.943363912825589 19.068256719103374 79.874968321717461 1948.4280114152643 198.33265693078283 15.379657170793505 143.59580859359994 456.55389213566377 265.76989372881508 96.870227551742573 242.30244661582401 9.264668752672149 152.51231356069184 8.0297040266887034
leaf_count=769602 92535 21191 7046 75249 427 20329 85380 36004 400464 52185 23580 1439 48475 1457
internal_value=1.32095e-10 0.00966066 -0.00616616 0.0187797 0.0214513 0.0187415 0.00411349 -0.00397829 -0.0280807 -0.00893204 0.0190173 -0.0128787 -0.00793952 -0.0490931
internal_weight=4416.77 3693.9 1350.91 2342.99 2162.14 1963.81 922.327 600.15 428.583 162.814 322.177 180.845 161.777 722.878
internal_count=1635363 864304 697194 167110 96005 95578 152010 121384 545184 144720 30626 71105 49914 771059
is_linear=0
shrinkage=0.05


Tree=30
num_leaves=15
num_cat=0
split_feature=3 2 9 5 9 9 9 5 12 7 7 9 0 5
split_gain=795.583 206.149 141.494 100.299 65.392 43.494 135.197 31.9109 24.6564 16.3194 14.664 12.2648 12.0685 10.2692
threshold=0.73950104100628888 1.0000000180025095e-35 0.87942088583716915 0.021017203690868156 0.86012345679012359 0.87995354129024672 0.89899522726641756 0.017709678555132956 1.0000000180025095e-35 0.29166666666666669 0.55000000000000016 0.87959519290939814 1.0000000180025095e-35 0.021863201802460118
decision_type=2 2 2 2 2 2 2 2 2 2 2 2 2 2
left_child=13 7 3 4 -3 11 -7 9 -5 -2 -11 -4 -9 -1
right_child=1 2 5 8 -6 6 -8 12 -10 10 -12 -13 -14 -15
leaf_value=-0.049406454156053353 -0.054179549833893198 -0.0015230288873971619 0.012122720739180477 0.020662185293500217 -0.036291871791618011 -0.016306338800282424 0.025917028689520151 -0.039637508069852334 -0.052675843646322607 0.0034085482325908363 -0.033566994452467996 0.045496888882423044 0.0025738467969852064 0.0049261226222065508
leaf_weight=689.14862358898972 87.65094753538142 859.62086154943245 36.046729046589462 551.68432159622898 155.59032464967459 220.12021862572874 1240.0471363922989 15.363991783611707 7.0587665142083997 33.187988725534524 117.91659757554589 236.19741640539723 97.5515860987216 7.9313411534094476
leaf_count=769602 141642 512258 1465 13630 44756 28103 38580 2755 4846 12050 55491 3150 5578 1457
internal_value=9.06576e-11 0.00934518 0.0132243 0.00235735 -0.00700342 0.0230621 0.0195179 -0.0268 0.0192767 -0.0369861 -0.0255968 0.0413763 -0.0046069 -0.0487576
internal_weight=4355.12 3658.04 3306.37 1573.95 1015.21 1732.41 1460.17 351.671 558.743 238.756 151.105 272.244 112.916 697.08
internal_count=1635363 864304 646788 575490 557014 71298 66683 217516 18476 209183 67541 4615 8333 771059
is_linear=0
shrinkage=0.05


Tree=31
num_leaves=15
num_cat=0
split_feature=3 9 5 5 5 12 4 4 5 10 9 9 7 2
split_gain=761.044 170.183 123.78 89.3038 72.7741 45.763 43.3968 38.7031 34.5349 23.7858 22.9602 29.499 21.22 44.5343
threshold=0.91588745326552878 0.81860625485625482 0.01515173234639978 0.0084240787583613856 0.018168913660791132 1.0000000180025095e-35 0.75000000000000011 0.0033389074693422525 0.0043702583691442526 1.0000000180025095e-35 0.80090909090909101 0.78000796812749018 1.9166666666666667 1.0000000180025095e-35
decision_type=2 2 2 2 2 2 2 2 2 2 2 2 2 2
left_child=2 4 12 7 -2 6 -5 8 -3 -4 11 -6 -1 -14
right_child=1 3 9 5 10 -7 -8 -9 -10 -11 -12 -13 13 -15
leaf_value=-0.052852932884415282 -0.032282482540949502 -0.016875438817021249 0.0054325921928382263 0.019055197395420571 -0.010622146446976321 -0.057725090205433864 0.041912080265816075 -0.018057661127375817 0.016676723626251791 -0.050912797021622748 -0.027512440724498245 0.023950781357933354 -0.051044294217506683 -0.0044981793632073051
leaf_weight=571.05610969202826 269.71575070554536 97.827924816272571 158.37010553231812 1941.1656547641614 101.67522147341515 13.691130835912189 233.0658454761724 206.20708507212839 301.54436973751581 16.157820639928104 44.784413687768392 143.51982595367008 125.97881756770221 86.289496233948739
leaf_count=702264 341045 51265 20088 81621 9675 18453 544 95696 39396 4691 6753 7758 173303 82811
internal_value=-6.40853e-10 0.0112359 -0.039188 0.0162753 -0.0138378 0.020969 0.0215959 -0.000715741 0.00835094 -0.00105655 0.00357433 0.00968863 -0.0476233 -0.0326617
internal_weight=4311.05 3353.2 957.852 2793.5 559.695 2187.92 2174.23 605.579 399.372 174.528 289.979 245.195 783.324 212.268
internal_count=1635363 652206 983157 286975 365231 100618 82165 186357 90661 24779 24186 17433 958378 256114
is_linear=0
shrinkage=0.05


Tree=32
num_leaves=15
num_cat=0
split_feature=3 7 4 9 9 9 12 2 9 9 0 4 5 5
split_gain=713.778 202.216 151.766 100.328 83.218 132.351 40.2075 36.787 34.2394 28.5709 17.0133 16.9719 15.6924 8.59458
threshold=0.73599083086567119 1.0000000180025095e-35 0.75000000000000011 0.8792720649114093 0.86012345679012359 0.85944763953299164 1.0000000180025095e-35 1.0000000180025095e-35 0.87719544043997932 0.87767777433713146 1.5000000000000002 0.0084389688078621294 0.022769127812415291 0.021863201802460118
decision_type=2 2 2 2 2 2 2 2 2 2 2 2 2 2
left_child=13 2 9 4 5 -3 7 -5 -6 10 -2 -11 -4 -1
right_child=1 3 12 6 8 -7 -8 -9 -10 11 -12 -13 -14 -15
leaf_value=-0.048952607386392746 -0.047863537954369845 0.00046250585585718763 0.033913382131346322 -0.01246953931026358 -0.044754105720848529 0.042251429606083864 -0.055699827915024813 0.024067595006229337 -0.0014003938977469295 -0.039574209796678743 -0.013943803922417654 0.0010062040205643535 -0.040863142427824545 0.0027449351232660432
leaf_weight=635.18677225541978 243.50994522002293 994.24737819369329 110.19131971499883 69.063607428048272 107.52074777405505 229.1134831153031 11.988472140175871 1593.9108005226881 77.066267339410842 33.068737499452254 49.46738370393723 78.985734809459245 3.3574387435801318 7.6185106496704966
leaf_count=765967 424950 232898 1273 17242 26323 6066 15199 42960 9855 17652 62976 10018 574 1410
internal_value=7.28936e-11 0.00867995 -0.0200754 0.0135416 0.00368244 0.00842895 0.0217934 0.0225174 -0.0271679 -0.0343292 -0.0424665 -0.0121485 0.0300721 -0.0483234
internal_weight=4244.3 3601.49 518.581 3082.91 1407.95 1223.36 1674.96 1662.97 184.587 405.032 292.977 112.054 113.549 642.805
internal_count=1635363 867986 517443 350543 275142 238964 75401 60202 36178 515596 487926 27670 1847 767377
is_linear=0
shrinkage=0.05


Tree=33
num_leaves=15
num_cat=0
split_feature=3 9 5 5 7 6 5 4 4 4 5 6 4 0
split_gain=682.189 195.438 98.0408 69.0468 48.7786 41.4812 61.1463 36.8753 31.3842 30.4522 33.6074 25.3219 21.8844 17.5711
threshold=0.73599083086567119 0.85944763953299164 0.010999700754395212 0.015964033585389458 1.0000000180025095e-35 0.17788270776204329 0.026125329939668176 0.0087337909992372242 0.75000000000000011 0.0033389074693422525 0.0045874489348074633 0.28277525990364122 0.013245614035087722 1.0000000180025095e-35
decision_type=2 2 2 2 2 2 2 2 2 2 2 2 2 2
left_child=-1 2 9 4 13 12 -7 -6 11 10 -2 -5 -4 -3
right_child=1 3 5 8 7 6 -8 -9 -10 -11 -12 -13 -14 -15
leaf_value=-0.048074045596606822 -0.036786349746091365 -0.043312943197063115 0.037952258893671743 0.03148622676568643 0.016344513507678606 -0.015572082862290832 0.020345093448255767 -0.0090545876287946095 0.045732706867689488 -0.037886932473021412 0.0088729318082574372 0.014808359954152623 0.0085110813390438644 -0.0046295724727195182
leaf_weight=622.70469677124856 62.319806053546927 47.166170292497554 83.135596330423141 421.04739320185035 853.00169329215714 422.30258217966912 159.2015921016864 168.09823665006843 172.53220388578484 248.54602742682619 96.753912983411283 526.67897535028169 238.09942779234552 70.271292721001373
leaf_count=767377 93143 22150 7088 5174 91454 118352 3358 11804 398 402147 52481 10394 23656 26387
internal_value=-1.86063e-10 0.00844292 -0.00690229 0.0173405 0.00861217 0.0023142 -0.00564923 0.0121394 0.0261335 -0.0270944 -0.00959078 0.0223442 0.0165953 -0.0213002
internal_weight=4191.86 3569.15 1310.36 2258.8 1138.54 902.739 581.504 1021.1 1120.26 407.62 159.074 947.726 321.235 117.437
internal_count=1635363 867986 700225 167761 151795 152454 121710 103258 15966 547771 145624 15568 30744 48537
is_linear=0
shrinkage=0.05


Tree=34
num_leaves=15
num_cat=0
split_feature=3 9 5 5 5 4 5 6 5 9 9 10 7 2
split_gain=650.523 145.932 111.838 70.6182 58.342 48.7546 61.3557 32.6021 29.5675 27.3777 32.7925 22.8187 21.5097 41.0799
threshold=0.92299235226619458 0.83931416644618884 0.01515173234639978 0.020310565502873201 0.018168913660791132 0.01574900793650794 0.0087209631355207231 0.25993762080708305 0.0050005741846577871 0.82134283570892741 0.81974042785608325 1.0000000180025095e-35 1.9166666666666667 1.0000000180025095e-35
decision_type=2 2 2 2 2 2 2 2 2 2 2 2 2 2
left_child=2 4 12 5 7 6 -3 8 -2 10 -6 -4 -1 -14
right_child=1 3 11 -5 9 -7 -8 -9 -10 -11 -12 -13 13 -15
leaf_value=-0.052248796590146841 -0.037794338106426212 0.0021281507165441041 0.0042310536514354787 0.028718942911754572 0.0043522966345340827 -0.0068086323297284609 0.023882882986235851 -0.046113335153220893 -0.0038746973942096357 -0.025450028952268045 0.046422840211635424 -0.050986304442408148 -0.05024801843206668 -0.00429614227377803
leaf_weight=512.6917834251617 82.982937140324793 560.10223143269832 159.85880583324615 789.7613513264514 293.13689185626572 323.38890777321649 767.69223665854952 93.647023172328772 243.30400550305058 55.259971985331504 50.319795775838429 16.114506013545906 112.99856560795888 84.461667268107703
leaf_count=703022 153349 126742 20401 8608 24852 23725 36103 140242 131896 4650 625 4723 173596 82829
internal_value=-5.50053e-10 0.0103355 -0.0378637 0.016454 -0.00789684 0.0105187 0.0147485 -0.0207945 -0.0129415 0.00577649 0.0110937 -0.00209437 -0.0466507 -0.0311841
internal_weight=4145.72 3259.6 886.125 2440.94 818.651 1651.18 1327.79 419.934 326.287 398.717 343.457 175.973 710.152 197.46
internal_count=1635363 650792 984571 195178 455614 186570 162845 425487 285245 30127 25477 25124 959447 256425
is_linear=0
shrinkage=0.05


Tree=35
num_leaves=15
num_cat=0
split_feature=3 2 9 4 7 1 5 7 5 8 3 0 9 3
split_gain=618.12 179.651 115.381 70.3354 100.757 41.8726 39.6988 23.9566 23.3359 14.417 15.4359 12.1781 11.0368 9.70068
threshold=0.73950104100628888 1.0000000180025095e-35 0.8792720649114093 0.75000000000000011 0.22500000000000003 0.3257575757575758 0.011713874902401991 0.29166666666666669 0.021863201802460118 1.0000000180025095e-35 0.9953866087424702 1.0000000180025095e-35 0.85944763953299164 0.67408870903266604
decision_type=2 2 2 2 2 2 2 2 2 2 2 2 2 2
left_child=13 7 3 4 -3 6 -4 8 -2 10 -9 -5 -11 -1
right_child=1 2 5 11 -6 -7 -8 9 -10 12 -12 -13 -14 -15
leaf_value=-0.049536465568917346 -0.055520937899270741 -0.034724180489657072 0.01104970336562683 -0.0077938643619659201 0.0032789323476964528 -0.061689607556247222 0.027134011284836348 -0.049641120664991933 0.012807889873852616 -0.056499264437016278 -0.0031302996454987951 0.032978071969280535 -0.015009860480511611 -0.024280697325515313
leaf_weight=529.0401138101879 87.323221306050982 202.66621305913213 615.88917353514989 18.468841957772383 1085.2670559486796 10.658725995686835 1060.949449506501 15.37266637723951 12.525429174565941 30.125322521249473 150.4043436361826 176.89844459382584 38.844184195404523 56.837724146815162
leaf_count=681701 144662 352488 55941 747 219128 1778 15110 15159 817 18826 26912 1596 11140 89358
internal_value=-4.09878e-11 0.00796376 0.0116499 0.0014645 -0.00281231 0.0205721 0.0212768 -0.0266254 -0.0467475 -0.01727 -0.00877041 0.0290254 -0.0357262 -0.0473125
internal_weight=4091.27 3505.39 3170.8 1483.3 1287.93 1687.5 1676.84 334.595 99.8487 234.747 165.777 195.367 68.9695 585.878
internal_count=1635363 864304 646788 573959 571616 72829 71051 217516 145479 72037 42071 2343 29966 771059
is_linear=0
shrinkage=0.05


Tree=36
num_leaves=15
num_cat=0
split_feature=3 9 5 5 9 9 4 6 4 2 4 4 3 3
split_gain=587.257 171.57 88.6497 70.7128 66.9187 143.279 22.9075 20.2226 29.7809 14.257 12.652 9.39398 7.99598 20.1395
threshold=0.73599083086567119 0.81974042785608325 0.0055558356158245271 0.016962512486045012 0.81999535510242005 0.83849765125760001 0.10555555555555557 0.19403762627126578 0.75000000000000011 1.0000000180025095e-35 0.0034904120269973935 0.06458333333333334 0.67408870903266604 0.67411080663965739
decision_type=2 2 2 2 2 2 2 2 2 2 2 2 2 2
left_child=12 3 9 6 -4 -6 10 11 -9 -3 -2 -5 -1 -14
right_child=1 2 4 7 5 -7 -8 8 -10 -11 -12 -13 13 -15
leaf_value=-0.04931518237062426 -0.015714898115427197 -0.044948497640404213 0.054254535161869261 0.03372973574444172 -0.039785862797711562 0.016765659589020807 0.015637634788773534 -0.019714611617743905 0.015305524603313006 -0.010481370638829172 -0.04049667149978084 0.0022675609840421976 0.056997068144929414 -0.033441827463250619
leaf_weight=508.99831962007738 77.32679474264296 31.403317817490461 104.12606338785554 51.106251140881795 112.94654923329654 2347.0087907481029 21.608420591590402 153.77653698415088 93.718550911173224 205.78341658570571 232.41703312837126 42.440577099419897 2.3927657585591069 48.146350653441914
leaf_count=681701 105947 45931 2525 1629 51636 145853 5224 31496 1967 115185 359311 1282 7024 78652
internal_value=-3.32298e-10 0.00767648 0.013119 -0.0149271 0.015827 0.0140937 -0.0311943 0.00110029 -0.00641311 -0.0158785 -0.0346579 0.0202952 -0.0473022 -0.0244142
internal_weight=4033.2 3473.66 2801.27 672.394 2564.08 2459.96 331.352 341.042 247.495 237.187 309.744 93.5468 559.537 50.5391
internal_count=1635363 867986 361130 506856 200014 197489 470482 36374 33463 161116 465258 2911 767377 85676
is_linear=0
shrinkage=0.05


Tree=37
num_leaves=15
num_cat=0
split_feature=3 2 9 12 5 4 7 7 5 5 6 12 3 3
split_gain=559.469 162.609 101.191 69.7373 65.9629 50.7902 29.0206 22.4647 20.3427 13.0834 10.9789 10.4734 9.88628 9.70366
threshold=0.73950104100628888 1.0000000180025095e-35 0.81955946922834355 1.0000000180025095e-35 0.014423222271656905 0.75000000000000011 0.22500000000000003 0.29166666666666669 0.021863201802460118 0.0057291944030248175 0.31080297257084427 1.0000000180025095e-35 0.9953866087424702 0.67408870903266604
decision_type=2 2 2 2 2 2 2 2 2 2 2 2 2 2
left_child=13 7 5 4 -4 6 -3 8 -2 -9 -11 -7 -10 -1
right_child=1 2 3 -5 -6 11 -8 9 12 10 -12 -13 -14 -15
leaf_value=-0.049109045346204562 -0.054751673679074624 -0.038363360449919531 0.0070539913257731393 -0.065657129788014287 0.023223814298546072 0.025236598424950359 -0.0085594050652067436 -0.045886163585813898 0.03320523301343363 -0.0058977451384211108 -0.035233170128179454 -0.03892202687823744 -0.036638176244084199 -0.023421250253224033
leaf_weight=491.45899511123935 81.431852170891943 105.90260604552896 1156.8377813005172 21.637074169237167 1398.0591457632981 101.35629825625801 327.08568583856686 29.059710829147662 9.2516020830953476 167.15464916235942 35.331929241772741 2.4065408944152287 3.0651430625584899 54.5786841876361
leaf_count=681701 144662 258709 216745 28487 26069 1107 114989 31688 33 31610 8739 682 784 89358
internal_value=7.42205e-10 0.00748524 0.0110092 0.0151193 0.0159303 -0.00867789 -0.0162037 -0.0258974 -0.0461227 -0.0169067 -0.0117422 0.0220277 0.0102638 -0.0467773
internal_weight=3984.62 3438.58 3113.29 2576.53 2554.9 536.751 432.988 325.295 93.7486 231.546 202.487 103.763 12.3167 546.038
internal_count=1635363 864304 646788 271301 242814 375487 373698 217516 145479 72037 40349 1789 817 771059
is_linear=0
shrinkage=0.05


Tree=38
num_leaves=15
num_cat=0
split_feature=3 9 5 5 6 5 5 12 4 9 10 2 9 9
split_gain=530.366 114.097 97.1712 70.3155 75.0537 48.742 42.5002 33.2813 30.359 25.424 20.5742 21.173 17.1061 22.3345
threshold=0.92299235226619458 0.81860625485625482 0.011827542960043404 0.010999700754395212 1.0000000180025095e-35 0.018574991593326245 0.0051283351536901235 1.0000000180025095e-35 0.75000000000000011 0.91939599802136851 1.0000000180025095e-35 1.0000000180025095e-35 0.80090909090909101 0.78000796812749018
decision_type=2 2 2 2 2 2 2 2 2 2 2 2 2 2
left_child=2 5 -1 4 6 -2 -3 8 -5 10 11 -4 13 -7
right_child=1 3 9 7 -6 12 -8 -9 -10 -11 -12 -13 -14 -15
leaf_value=-0.047737011157164236 -0.028311443120355842 -0.014674191120659952 -0.040042626279256463 0.017379589771829556 -0.036036436846963969 -0.010753512321591581 0.013568315343615876 -0.05342090775638151 0.038942344190460887 0.035207228028015673 -0.054817864394224369 4.5133548380040274e-05 -0.026002305770984349 0.021196437755761181
leaf_weight=556.80243333972612 244.21194107186966 166.40347242946154 37.127715985963732 1570.3515623895801 109.32129360288673 88.315553866850678 599.62681338705443 11.035840740005368 182.31574453922804 23.834034715255257 23.31978467242152 150.94509746912809 38.583430421131197 129.10432088765083
leaf_count=921909 342810 101401 20264 51461 46469 8737 72353 13995 541 2012 11627 28759 6094 6931
internal_value=6.65421e-10 0.00923454 -0.0364302 0.0133831 0.00178205 -0.0125684 0.00737787 0.0191196 0.019727 -0.00922933 -0.0149372 -0.00870069 0.00270416 0.00826843
internal_weight=3931.3 3139.27 792.029 2639.05 875.352 500.215 766.03 1763.7 1752.67 235.227 211.393 188.073 256.003 217.42
internal_count=1635363 650792 984571 286220 220223 364572 173754 65997 52002 62662 60650 49023 21762 15668
is_linear=0
shrinkage=0.05


Tree=39
num_leaves=15
num_cat=0
split_feature=3 2 9 5 9 9 9 12 5 4 5 9 4 4
split_gain=502.213 152.57 106.649 79.1631 75.6531 160.436 53.2802 21.7316 21.6716 13.1509 17.0702 9.59951 8.69016 11.2181
threshold=0.73599083086567119 1.0000000180025095e-35 0.89928762060970047 0.021017203690868156 0.90202221972842567 0.91875904727683377 0.87995354129024672 1.0000000180025095e-35 0.017709678555132956 0.0035149493451939713 0.0070093647603042568 0.89983306826834208 0.01941930618401207 0.014815627743634768
decision_type=2 2 2 2 2 2 2 2 2 2 2 2 2 2
left_child=-1 8 3 6 11 -6 -3 -5 9 10 -2 -4 13 -10
right_child=1 2 4 7 5 -7 -8 -9 12 -11 -12 -13 -14 -15
leaf_value=-0.04647563203918556 -0.038225984439624168 0.00010380820224813006 0.030284227072001249 0.018718863667173062 -0.030891981305819823 0.02516549209498127 -0.029780227347787864 -0.049818592464003691 -0.036439058488189999 -0.044210360136401089 0.0052780927494804368 0.050550076575794613 -0.014055330582157605 0.032745313137381091
leaf_weight=500.70731015227284 41.565081733100669 1129.1966211008257 131.28139590285718 633.40209510707064 154.33181574048649 644.78765154052235 166.84461963244394 7.11785994983802 3.2065461082966094 132.77749145323469 41.652086558748124 191.68252862179361 82.102019880199805 19.584689894953044
leaf_count=767377 51109 563530 2541 14423 15671 16806 28235 5447 720 147836 11528 2486 7281 373
internal_value=9.58662e-10 0.00694426 0.0103949 0.00326883 0.0226245 0.0142145 -0.00384295 0.0175773 -0.0256015 -0.0345029 -0.0173862 0.0428995 -0.00653592 0.018207
internal_weight=3880.24 3379.53 3058.64 1936.56 1122.08 799.119 1296.04 640.52 320.888 215.995 83.2172 322.964 104.893 22.7912
internal_count=1635363 867986 649139 611635 37504 32477 591765 19870 218847 210473 62637 5027 8374 1093
is_linear=0
shrinkage=0.05


Tree=40
num_leaves=15
num_cat=0
split_feature=3 9 5 9 9 2 12 9 9 5 3 5 9 3
split_gain=478.914 158.86 83.1893 70.6863 111.067 46.9622 35.3063 32.8431 29.6863 14.7638 13.9605 10.5545 8.87833 8.62094
threshold=0.73599083086567119 0.8792720649114093 0.0084240787583613856 0.86012345679012359 0.85944763953299164 1.0000000180025095e-35 1.0000000180025095e-35 0.87995354129024672 0.87719544043997932 0.021863201802460118 0.9953866087424702 0.0034357703103276411 0.87995354129024672 0.67408870903266604
decision_type=2 2 2 2 2 2 2 2 2 2 2 2 2 2
left_child=13 2 10 4 -4 9 7 -7 -5 12 -2 -12 -3 -1
right_child=1 5 3 8 -6 6 -8 -9 -10 -11 11 -13 -14 -15
leaf_value=-0.048485873390484276 -0.04744609577411861 0.0049188746633030333 -0.0012297663251696483 -0.047530522826378638 0.039269011674911307 0.03600764688494542 -0.053943567985517762 0.016687407876710084 -0.0033072564695458789 0.014918440810847628 -0.037542859828988168 -0.01499812042535105 -0.039826299351090486 -0.02181895175603623
leaf_weight=438.80348711207262 56.176951436274976 12.753226078180885 937.70383947894152 88.78884565577755 201.51748376745672 265.37133133962925 11.665327723378139 1346.2843454738977 65.07611689530313 20.839400023280177 66.629380042191769 249.37787867300358 47.644595446585299 45.310425230076362
leaf_count=681701 142289 4289 234267 14723 3863 5026 15930 52020 4832 487 114609 252919 22732 85676
internal_value=2.54477e-10 0.00670135 -0.00427843 0.00174167 0.00607438 0.0174092 0.019275 0.0199702 -0.0295194 -0.0188298 -0.02494 -0.0202624 -0.0307245 -0.0462386
internal_weight=3853.94 3369.83 1665.27 1293.09 1139.22 1704.56 1623.32 1611.66 153.865 81.2372 372.184 316.007 60.3978 484.114
internal_count=1635363 867986 767502 257685 238130 100484 72976 57046 19555 27508 509817 367528 27021 767377
is_linear=0
shrinkage=0.05


Tree=41
num_leaves=15
num_cat=0
split_feature=3 9 5 5 6 9 9 5 9 4 4 5 6 5
split_gain=456.202 151.418 61.3209 52.1241 44.1792 41.2361 69.0851 38.5067 30.1727 25.9105 25.3184 23.6181 21.0949 17.588
threshold=0.73599083086567119 0.85944763953299164 0.010999700754395212 0.015964033585389458 0.25095220417676739 0.84016393442622961 0.83953120385695745 0.0050926292600219428 0.85197315436241616 0.0041237288712036198 0.75000000000000011 0.0045874489348074633 0.31638624146685829 0.01086961264132332
decision_type=2 2 2 2 2 2 2 2 2 2 2 2 2 2
left_child=-1 2 9 4 7 6 -4 -3 -7 11 12 -2 -5 -6
right_child=1 3 5 10 13 8 -8 -9 -10 -11 -12 -13 -14 -15
leaf_value=-0.046002185747522635 -0.033302052271199527 -0.01302157905498718 -0.0018478172351511996 0.026124964627393322 -0.032371267516953309 -0.063096881129025825 0.042529378948758176 0.016437676861095801 -0.0088688901453505987 -0.037355119423519823 0.043244125069278529 0.0030938343553769134 0.010484462161855636 -0.0029817768595285028
leaf_weight=467.29792550936327 66.376719743959256 126.39703309129982 632.61150455414099 507.95653173234314 69.273194395020255 34.814648635147023 96.750069101020927 743.05718535928827 77.862977989032515 186.41612556220934 128.14250608626753 116.69784760940456 390.29876025309204 165.57340095494874
leaf_count=767377 125776 57798 135089 7058 21655 7700 2642 61076 7023 345410 398 76585 8510 11266
internal_value=2.66167e-10 0.00649096 -0.00760257 0.0145037 0.00691643 -0.000115585 0.00428832 0.0121051 -0.027593 -0.0244355 0.0225937 -0.0106366 0.0194247 -0.012145
internal_weight=3809.53 3342.23 1211.53 2130.7 1104.3 842.039 729.362 869.454 112.678 369.491 1026.4 183.075 898.255 234.847
internal_count=1635363 867986 700225 167761 151795 152454 137731 118874 14723 547771 15966 202361 15568 32921
is_linear=0
shrinkage=0.05


Tree=42
num_leaves=15
num_cat=0
split_feature=3 9 5 9 9 5 5 10 7 4 0 6 0 6
split_gain=433.411 110.599 85.0051 62.1026 128.306 54.923 42.1764 22.5239 19.8688 28.894 21.2745 15.5741 17.7111 14.4748
threshold=0.92299235226619458 0.81974042785608325 0.011827542960043404 0.81999535510242005 0.83849765125760001 0.014423222271656905 0.018574991593326245 1.0000000180025095e-35 1.9166666666666667 0.22500000000000003 1.0000000180025095e-35 0.17788270776204329 1.5000000000000002 0.19919073505544058
decision_type=2 2 2 2 2 2 2 2 2 2 2 2 2 2
left_child=2 6 -1 -3 -5 -6 13 8 9 -4 -10 -8 -13 -2
right_child=1 3 7 4 5 -7 11 -9 10 -11 -12 12 -14 -15
leaf_value=-0.046750773569181094 -0.018348362368166001 0.050276225031075254 -0.048253035505030573 -0.041831270687621463 0.005152449607375824 0.020511291039288601 0.023193722150170203 -0.051231140726111714 0.042603547495165733 0.022374718509626853 -0.0032197695356634896 -0.013704271852035894 0.018886498338104116 -0.044839772263377251
leaf_weight=484.6986834124873 176.21204545845467 99.492916940092982 40.889478257784504 105.78858696930183 1105.4663338907267 1234.8793722254341 57.301721915398957 23.340913199128408 27.091738720453577 17.623431047235499 117.43489272048464 154.13356392085552 51.717054952838225 77.557049936352996
leaf_count=921909 217113 2878 25629 71438 175106 26233 1136 11876 1892 929 22336 18874 2476 135538
internal_value=-2.18709e-10 0.00817618 -0.0350252 0.0124566 0.010819 0.013283 -0.0128207 -0.00945214 -0.00353348 -0.026894 0.00650727 0.00125073 -0.0052626 -0.0271546
internal_weight=3773.63 3062.55 711.079 2545.63 2446.13 2340.35 516.921 226.38 203.04 58.5129 144.527 263.152 205.851 253.769
internal_count=1635363 650792 984571 275655 272777 201339 375137 62662 50786 26558 24228 22486 21350 352651
is_linear=0
shrinkage=0.05


Tree=43
num_leaves=15
num_cat=0
split_feature=3 9 5 9 9 12 4 5 5 9 9 7 7 2
split_gain=410.028 138.421 90.8639 57.6239 133.456 56.2334 51.2719 42.1151 36.7163 20.4419 16.5359 16.0042 9.2068 20.1836
threshold=0.73599083086567119 0.89899522726641756 0.010999700754395212 0.90202221972842567 0.91602317344389228 1.0000000180025095e-35 0.0041237288712036198 0.024056223711800797 0.0069444630248978083 0.91939599802136851 0.89983306826834208 2.5500000000000003 1.9166666666666667 1.0000000180025095e-35
decision_type=2 2 2 2 2 2 2 2 2 2 2 2 2 2
left_child=12 2 6 10 11 7 8 -4 -2 -6 -3 -5 -1 -14
right_child=1 3 5 4 9 -7 -8 -9 -10 -11 -12 -13 13 -15
leaf_value=-0.050408102814414171 -0.018237161108127092 0.023368841941461448 0.0013652861933465454 -0.055652494850181547 -0.0019610222482932642 -0.070126569204207984 -0.032130301758438583 0.020494809999423158 0.01319667660324665 0.022920267977026707 0.046176586099279701 -0.010078560755654178 -0.046925736559362288 -0.0050729393699115166
leaf_weight=312.06557559388966 202.82270714640617 163.61102672068955 1044.4233652305847 63.935637152473646 94.171729649053304 19.279749948756944 296.88029206003557 392.54199091118062 163.28121587785063 623.22395134800172 197.30188958213694 30.317038883134956 72.826316172850056 47.854597086312424
leaf_count=549978 218290 5122 154581 11993 8227 17382 382536 6096 36694 20855 3383 2827 156994 60405
internal_value=1.95266e-10 0.00603704 -0.00159643 0.0197816 0.0122601 0.00539106 -0.0168699 0.00664393 -0.00422885 0.0196632 0.0362979 -0.0422395 -0.0454666 -0.0311916
internal_weight=3724.54 3291.79 2119.23 1172.56 811.648 1456.25 662.984 1436.97 366.104 717.396 360.913 94.2527 432.746 120.681
internal_count=1635363 867986 815579 52407 43902 178059 637520 160677 254984 29082 8505 14820 767377 217399
is_linear=0
shrinkage=0.05


Tree=44
num_leaves=15
num_cat=0
split_feature=3 9 7 4 9 9 2 9 9 9 0 5 9 5
split_gain=388.743 137.009 73.5282 68.7891 61.7595 99.7719 45.1605 37.5905 121.211 30.7076 16.2354 12.8556 12.2638 9.81603
threshold=0.73599083086567119 0.87942088583716915 0.22500000000000003 0.75000000000000011 0.86012345679012359 0.85944763953299164 1.0000000180025095e-35 0.87995354129024672 0.89671589233088067 0.87840716735049862 1.5000000000000002 0.021863201802460118 0.87959519290939814 0.022769127812415291
decision_type=2 2 2 2 2 2 2 2 2 2 2 2 2 2
left_child=-1 2 3 10 5 -4 11 12 -9 -6 -2 -3 -8 -5
right_child=1 6 4 13 9 -7 7 8 -10 -11 -12 -13 -14 -15
leaf_value=-0.045153049996231792 -0.043929133048191474 -0.032537987775295096 -0.0020131908738281676 0.024317976544674932 -0.038397803995256066 0.035662545623607496 0.006463582742168488 -0.029797102036986173 0.019514528827234839 0.0041747156848673493 -0.0092739088501769176 0.01131476589246052 0.040363789807973414 -0.03620782666761016
leaf_weight=417.27033466396642 201.79387241365839 55.219692309638049 916.00179277597636 60.640561233623885 130.68767601169384 212.29784440227377 32.954312481568195 134.60907254138147 1193.6645581790945 60.258547751582228 44.126851157590863 20.214530413184548 206.60426976610324 3.0346045819023848
leaf_count=767377 427900 26031 232668 1204 31036 6054 1465 21822 45007 7119 63495 470 3151 564
internal_value=8.91922e-11 0.00581818 -0.0044539 -0.026175 0.000723105 0.00520184 0.0159827 0.0178137 0.0144242 -0.0251991 -0.0380195 -0.0208137 0.0359279 0.0190073
internal_weight=3689.38 3272.11 1628.84 309.596 1319.25 1128.3 1643.27 1567.83 1328.27 190.946 245.921 75.4342 239.559 63.6752
internal_count=1635363 867986 770040 493163 276877 238722 97946 71445 66829 38155 491395 26501 4616 1768
is_linear=0
shrinkage=0.05


Tree=45
num_leaves=15
num_cat=0
split_feature=3 9 5 12 4 9 4 7 9 9 9 8 3 3
split_gain=371.71 134.339 71.0734 46.4626 40.507 38.449 32.0492 28.1754 28.4047 22.1765 11.3763 11.1685 9.56975 17.3534
threshold=0.73599083086567119 0.81860625485625482 0.0084240787583613856 1.0000000180025095e-35 0.75000000000000011 0.81999535510242005 0.0033389074693422525 0.22500000000000003 0.80090909090909101 0.87959519290939814 0.93872928324720883 0.16802726699996634 0.67408870903266604 0.67411080663965739
decision_type=2 2 2 2 2 2 2 2 2 2 2 2 2 2
left_child=12 4 6 5 7 -4 9 -2 -9 -3 -8 -6 -1 -14
right_child=1 2 3 -5 11 -7 10 8 -10 -11 -12 -13 13 -15
leaf_value=-0.047527666129372953 -0.041516926477039667 -0.013537112276725743 0.043882039458982711 -0.05848579318561873 -0.00011946744634077241 0.013816128826758693 -0.023534698783443553 -0.0076422459718056175 -0.04511317696689663 0.011512570068043281 0.018588406085334224 0.034182362376963607 0.057602630180885218 -0.028698394285676943
leaf_weight=364.62464739423558 130.56495612597428 124.24494101891833 108.9750172818749 16.633955060686276 61.272173701319844 1939.3025474070892 193.36680055039324 293.67556217030506 56.925776809795934 275.31692914037558 13.79658038094203 33.694080391142052 2.032773785525932 37.000830830082123
leaf_count=681701 354456 76959 5295 21667 1828 98485 132386 104359 32587 38174 1418 372 7024 78652
internal_value=5.52677e-10 0.00564677 0.0103702 0.0147827 -0.0161576 0.0155187 -0.00464512 -0.0220181 -0.014275 0.00365226 -0.0203574 0.0131518 -0.0449462 -0.0181736
internal_weight=3651.43 3247.77 2671.64 2064.91 576.133 2048.28 606.725 481.166 350.601 399.562 207.163 94.9663 403.658 39.0336
internal_count=1635363 867986 374384 125447 493602 103780 248937 491402 136946 115133 133804 2200 767377 85676
is_linear=0
shrinkage=0.05


Tree=46
num_leaves=15
num_cat=0
split_feature=2 9 3 9 9 1 3 5 9 9 4 7 3 8
split_gain=352.469 132.434 79.7224 49.6313 99.4734 44.3938 42.7077 41.7985 28.7281 22.5904 20.9933 15.6977 17.6911 10.1602
threshold=1.0000000180025095e-35 0.87942088583716915 0.67408870903266604 0.86012345679012359 0.85944763953299164 1.0000000180025095e-35 0.85082810155891708 0.0072268659595555061 0.87719544043997932 0.87995354129024672 0.0036429993364299937 0.45000000000000007 0.9953866087424702 1.0000000180025095e-35
decision_type=2 2 2 2 2 2 2 2 2 2 2 2 2 2
left_child=6 2 -2 4 -4 7 -1 10 -5 -9 -3 12 -8 -13
right_child=1 5 3 8 -6 -7 11 9 -10 -11 -12 13 -14 -15
leaf_value=-0.050386514516557783 -0.046050616192465775 0.0070817000279268837 -0.0034860199581953906 -0.041542839564162624 0.035095632352081053 -0.053376672444513162 0.0085123204444959976 0.036366697024827997 -0.0027108283109173472 0.018332446747053057 -0.025950639562433736 -0.0067714603911391827 -0.053997998821239714 -0.031235761261959333
leaf_weight=279.73006456832081 100.07071587477003 216.32085972526875 1005.4275301766502 102.8438177226526 195.20009886345724 17.579967421748734 12.500499018373374 212.17851113886718 86.632370326420642 1070.455207421106 56.455955502391589 144.74919691334071 53.389079744214541 57.531620335808839
leaf_count=609961 147363 38619 561666 36798 6342 8097 10794 3191 12261 34888 15147 29300 98185 22751
internal_value=3.35133e-11 0.00662211 -0.00405527 -0.000877898 0.00290619 0.0167181 -0.0367475 0.0176789 -0.0243142 0.0214454 -9.89766e-05 -0.0218588 -0.0423747 -0.0143151
internal_weight=3611.07 3063.17 1490.17 1390.1 1200.63 1572.99 547.9 1555.41 189.476 1282.63 272.777 268.17 65.8896 202.281
internal_count=1635363 864372 764430 617067 568008 99942 770991 91845 49059 38079 53766 161030 108979 52051
is_linear=0
shrinkage=0.05


Tree=47
num_leaves=15
num_cat=0
split_feature=3 9 2 12 5 9 9 1 9 4 4 5 9 5
split_gain=335.105 134.705 57.8733 51.8919 42.8119 40.6482 100.821 31.2873 24.1159 17.5772 7.42339 10.8112 9.56535 3.46355
threshold=0.67408870903266604 0.85944763953299164 1.0000000180025095e-35 1.0000000180025095e-35 0.006845092259310224 0.84016393442622961 0.83953120385695745 0.3257575757575758 0.8581693353193075 0.0033389074693422525 0.0033389074693422525 0.0070093647603042568 0.72183730715287531 0.020310565502873201
decision_type=2 2 2 2 2 2 2 2 2 2 2 2 2 2
left_child=13 2 10 4 9 6 -4 -6 -7 -3 11 -2 -12 -1
right_child=1 3 5 -5 7 8 -8 -9 -10 -11 12 -13 -14 -15
leaf_value=-0.047704565310188192 -0.036121685741157948 0.0031786806677561782 -0.006272006878375468 -0.06117723938297337 0.017084613520885167 -0.039292866952003701 0.043169887367156226 -0.052917911076623303 0.0039489363079799542 -0.024166364679436527 0.001051557707606246 0.0070180095040812329 -0.044720988398193259 -0.0023582007910286705
leaf_weight=331.81867521731328 25.000314516029903 217.51611974219122 735.27691773174593 18.669392829058779 1732.1918152535145 108.06868645201394 114.79663228805657 11.391202641461858 43.911591701176803 75.064293066297978 12.337760269925637 25.514887152337906 117.38171542777127 4.8049439246897228
leaf_count=679890 44791 58470 493005 25187 61669 52405 8936 1647 7320 37230 6836 9827 146339 1811
internal_value=5.73638e-10 0.00496308 -0.00846076 0.0126885 0.013514 -0.003695 0.000618175 0.0164773 -0.0270712 -0.00412512 -0.0341421 -0.0156625 -0.0404901 -0.0471013
internal_weight=3573.74 3237.12 1182.29 2054.83 2036.16 1002.05 850.074 1743.58 151.98 292.58 180.235 50.5152 129.719 336.624
internal_count=1635363 953662 769459 184203 159016 561666 501941 63316 59725 95700 207793 54618 153175 681701
is_linear=0
shrinkage=0.05


Tree=48
num_leaves=15
num_cat=0
split_feature=3 9 5 2 12 5 7 5 4 2 4 4 0 6
split_gain=318.453 93.0569 74.3864 49.3815 43.7917 39.9337 36.7718 28.7194 27.1753 20.937 27.8522 14.8768 18.9316 13.2216
threshold=0.92299235226619458 0.81860625485625482 0.0087209631355207231 1.0000000180025095e-35 1.0000000180025095e-35 0.026125329939668176 1.9166666666666667 0.018168913660791132 0.22500000000000003 1.0000000180025095e-35 0.003384104443426478 0.025978407557354928 1.0000000180025095e-35 0.19919073505544058
decision_type=2 2 2 2 2 2 2 2 2 2 2 2 2 2
left_child=2 7 -1 -3 5 -5 8 13 -4 -8 -11 -9 -13 -2
right_child=1 3 6 4 -6 -7 9 11 -10 10 -12 12 -14 -15
leaf_value=-0.048112935920893128 -0.017947523285315247 -0.015043156216200018 -0.048309344859544419 0.010713321653631428 -0.058126974828404704 0.030558940005359466 -0.036404713294650712 0.028591522642132668 0.017451892211286357 0.066369159724770477 0.00079562014834175265 -0.03664377169986828 0.00057875631478929537 -0.045863698939519838
leaf_weight=340.2096675502944 152.74791839157115 169.14214032626478 79.766877351734365 1992.1775586667318 16.831665906516719 288.26892542181304 25.885433047147671 29.722470379943843 16.568475222898996 13.433882701447144 134.29358732603578 37.388319654593943 175.20506574318279 61.818914298808522
leaf_count=836592 209133 60060 89436 199485 25359 1316 21363 2813 1212 7627 28341 8146 13141 131339
internal_value=1.04695e-09 0.00687012 -0.0327034 0.0107103 0.012635 0.0132834 -0.0127614 -0.0137523 -0.0366962 0.00117512 0.00873625 -0.00184462 -0.00665909 -0.0268517
internal_weight=3533.46 2923.3 610.158 2466.42 2297.28 2280.45 269.948 456.883 96.3354 173.613 147.727 242.316 212.593 214.567
internal_count=1635363 650792 984571 286220 226160 200801 147979 364572 90648 57331 35968 24100 21287 340472
is_linear=0
shrinkage=0.05


Tree=49
num_leaves=15
num_cat=0
split_feature=3 7 9 4 9 9 9 9 4 9 0 8 9 5
split_gain=302.787 125.258 75.1621 69.7575 46.3681 73.4734 38.7421 96.2977 18.0648 14.2062 13.2862 11.0063 10.9393 10.8153
threshold=0.67408870903266604 1.0000000180025095e-35 0.89928762060970047 0.22500000000000003 0.88174242424242433 0.87959519290939814 0.90202221972842567 0.91875904727683377 0.22500000000000003 0.83780520849014006 1.0000000180025095e-35 0.16802726699996634 0.79909090909090918 0.0073526567666777906
decision_type=2 2 2 2 2 2 2 2 2 2 2 2 2 2
left_child=-1 3 4 9 5 -3 13 -8 -6 -2 -11 12 -5 -4
right_child=1 2 6 11 8 -7 7 -9 -10 10 -12 -13 -14 -15
leaf_value=-0.046688151264707406 -0.044211495978898452 0.00042325998397527669 0.0095204512439065331 -0.030618961459886573 -0.025984961682294878 0.031401669925032433 -0.027166437141105948 0.020649057537125759 0.021931534781617704 -0.037449547254629227 -0.0081448764232822709 0.03287320951835461 0.012969875130907608 0.037548297499711697
leaf_weight=310.96847663731569 146.91525201879267 1322.9617133376705 44.139921664449503 15.330177663490757 172.21899083071548 218.80898130087735 122.29234956508662 616.13790905019414 18.310436590312747 67.596661817326094 90.648775751444191 40.811272907449165 44.297400344505149 264.28959865865181
leaf_count=681701 459523 301511 2450 2929 28336 6550 16120 20679 174 50492 57129 1177 3338 3254
internal_value=-4.60349e-10 0.00462479 0.00842024 -0.0211674 0.00201246 0.00490703 0.0189636 0.0126008 -0.020937 -0.0329318 -0.0214264 0.014443 0.000261378 0.033753
internal_weight=3495.73 3184.76 2779.16 405.6 1732.3 1541.77 1046.86 738.43 190.529 305.161 158.245 100.439 59.6276 308.43
internal_count=1635363 953662 379074 574588 336571 308061 42503 36799 28510 567144 107621 7444 6267 5704
is_linear=0
shrinkage=0.05


Tree=50
num_leaves=15
num_cat=0
split_feature=2 9 3 7 4 3 9 9 9 5 9 5 6 5
split_gain=293.276 118.348 66.3178 39.6195 45.5156 39.1672 38.9317 38.4606 103.752 35.2235 34.9575 13.6426 13.4918 13.796
threshold=1.0000000180025095e-35 0.87959519290939814 0.67408870903266604 0.22500000000000003 0.75000000000000011 0.85082810155891708 0.86012345679012359 0.87995354129024672 0.89899522726641756 0.021017203690868156 0.90202221972842567 0.010999700754395212 1.0000000180025095e-35 0.021863201802460118
decision_type=2 2 2 2 2 2 2 2 2 2 2 2 2 2
left_child=5 2 -2 4 -4 -1 -5 -3 9 -9 -10 -7 -13 -14
right_child=1 7 3 6 -6 11 -8 8 10 -11 -12 12 13 -15
leaf_value=-0.049902552550817665 -0.045099944761035626 0.035750240466612626 -0.031955512454473804 0.0064349718168817257 0.020464287929973613 -0.034354748151298409 -0.018123467790485875 -0.033904529607210576 0.031585447741077639 0.011065654977213651 0.01232958040026921 0.0047596768130474445 -0.042972844828044317 -0.0012461445300403591
leaf_weight=239.36489690566304 87.491122137487764 204.8510943149231 176.96135133423741 972.76282778552195 49.840923689262127 108.25259534859651 188.34437356082344 138.31704507545146 347.51613404988893 59.643285837824806 750.00117631903595 71.752973850096168 40.499504543557123 35.627380215213634
leaf_count=609961 147797 4980 382386 201936 1299 130815 32953 38627 9328 1146 43920 7321 20329 2565
internal_value=1.02737e-09 0.00594678 -0.00410424 -0.00136734 -0.0202431 -0.0354163 0.00239069 0.0158116 0.0125334 -0.0204167 0.0185423 -0.021182 -0.010731 -0.0247251
internal_weight=3471.23 2975.73 1475.4 1387.91 226.802 495.497 1161.11 1500.33 1295.48 197.96 1097.52 256.132 147.88 76.1269
internal_count=1635363 864372 766371 618574 383685 770991 234889 98001 93021 39773 53248 161030 30215 22894
is_linear=0
shrinkage=0.05


Tree=51
num_leaves=15
num_cat=0
split_feature=2 9 3 9 9 3 1 12 5 9 5 6 5 4
split_gain=275.476 115.756 61.3414 46.7268 89.6225 39.2571 36.6759 33.21 30.0829 20.9677 13.0437 9.37684 11.8265 8.87105
threshold=1.0000000180025095e-35 0.8792720649114093 0.67408870903266604 0.86012345679012359 0.85944763953299164 0.85082810155891708 1.0000000180025095e-35 1.0000000180025095e-35 0.0050926292600219428 0.87719544043997932 0.017709678555132956 1.0000000180025095e-35 0.0057291944030248175 0.01941930618401207
decision_type=2 2 2 2 2 2 2 2 2 2 2 2 2 2
left_child=5 2 -2 4 -4 -1 7 8 -3 -5 11 12 -7 -12
right_child=1 6 3 9 -6 10 -8 -9 -10 -11 13 -13 -14 -15
leaf_value=-0.049733563212904147 -0.044866961808114073 -0.01076918474966237 -0.0044415985905943882 -0.040643341914011193 0.03268100052930735 -0.044889682341821453 -0.051375402216439187 -0.052284035867812585 0.018650579799367736 -0.0042780174909398151 0.021495389474663743 -0.053100696435588152 -0.011749522589201814 -0.013214073718424191
leaf_weight=229.47261228433126 83.437641042564792 89.426687930023036 982.15258479685872 97.452479251784098 189.6575008257787 35.070157795507839 15.662491496630535 12.840514623352645 1412.8769958615921 66.762478425342124 19.72057349998795 29.671004632706172 99.761254989381996 68.457220188385691
leaf_count=609961 146522 32401 561666 36798 6342 71720 8282 18855 42817 10689 917 45619 36077 6697
internal_value=6.90516e-10 0.00574267 -0.00453636 -0.00185973 0.00168002 -0.0348374 0.0152578 0.0161133 0.0168694 -0.0264221 -0.0206068 -0.0287352 -0.0216663 -0.00471454
internal_weight=3432.42 2950.27 1419.46 1336.03 1171.81 482.153 1530.81 1515.14 1502.3 164.215 252.68 164.502 134.831 88.1778
internal_count=1635363 864372 762017 615495 568008 770991 102355 94073 75218 47487 161030 153416 107797 7614
is_linear=0
shrinkage=0.05


Tree=52
num_leaves=15
num_cat=0
split_feature=3 9 2 12 9 9 5 1 9 9 4 5 9 5
split_gain=260.526 121.125 44.592 41.0577 35.8856 93.4103 34.5256 26.9401 20.2955 9.0071 6.96445 9.31156 7.93192 3.4611
threshold=0.67408870903266604 0.85944763953299164 1.0000000180025095e-35 1.0000000180025095e-35 0.84016393442622961 0.83953120385695745 0.0050926292600219428 0.3257575757575758 0.8581693353193075 0.85991598697787863 0.0033389074693422525 0.0070093647603042568 0.72183730715287531 0.020310565502873201
decision_type=2 2 2 2 2 2 2 2 2 2 2 2 2 2
left_child=13 2 10 6 5 -4 9 -8 -6 -3 11 -2 -12 -1
right_child=1 3 4 -5 8 -7 7 -9 -10 -11 12 -13 -14 -15
leaf_value=-0.046729937790837034 -0.034183452135947187 0.031529479445842355 -0.0073025960837196941 -0.056773106124386755 -0.038535174411167369 0.040644222697348499 0.014606201961995365 -0.050537648663107886 0.0016600839355728298 -0.016498341493310639 -4.3909746745712814e-05 0.0068687612216909253 -0.043160163358120701 -0.0010087521072391391
leaf_weight=272.53977626532105 22.801997451193529 6.034508494562032 717.05223472499711 16.859118237051007 103.66063361425768 113.21319616548863 1827.9766488956957 11.245980622741625 43.606590728184528 116.15645510501781 11.820544176502152 24.702457602228606 105.26514426420181 4.4284184544521841
leaf_count=679890 44791 1415 493005 25187 52405 8936 88144 2134 7320 67323 6836 9827 146339 1811
internal_value=1.65619e-10 0.00415273 -0.00878798 0.0116272 -0.00465607 -0.000560507 0.0123579 0.0140719 -0.0269695 -0.0129802 -0.0324674 -0.014215 -0.0389874 -0.0460298
internal_weight=3397.36 3120.4 1142.12 1978.27 977.533 830.265 1961.41 1839.22 147.267 122.191 164.59 47.5045 117.086 276.968
internal_count=1635363 953662 769459 184203 561666 501941 159016 90278 59725 68738 207793 54618 153175 681701
is_linear=0
shrinkage=0.05


Tree=53
num_leaves=15
num_cat=0
split_feature=2 7 9 4 9 9 3 1 12 3 6 9 5 6
split_gain=247.299 105.944 59.5328 54.0353 42.3852 66.8168 37.9085 23.8435 22.6412 19.4049 14.1783 13.6291 12.4866 10.1475
threshold=1.0000000180025095e-35 1.0000000180025095e-35 0.8792720649114093 0.75000000000000011 0.86012345679012359 0.85966087243206435 0.85082810155891708 1.0000000180025095e-35 1.0000000180025095e-35 0.92299235226619458 0.19919073505544058 0.87719544043997932 0.010999700754395212 0.23741322206379914
decision_type=2 2 2 2 2 2 2 2 2 2 2 2 2 2
left_child=6 3 4 9 5 -3 -1 8 -4 -2 -11 -6 -8 -14
right_child=1 2 7 -5 11 -7 12 -9 -10 10 -12 -13 13 -15
leaf_value=-0.049420310206106155 -0.046517933582856177 -0.0015925236003939748 0.01698787220038157 0.022938566338393994 -0.038187671859178006 0.033568615416492503 -0.032961986984410475 -0.045901496385801349 -0.045526413899783826 -0.0049287323581121093 -0.031646898800874311 -0.0064649876508276792 0.0024167831604168574 -0.02367272281369023
leaf_weight=211.29147891340472 98.264036915039469 840.30701757534916 1399.1733321923002 57.213180934806587 77.989462899515274 155.91268096515159 102.64171252687083 10.858822017675264 9.9842769538881821 98.531949450087268 99.774299026124936 61.265047281493025 77.690913631980948 65.191339717981464
leaf_count=609961 229654 244920 56495 1345 27611 5780 130815 5259 15713 144658 122202 10735 8380 21835
internal_value=-4.96868e-10 0.00538695 0.00894425 -0.0200751 0.000401471 0.0040505 -0.0339942 0.0157498 0.0163855 -0.0286159 -0.0188192 -0.0249391 -0.0199975 -0.00988472
internal_weight=3366.09 2909.27 2555.49 353.783 1135.47 996.22 456.815 1420.02 1409.16 296.57 198.306 139.255 245.524 142.882
internal_count=1635363 864372 366513 497859 289046 250700 770991 77467 72208 496514 266860 38346 161030 30215
is_linear=0
shrinkage=0.05


Tree=54
num_leaves=15
num_cat=0
split_feature=3 9 2 9 9 5 4 9 6 5 4 4 5 4
split_gain=235.128 112.674 51.0756 48.7439 111.143 28.4001 24.2733 21.6807 20.406 13.7699 13.1848 12.3205 6.43573 3.96555
threshold=0.67408870903266604 0.81881304592843074 1.0000000180025095e-35 0.81999535510242005 0.83887481528811114 0.016962512486045012 0.010582306830907056 0.81974042785608325 0.2058352454581138 0.010999700754395212 0.10555555555555557 0.0034904120269973935 0.01238841362372922 0.0035149493451939713
decision_type=2 2 2 2 2 2 2 2 2 2 2 2 2 2
left_child=-1 5 9 7 -5 10 -7 -4 -8 13 11 -2 -11 -3
right_child=1 2 3 4 -6 6 8 -9 -10 12 -12 -13 -14 -15
leaf_value=-0.045553152577389837 -0.010975532410200885 -0.018989564291906385 -0.00077335366670669967 -0.039713487931858603 0.011217226640666652 0.04641714928910963 0.011814761261379134 0.052016498656678005 -0.018035893806613953 0.016766407940953548 0.010488990897339658 -0.03753294369601079 -0.010585709736932397 -0.044714602431908168
leaf_weight=256.14683765171412 63.557132216543323 48.439677745900553 24.191741595965141 107.98268492132411 2113.5396541675364 16.13002609238174 77.306321262076381 91.277267984936771 188.30906749975838 23.256215723444257 18.254757474056532 185.2243365420527 87.181962805549119 32.308488221888183
leaf_count=681701 124118 44723 8515 79517 205383 1391 3255 2661 31592 4707 5333 379634 11813 51020
internal_value=-8.16089e-10 0.0038599 0.0083206 0.0103598 0.00865799 -0.0165796 -0.00534717 0.0413835 -0.0092902 -0.016235 -0.0281147 -0.0310981 -0.00434914 -0.0312897
internal_weight=3333.11 3076.96 2528.18 2336.99 2221.52 548.782 281.745 115.469 265.615 191.186 267.036 248.781 110.438 80.7482
internal_count=1635363 953662 408339 296076 284900 545323 36238 11176 34847 112263 509085 503752 16520 95743
is_linear=0
shrinkage=0.05


Tree=55
num_leaves=15
num_cat=0
split_feature=3 7 12 9 4 5 9 9 0 8 9 5 9 7
split_gain=225.199 102.332 62.2487 55.2914 49.499 41.2569 31.8475 12.6686 11.2477 9.66429 7.67658 3.88713 6.41363 4.95186
threshold=0.67408870903266604 1.0000000180025095e-35 1.0000000180025095e-35 0.89958213516750962 0.22500000000000003 0.024056223711800797 0.90202221972842567 0.83780520849014006 1.0000000180025095e-35 0.16802726699996634 0.79909090909090918 0.011827542960043404 0.87942088583716915 2.4500000000000006
decision_type=2 2 2 2 2 2 2 2 2 2 2 2 2 2
left_child=11 4 3 5 7 -3 -5 -2 -9 10 -6 -1 -13 -14
right_child=1 2 -4 6 9 -7 -8 8 -10 -11 -12 12 13 -15
leaf_value=-0.047877035249875306 -0.042545695202157667 -0.0014237768367299502 -0.064155419138687789 0.032634538013698776 -0.02857645482411951 0.017820831625050163 0.011908478537880532 -0.035267187517202703 -0.0075794434447868028 0.029945486831414344 0.0093037493398434156 -0.032515310718338256 -0.018629622374182562 0.039265693896467779
leaf_weight=219.34021452470552 129.11727287957365 1362.6389506298219 25.346651092841057 251.83342335300404 14.230273102803038 344.84027998689271 708.9414228665737 63.558867249261311 86.653920719862072 34.909294800541829 39.120672330354864 22.407113364299224 2.7666602746394338 3.0293390155857196
leaf_count=654556 459523 312880 29632 2948 2929 5741 27873 50492 57129 1177 3338 22920 2544 1681
internal_value=-6.40618e-11 0.00373796 0.00712366 0.0079195 -0.0208342 0.00250352 0.0174819 -0.0310156 -0.0200535 0.0113238 -0.00238292 -0.0453835 -0.0217017 0.015801
internal_weight=3308.73 3061.19 2693.6 2668.25 367.59 1707.48 960.775 279.33 150.213 88.2602 53.3509 247.543 28.2031 5.796
internal_count=1635363 953662 379074 349442 574588 318621 30821 567144 107621 7444 6267 681701 27145 4225
is_linear=0
shrinkage=0.05


Tree=56
num_leaves=15
num_cat=0
split_feature=2 7 9 4 9 9 3 9 9 3 6 9 5 9
split_gain=217.32 88.965 52.1569 44.7123 38.164 57.2876 35.2331 22.5407 77.954 18.8536 14.1604 12.0294 11.258 10.2131
threshold=1.0000000180025095e-35 1.0000000180025095e-35 0.8792720649114093 0.22500000000000003 0.86012345679012359 0.85981413692081421 0.85082810155891708 0.87995354129024672 0.89899522726641756 0.92299235226619458 0.19919073505544058 0.87719544043997932 0.016245473494389328 0.87988238742504643
decision_type=2 2 2 2 2 2 2 2 2 2 2 2 2 2
left_child=6 3 4 9 5 -3 -1 13 -9 -2 -11 -6 -8 -4
right_child=1 2 7 -5 11 -7 12 8 -10 10 -12 -13 -14 -15
leaf_value=-0.049096498320460868 -0.047686647200047033 -0.00085806161856549095 0.020020688515088092 0.014318698662124369 -0.037215665691897389 0.036082837448576772 -0.02817117995417763 -0.020366269663575978 0.016877470653193321 -0.0047513668946501803 -0.033403851943049762 -0.0067742888824125526 -0.005675308951824342 0.043300968757641861
leaf_weight=188.4557841905098 85.588830946790495 866.07702493786564 148.32334634210292 74.205616571649443 74.195683838153855 114.38943800560446 144.3933287729833 158.75633427297362 1009.3470416278069 93.119921447680099 78.582214126061444 59.516769897465565 93.458077436291205 79.964692591907806
leaf_count=609961 229170 247090 6378 5705 27611 3610 150500 27688 41817 144000 118984 10735 10530 1584
internal_value=-1.3385e-11 0.00501055 0.00823245 -0.0191501 0.000157344 0.00361298 -0.0330747 0.014652 0.0117505 -0.0288918 -0.0184388 -0.0243985 -0.0196308 0.0289286
internal_weight=3268.37 2842.07 2510.57 331.497 1114.18 980.466 426.307 1396.39 1168.1 257.291 171.702 133.712 237.851 228.288
internal_count=1635363 864372 366513 497859 289046 250700 770991 77467 69505 492154 262984 38346 161030 7962
is_linear=0
shrinkage=0.05


Tree=57
num_leaves=15
num_cat=0
split_feature=2 9 9 9 1 3 5 6 4 0 7 3 3 4
split_gain=207.42 90.9059 66.2681 106.222 51.0531 34.0873 30.168 18.9304 15.5909 12.9818 10.3057 12.1341 10.271 8.24895
threshold=1.0000000180025095e-35 0.81974042785608325 0.81999535510242005 0.83887481528811114 1.0000000180025095e-35 0.85082810155891708 0.014655796459586251 0.17788270776204329 0.010582306830907056 2.5000000000000004 0.45000000000000007 0.9953866087424702 0.89746206819181029 0.0036429993364299937
decision_type=2 2 2 2 2 2 2 2 2 2 2 2 2 2
left_child=5 6 -3 9 -5 -1 12 -8 -9 -4 11 -7 -2 -14
right_child=1 2 3 4 -6 10 7 8 -10 -11 -12 -13 13 -15
leaf_value=-0.048880889985118137 -0.043827672719889188 0.049113630027669213 -0.045636151991043719 0.010814902479913832 -0.050074436371285093 0.0073098829170316921 0.01511223531766779 0.029754839600351669 -0.015886438029932993 0.003428313000589068 -0.013419198584835965 -0.050044449712504296 -0.00049907754279686822 -0.02693728249720528
leaf_weight=181.16515505182088 70.412740898823813 94.15011859468359 96.605071111341204 2079.7003323201393 30.137883931092802 10.132503434178942 88.239729657434509 16.027424284868175 196.41449963235755 14.772032313219823 185.60051463091804 39.993738031398607 41.494806142969537 98.750939042513892
leaf_count=609961 197568 3522 90784 245584 20229 10794 6139 3775 41454 6489 52051 98185 57871 190957
internal_value=1.56709e-10 0.00487293 0.00908773 0.00728467 0.0098288 -0.0327067 -0.0141151 -0.00381125 -0.0118381 -0.039261 -0.0195191 -0.0388394 -0.0283928 -0.0194014
internal_weight=3243.6 2826.71 2315.37 2221.22 2109.84 416.892 511.34 300.682 212.442 111.377 235.727 50.1262 210.658 140.246
internal_count=1635363 864372 366608 363086 265813 770991 497764 51368 45229 97273 161030 108979 446396 248828
is_linear=0
shrinkage=0.05


Tree=58
num_leaves=15
num_cat=0
split_feature=2 1 9 9 9 3 5 6 5 7 4 9 9 3
split_gain=195.455 83.6815 71.2673 59.9199 89.6357 33.52 22.6111 17.1045 10.2305 8.87731 8.66332 9.91031 8.77502 6.18096
threshold=1.0000000180025095e-35 1.0000000180025095e-35 0.81974042785608325 0.81999535510242005 0.83887481528811114 0.85082810155891708 0.014655796459586251 0.17788270776204329 0.011111268465542529 4.2916666666666679 0.01941930618401207 0.91875904727683377 0.89210950375389131 0.89746206819181029
decision_type=2 2 2 2 2 2 2 2 2 2 2 2 2 2
left_child=5 2 6 -4 -5 -1 13 -8 -7 -3 12 -12 -10 -2
right_child=1 9 3 4 -6 8 7 -9 10 -11 11 -13 -14 -15
leaf_value=-0.048683408158973845 -0.040329930854811985 -0.054180272195016289 0.047735496725707621 -0.037731178528234988 0.010235598637315978 -0.031305493208845021 0.015476941108098856 -0.010410717904761221 0.014382174679804996 0.0053301556636462365 -0.026260799539844448 0.0174284414252035 -0.033635218001782374 -0.018329875984305959
leaf_weight=173.58907523816561 47.243017374999454 60.311681986571784 94.565358591575205 97.324191592775605 2078.7855613003139 96.160137479366313 86.30572948281042 207.43642816160354 45.911770013874047 5.9928584738445343 71.513287306395796 11.998929858411428 6.8034043562947764 136.64398371796779
leaf_count=609961 171911 54506 3303 90718 245584 131497 5738 44224 9251 2426 18501 306 1475 245962
internal_value=-4.21028e-10 0.00469534 0.00607235 0.00976448 0.00800876 -0.0322136 -0.0113996 -0.00267281 -0.0191446 -0.0488049 -0.00975606 -0.0193537 0.00580804 -0.0248999
internal_weight=3220.59 2814.61 2748.3 2270.68 2176.11 405.977 477.629 293.742 232.388 66.3045 136.227 83.5122 52.7152 183.887
internal_count=1635363 864372 807440 339605 336302 770991 467835 49962 161030 56932 29533 18807 10726 417873
is_linear=0
shrinkage=0.05


Tree=59
num_leaves=15
num_cat=0
split_feature=3 9 9 9 12 5 4 6 0 6 2 7 9 5
split_gain=185.353 87.3151 59.3659 81.1962 41.3689 25.8836 16.5224 16.6968 13.4638 11.9147 10.6062 4.54825 9.6659 7.1988
threshold=0.67408870903266604 0.81974042785608325 0.81999535510242005 0.83849765125760001 1.0000000180025095e-35 0.017709678555132956 0.010582306830907056 0.2058352454581138 2.5000000000000004 1.0000000180025095e-35 1.0000000180025095e-35 2.4500000000000006 0.87942088583716915 0.0071331561370026799
decision_type=2 2 2 2 2 2 2 2 2 2 2 2 2 2
left_child=11 5 -3 8 -5 9 -7 -8 -4 10 -2 -1 -13 -14
right_child=1 2 3 4 -6 6 7 -9 -10 -11 -12 12 13 -15
leaf_value=-0.048751405846145672 -0.037947486380125683 0.043214100261488468 -0.043410257456744539 0.0083427218893387788 -0.05706215808547075 0.040991921385548552 0.012462578737723367 -0.014974054247139233 0.0065852152804347537 -0.041877344064886274 -0.011046711796766907 -0.037535160583364396 -0.02144987282472624 0.036931908242283013
leaf_weight=166.72608109420025 46.606124438999359 105.02200076349982 89.761389374030841 2208.9900826431276 19.513101085469316 14.410107488321954 74.686835893793614 180.68724985336303 14.283227065114259 76.861333029561138 152.2856772590294 35.672247615952074 5.6893857087006818 5.9305515841424494
leaf_count=539181 95219 3847 99555 257717 30192 858 2635 27925 5786 212904 217024 108331 25904 8285
internal_value=-5.1855e-10 0.00325428 0.0073037 0.00559788 0.00764357 -0.0147414 -0.00360912 -0.00686469 -0.0365596 -0.0253744 -0.0181263 -0.0443987 -0.0258593 0.0104934
internal_weight=3197.13 2983.11 2437.57 2332.55 2228.5 545.537 269.784 255.374 104.045 275.753 198.892 214.018 47.2922 11.6199
internal_count=1635363 953662 397097 393250 287909 556565 31418 30560 105341 525147 312243 681701 142520 34189
is_linear=0
shrinkage=0.05


Tree=60
num_leaves=15
num_cat=0
split_feature=2 1 12 9 5 3 9 5 7 9 9 9 9 5
split_gain=177.37 80.9777 64.2039 57.9346 48.8651 32.136 22.4165 9.93319 7.99219 7.12811 6.5502 4.58963 2.98569 1.40525
threshold=1.0000000180025095e-35 1.0000000180025095e-35 1.0000000180025095e-35 0.89899522726641756 0.0087209631355207231 0.85082810155891708 0.90202221972842567 0.0057291944030248175 4.2916666666666679 0.81934906384894468 0.74082803730309499 0.87995354129024672 0.9585472006264909 0.026125329939668176
decision_type=2 2 2 2 2 2 2 2 2 2 2 2 2 2
left_child=5 2 3 4 -2 12 -5 -7 -3 10 -9 -11 13 -1
right_child=1 8 -4 6 -6 7 -8 9 -10 11 -12 -13 -14 -15
leaf_value=-0.049302626420812456 -0.01477134774666056 -0.054625489584023093 -0.06486989520841395 0.026556495180500746 0.0054905847305171569 -0.043271251064315779 0.01068424667527787 0.0017977592701140675 0.003304822030719798 -0.0018840519829610278 -0.038120359197019796 -0.021056112849135347 0.0070000487469919119 0.0041102812011513242
leaf_weight=158.56969666864461 381.93297332652537 57.422583594225216 26.833570131817396 330.46540629854553 1283.4410668578321 31.20372824721926 701.15595373905262 12.822814232691597 5.9720551202844936 105.45897186961156 39.187412740091531 40.038659580735839 1.2280214149759547 0.49621585456770745
leaf_count=607129 519136 54506 39346 6773 212404 81434 29781 5290 2426 24672 41880 7754 2756 76
internal_value=6.45996e-10 0.00443147 0.0057707 0.00659228 0.000813455 -0.0314048 0.0158723 -0.0187215 -0.0493256 -0.0138703 -0.0289843 -0.00768417 -0.0483879 -0.0490158
internal_weight=3176.23 2787.22 2723.83 2697 1665.37 389.006 1031.62 228.712 63.3946 197.508 52.0102 145.498 160.294 159.066
internal_count=1635363 864372 807440 768094 731540 770991 36554 161030 56932 79596 47170 32426 609961 607205
is_linear=0
shrinkage=0.05


Tree=61
num_leaves=15
num_cat=0
split_feature=3 7 9 9 9 4 9 9 9 0 9 6 0 5
split_gain=167.828 83.7745 48.9536 51.4302 57.9587 40.8659 16.0744 31.1391 17.461 11.0004 10.0269 8.35131 6.29543 4.7146
threshold=0.67408870903266604 1.0000000180025095e-35 0.81974042785608325 0.81999535510242005 0.83849765125760001 0.75000000000000011 0.80090909090909101 0.78000796812749018 0.81715298885511667 1.0000000180025095e-35 0.83336088154269994 0.45610495498180198 1.0000000180025095e-35 0.011827542960043404
decision_type=2 2 2 2 2 2 2 2 2 2 2 2 2 2
left_child=13 5 6 -4 -5 9 7 -3 -8 11 -11 -2 -7 -1
right_child=1 2 3 4 -6 12 8 -9 -10 10 -12 -13 -14 -15
leaf_value=-0.046976891863233082 -0.043374327344091697 -0.021350670526705397 0.042220744786169398 -0.034850110144065208 0.0088262438167149068 -0.017545493267986836 -0.051751992395859141 0.0097515550947012922 -0.0071528552845325421 -0.033836605289603902 -0.0073992709319067596 -0.0053978019104057992 0.025209637244336999 -0.018293982401898081
leaf_weight=173.63431032135622 112.02477932509555 142.8321332884625 105.75273503490098 74.04663276725114 2031.2238876907304 6.6615918516908996 37.799516327500896 172.11446250415247 48.92995701064865 55.40931045517118 97.764650789493317 18.280352139650859 46.138688211387489 25.093537083418596
leaf_count=654556 266292 58877 3192 36534 181518 654 24869 54138 19946 224391 63700 18333 1218 27145
internal_value=3.88607e-10 0.00302718 0.00606013 0.00897711 0.00721113 -0.0202807 -0.00990933 -0.00446691 -0.028352 -0.0277523 -0.01773 -0.038443 0.0187643 -0.0438929
internal_weight=3147.71 2948.98 2612.7 2211.02 2105.27 336.279 401.676 314.947 86.7295 283.479 153.174 130.305 52.8003 198.728
internal_count=1635363 953662 379074 221244 218052 574588 157830 113015 44815 572716 288091 284625 1872 681701
is_linear=0
shrinkage=0.05


Tree=62
num_leaves=15
num_cat=0
split_feature=2 7 12 9 1 4 3 3 6 6 5 7 3 7
split_gain=162.506 72.7946 45.2282 40.5731 39.2902 34.5135 30.1427 16.4735 11.1254 10.2199 9.14558 6.74084 10.9938 6.61486
threshold=1.0000000180025095e-35 1.0000000180025095e-35 1.0000000180025095e-35 0.78000796812749018 1.0000000180025095e-35 0.75000000000000011 0.85082810155891708 0.92299235226619458 0.19919073505544058 0.1964607947465821 0.0057291944030248175 0.29166666666666669 0.9953866087424702 0.55000000000000016
decision_type=2 2 2 2 2 2 2 2 2 2 2 2 2 2
left_child=6 5 3 9 -5 7 -1 -2 -9 -3 -8 12 -12 -13
right_child=1 2 -4 4 -6 -7 10 8 -10 -11 11 13 -14 -15
leaf_value=-0.048071863222577976 -0.044633400424634949 -0.0058950676867965471 -0.058518921445959965 0.010044224902534689 -0.04422073825759365 0.020172109597033989 -0.042668690753823721 -0.0043443814230350172 -0.028990757766010594 -0.035018144253640651 0.011043839112524337 0.011750249115568826 -0.050045091089777484 -0.013715963714778534
leaf_weight=148.22130055993148 76.697411123923303 65.874506023599679 21.060011314224539 2275.9036012375859 29.00177822891601 44.809362743195379 29.743376310485473 94.349773477588315 87.948151452186721 54.630969327834464 8.0367541684481711 27.024409550620476 21.472936692471194 137.5175296254165
leaf_count=609961 229654 37177 29405 264355 17923 1345 81434 144658 122202 17653 4550 4629 44487 25930
internal_value=-5.11354e-10 0.0042128 0.00708772 0.00777661 0.00926719 -0.0186782 -0.0307876 -0.0256546 -0.0166913 -0.0199671 -0.0185397 -0.0138624 -0.0342184 -0.00931021
internal_weight=3122.29 2750.28 2446.47 2425.41 2304.91 303.805 372.016 258.995 182.298 120.505 223.795 194.052 29.5097 164.542
internal_count=1635363 864372 366513 337108 282278 497859 770991 496514 266860 54830 161030 79596 49037 30559
is_linear=0
shrinkage=0.05


Tree=63
num_leaves=15
num_cat=0
split_feature=3 9 9 9 9 9 9 9 7 6 4 7 6 7
split_gain=152.177 73.9591 40.1365 69.589 73.9014 22.9242 28.6248 48.6228 18.6791 16.4796 10.2102 10.044 9.0881 5.01141
threshold=0.67408870903266604 0.81860625485625482 0.93872928324720883 0.92647311426437662 0.91939599802136851 0.80090909090909101 0.78000796812749018 0.7807415043122703 6.9000000000000012 0.45610495498180198 0.0050125628140703527 2.7083333333333335 0.1964607947465821 2.4500000000000006
decision_type=2 2 2 2 2 2 2 2 2 2 2 2 2 2
left_child=13 5 3 4 -3 6 12 -8 -5 11 -11 -4 -2 -1
right_child=1 2 9 8 -6 -7 7 -9 -10 10 -12 -13 -14 -15
leaf_value=-0.048325171060009602 -0.012369924606626217 0.0029883548941449611 0.031274053105788589 -0.041911639783250049 0.034666645121366017 -0.037017899297536114 0.049137487307510191 -0.0087602595578835443 0.028198781179256199 0.025194886379169248 -0.049495200831887236 0.0018146005321753459 -0.035382614886026231 -0.023838538122407639
leaf_weight=141.64433538517096 98.176655738958289 1865.2917209995239 217.67950773330085 91.992500393449518 199.4376205966837 89.737890227921525 40.356563630571145 176.16071919464594 7.0812988570760345 3.3156623062095587 7.8867976754845586 33.98769384325351 85.002487674608346 43.057208745045955
leaf_count=539181 109876 388582 6826 8517 5586 160975 5222 174606 244 59 95 1767 91307 142520
internal_value=-5.30179e-10 0.00281819 0.0063982 0.00412754 0.0061246 -0.0148172 -0.009437 0.00289681 -0.0357865 0.0246632 -0.0264356 0.0274084 -0.0237051 -0.0433957
internal_weight=3100.81 2916.11 2426.67 2163.8 2064.73 489.434 399.696 216.517 99.0738 262.87 11.2025 251.667 183.179 184.702
internal_count=1635363 953662 411676 402929 394168 541986 381011 179828 8761 8747 154 8593 201183 681701
is_linear=0
shrinkage=0.05


Tree=64
num_leaves=15
num_cat=0
split_feature=2 7 9 9 9 9 9 4 3 9 3 6 5 6
split_gain=150.177 67.9154 51.4577 50.0445 60.9692 34.8881 57.4433 30.6176 28.0797 20.0125 15.4648 10.3959 9.49383 9.32476
threshold=1.0000000180025095e-35 1.0000000180025095e-35 0.91939599802136851 0.90202221972842567 0.89958213516750962 0.91993331014631552 0.93872928324720883 0.75000000000000011 0.85082810155891708 0.91602317344389228 0.92299235226619458 0.33833139869698586 0.017709678555132956 0.19919073505544058
decision_type=2 2 2 2 2 2 2 2 2 2 2 2 2 2
left_child=8 7 3 4 -3 11 -7 10 -1 -5 -2 -4 -10 -12
right_child=1 2 5 9 -6 6 -8 -9 12 -11 13 -13 -14 -15
leaf_value=-0.047685862385910181 -0.044044536582005717 0.0015072138880101932 0.044784906552810005 -0.042948725628740303 0.028274822670384447 -0.017775802081074373 0.024511660595299613 0.019018012819556687 -0.025963944329055424 -0.0060840023338349378 -0.0051457792305102832 0.0079470449832776315 -0.0041173673164079027 -0.027988954568980609
leaf_weight=137.87052911299088 72.691094178585899 1524.8167441154974 136.68884400924435 70.620612043589063 242.34956011286886 111.45640571261538 257.66146312323326 42.687430839301669 142.1170957808863 75.503801579321589 94.561582110605741 24.965847316954751 78.390638725621102 84.6957570084287
leaf_count=609961 229654 328307 2835 9771 4163 7697 6892 1345 153416 6528 144658 320 7614 122202
internal_value=3.62897e-10 0.00400044 0.00674289 0.00289942 0.00524755 0.0204412 0.0116759 -0.0184816 -0.0302054 -0.0247319 -0.0250816 0.0395048 -0.018461 -0.0164054
internal_weight=3097.08 2738.7 2444.06 1913.29 1767.17 530.773 369.118 294.636 358.378 146.124 251.948 161.655 220.508 179.257
internal_count=1635363 864372 366513 348769 332470 17744 14589 497859 770991 16299 496514 3155 161030 266860
is_linear=0
shrinkage=0.05


Tree=65
num_leaves=15
num_cat=0
split_feature=2 9 3 9 9 9 9 5 3 5 9 9 5 4
split_gain=143.615 68.4763 37.3614 37.6401 65.9913 35.3123 89.6225 28.3397 26.9764 22.257 18.8019 8.61492 8.44876 8.86607
threshold=1.0000000180025095e-35 0.87942088583716915 0.6144701727643217 0.86012345679012359 0.85944763953299164 0.87995354129024672 0.89671589233088067 0.021017203690868156 0.85082810155891708 0.0050926292600219428 0.87719544043997932 0.87988238742504643 0.016245473494389328 0.0035149493451939713
decision_type=2 2 2 2 2 2 2 2 2 2 2 2 2 2
left_child=8 2 -2 4 -4 11 7 -7 -1 -8 -5 -3 13 -10
right_child=1 5 3 10 -6 6 9 -9 12 -11 -12 -13 -14 -15
leaf_value=-0.047480269902375777 -0.044620203198202174 0.020790580620127147 -0.0046164795479846045 -0.039699984904323762 0.028563702013066006 -0.046570368946225835 -0.01389227278597382 0.0047834945289640463 -0.011214355925569814 0.014553161994744324 -0.0059308544945595757 0.04295527177755401 -0.0058914087920492577 -0.038015076482118736
leaf_weight=131.94030943708003 50.305541821659972 131.8490803935756 908.85458180607293 87.605572057587779 174.25185496585618 86.065566197988119 69.8486980622597 36.875667000895191 62.592250636575045 1020.1288235395759 77.975460048623063 80.979511648940388 87.470268176515674 69.631164567334963
leaf_count=609961 125631 5166 581467 37973 6582 28964 23125 887 43853 40045 12777 1755 10530 106647
internal_value=-8.67174e-10 0.00389849 -0.00439803 -0.00260611 0.000828325 0.0114464 0.00807804 -0.031582 -0.0298397 0.0126752 -0.0244374 0.0300165 -0.0184246 -0.026199
internal_weight=3076.37 2724.74 1298.99 1248.69 1083.11 1425.75 1212.92 122.941 351.634 1089.98 165.581 212.829 219.694 132.223
internal_count=1635363 864372 764430 638799 588049 99942 93021 29851 770991 63170 50750 6921 161030 150500
is_linear=0
shrinkage=0.05


Tree=66
num_leaves=15
num_cat=0
split_feature=2 9 9 9 9 9 9 3 5 5 9 9 5 5
split_gain=137.912 70.4338 37.6844 61.9483 43.4419 28.2273 75.8691 25.9817 23.2628 20.1271 11.6693 11.6565 8.38831 8.08125
threshold=1.0000000180025095e-35 0.8792720649114093 0.86012345679012359 0.85944763953299164 0.84016393442622961 0.87995354129024672 0.89671589233088067 0.85082810155891708 0.021017203690868156 0.0050926292600219428 0.87840716735049862 0.87988238742504643 0.0097383548838310702 0.010999700754395212
decision_type=2 2 2 2 2 2 2 2 2 2 2 2 2 2
left_child=7 2 3 4 -2 11 8 -1 -7 -8 -4 12 -3 -9
right_child=1 5 10 -5 -6 6 9 13 -10 -11 -12 -13 -14 -15
leaf_value=-0.047336241165723575 -0.0018348861683043284 -0.0019226569194199649 -0.034442969724624864 0.025181641762990759 -0.030626487880078681 -0.043512365704910766 -0.01302153836363891 -0.02987784096253604 0.0036259551552829681 0.014239156135475328 -0.00089382892231481062 0.042297294384610551 0.024811233376390004 -0.0099202812246353324
leaf_weight=126.6338189839098 797.98853183371966 38.71748735854635 120.78376648051858 177.99827994061161 151.92820120212468 80.246014708679922 68.727153121087213 87.210978335096115 36.722806742443936 1012.9776301707989 32.987882325867758 81.846235561693902 107.94117877236204 130.56613937925795
leaf_count=609961 617739 5371 53791 9184 74460 28964 23125 130815 887 40045 6843 1755 2208 30215
internal_value=7.04674e-10 0.00380674 -0.00469242 -0.00147527 -0.00657602 0.0114292 0.0082889 -0.0295668 -0.0291711 0.0124552 -0.0275006 0.0273721 0.0179229 -0.0184037
internal_weight=3053.28 2708.87 1281.69 1127.92 949.917 1427.18 1198.67 344.411 116.969 1081.7 153.772 228.505 146.659 217.777
internal_count=1635363 864372 762017 701383 692199 102355 93021 770991 29851 63170 60634 9334 7579 161030
is_linear=0
shrinkage=0.05


Tree=67
num_leaves=15
num_cat=0
split_feature=2 9 3 9 9 3 5 1 9 4 6 9 7 3
split_gain=131.717 66.2097 34.8083 33.2442 49.3879 25.256 24.5075 18.9726 15.218 13.4031 10.6731 9.26195 8.25751 8.20959
threshold=1.0000000180025095e-35 0.87898894063979471 0.6144701727643217 0.86012345679012359 0.85944763953299164 0.85082810155891708 0.0072268659595555061 1.0000000180025095e-35 0.91939599802136851 0.0033389074693422525 0.30641293784285978 0.87719544043997932 0.45000000000000007 0.9953866087424702
decision_type=2 2 2 2 2 2 2 2 2 2 2 2 2 2
left_child=5 2 -2 4 -4 -1 9 8 -8 10 -3 -5 13 -7
right_child=1 6 3 11 -6 12 7 -9 -10 -11 -12 -13 -14 -15
leaf_value=-0.047128615610041162 -0.044370732757163592 0.0058368941645079208 -0.0047376981288654203 -0.036331986415473902 0.023755543611792287 0.0041294048452092062 0.010249490098659685 -0.044770468467193812 0.02220107840356025 -0.022944399315433402 -0.046572048563751453 -0.008000027690287877 -0.012803800691396998 -0.047641384085609091
leaf_weight=121.88678666323585 47.835665846791017 198.37359122953922 906.57767293370671 80.614281567544822 177.53471008314955 8.680855248137048 729.40409897969312 8.8216442705015634 431.93793773594007 57.860651441871596 5.2245485867424568 48.741407926667307 175.0185826988818 32.398759748149132
leaf_count=609961 124427 38194 581467 37973 6582 10794 32304 3516 8009 18937 3692 9271 52051 98185
internal_value=1.81442e-10 0.00371031 -0.00463348 -0.00289137 1.60052e-05 -0.0291854 0.011052 0.0141333 0.0147708 -0.00274492 0.00340795 -0.0263515 -0.0182279 -0.0374403
internal_weight=3030.91 2692.93 1261.3 1213.47 1084.11 337.985 1431.62 1170.16 1161.34 261.459 203.598 129.356 216.098 41.0796
internal_count=1635363 864372 759720 635293 588049 770991 104652 43829 40313 60823 41886 47244 161030 108979
is_linear=0
shrinkage=0.05


Tree=68
num_leaves=15
num_cat=0
split_feature=2 9 9 9 1 3 5 4 6 4 3 4 5 6
split_gain=125.492 64.1122 45.5863 69.8458 37.6275 24.7354 17.8958 18.3716 14.4965 10.1824 9.24745 9.49707 7.92155 6.37973
threshold=1.0000000180025095e-35 0.81955946922834355 0.81999535510242005 0.83953120385695745 1.0000000180025095e-35 0.85082810155891708 0.014655796459586251 0.010582306830907056 0.19403762627126578 0.29166666666666669 0.89746206819181029 0.0036429993364299937 0.0057291944030248175 0.31080297257084427
decision_type=2 2 2 2 2 2 2 2 2 2 2 2 2 2
left_child=5 6 -3 9 -5 -1 10 -8 -9 -4 -2 -12 -7 -14
right_child=1 2 3 4 -6 12 7 8 -10 -11 11 -13 13 -15
leaf_value=-0.046980770585769459 -0.041812580011580731 0.038436105911536844 -0.036025822610949297 0.0085249113516548472 -0.04974715877554059 -0.04149837412883501 0.033187750135347832 0.0073469794222458589 -0.017468954843300858 0.0078468182820379019 0.003800367609466144 -0.025211162162797032 -0.0080175618387222699 -0.029507411014662033
leaf_weight=117.08334600597209 55.280846929591917 105.68106083120483 105.39644759742419 1972.4248534422684 23.186614071396434 27.092510926051546 23.460877318673738 85.295896527852165 169.64341412666909 13.204850221824016 38.489694729417351 89.698775191578534 144.29269044817738 43.29821859340791
leaf_count=609961 196576 6140 104589 238115 19583 81434 4135 6091 40903 799 56947 190494 47267 32329
internal_value=-6.55641e-10 0.00360637 0.00713519 0.00548359 0.00772522 -0.0287721 -0.013249 -0.00509133 -0.00918459 -0.0310213 -0.0251642 -0.0166845 -0.0179982 -0.013615
internal_weight=3013.53 2681.76 2219.89 2114.21 1995.61 331.767 461.87 278.4 254.939 118.601 183.469 128.188 214.683 187.591
internal_count=1635363 864372 369226 363086 257698 770991 495146 51129 46994 105388 444017 247441 161030 79596
is_linear=0
shrinkage=0.05


Tree=69
num_leaves=15
num_cat=0
split_feature=2 7 12 9 1 0 3 4 6 6 9 5 4 5
split_gain=119.276 62.128 44.5618 36.4834 32.732 27.2167 24.1124 14.6196 8.89818 8.31091 7.80827 7.66532 7.29654 8.20495
threshold=1.0000000180025095e-35 1.0000000180025095e-35 1.0000000180025095e-35 0.78000796812749018 1.0000000180025095e-35 1.0000000180025095e-35 0.85082810155891708 0.75000000000000011 0.45610495498180198 0.1964607947465821 0.87988238742504643 0.017709678555132956 0.0035149493451939713 0.0057291944030248175
decision_type=2 2 2 2 2 2 2 2 2 2 2 2 2 2
left_child=6 5 3 9 -5 8 -1 -7 -2 -3 -10 12 13 -8
right_child=1 2 -4 4 -6 7 11 -9 10 -11 -12 -13 -14 -15
leaf_value=-0.046833490984843656 -0.041595967545866169 -0.0072774362681424665 -0.058537813537991479 0.0089515078730717894 -0.042629183357132387 -0.012668281382477501 -0.036024014929566285 0.022216224612499356 -0.029460550156890322 -0.034258265143052608 0.024655560224088525 -0.0046375295840254674 -0.03484000419100091 0.0014258510950909487
leaf_weight=112.28125134982747 101.60689286041134 65.981252949991358 21.407175256119444 2223.5174918119064 26.318449978363788 128.53864012120812 16.489477570183226 33.910955300940259 7.8925711557326421 50.52947864820635 8.8201773542168649 75.996265576352016 74.690500181651259 44.67356711064167
leaf_count=609961 247747 37177 29405 264355 17923 234103 30021 856 14583 17653 570 7614 109524 13871
internal_value=8.46019e-10 0.00349653 0.00612215 0.00682929 0.00825493 -0.018549 -0.0284022 -0.0049403 -0.0362756 -0.0199069 -0.00179977 -0.0177789 -0.0247046 -0.01063
internal_weight=2992.65 2668.52 2387.75 2366.35 2249.84 280.769 324.131 162.45 118.32 116.511 16.7127 211.85 135.854 61.163
internal_count=1635363 864372 366513 337108 282278 497859 770991 234959 262900 54830 15153 161030 153416 43892
is_linear=0
shrinkage=0.05


Tree=70
num_leaves=15
num_cat=0
split_feature=2 7 12 9 9 0 3 9 4 6 5 4 9 9
split_gain=112.771 58.177 40.1617 36.5405 30.7625 24.2893 23.5813 16.837 11.279 8.38309 7.52004 7.47311 7.29473 7.13414
threshold=1.0000000180025095e-35 1.0000000180025095e-35 1.0000000180025095e-35 0.89928762060970047 0.88368810051736901 1.0000000180025095e-35 0.85082810155891708 0.90202221972842567 0.75000000000000011 0.45610495498180198 0.010999700754395212 0.01941930618401207 0.87988238742504643 0.83549474447263516
decision_type=2 2 2 2 2 2 2 2 2 2 2 2 2 2
left_child=6 5 3 4 -3 9 -1 -5 13 -2 -8 -12 -11 -7
right_child=1 2 -4 7 -6 8 10 -9 -10 12 11 -13 -14 -15
leaf_value=-0.046635024339507371 -0.040610679495958396 0.0040462329379897417 -0.057019899106712339 0.024381336958070814 -0.019532336891233772 -0.027393627042728609 -0.028811081290779625 0.0096891342412492552 0.018639699063039448 -0.028595269477714732 0.0053183040233674766 -0.018750241991334817 0.02404287753595459 -0.0030704888767253504
leaf_weight=107.69272462834033 97.836909783258989 1273.343173772686 20.144322340995132 280.94697995494698 150.14475587009292 43.591150563260271 83.080804677269953 656.46587705041748 33.659184403055406 7.6965160164907074 50.98740853433992 75.091533101205641 8.6826161033532099 83.338698982107417
leaf_count=609961 247747 284716 29405 4695 22836 184340 130815 24861 856 14583 11060 19155 570 49763
internal_value=-8.07954e-10 0.00338129 0.00590484 0.00656111 0.00149958 -0.0181988 -0.0279541 0.0141984 -0.00532484 -0.0353171 -0.0174714 -0.00918513 -0.00159458 -0.0121453
internal_weight=2972.7 2655.85 2381.05 2360.9 1423.49 274.805 316.852 937.413 160.589 114.216 209.16 126.079 16.3791 126.93
internal_count=1635363 864372 366513 337108 307552 497859 770991 29556 234959 262900 161030 30215 15153 234103
is_linear=0
shrinkage=0.05


Tree=71
num_leaves=15
num_cat=0
split_feature=3 9 9 9 9 5 4 6 6 0 8 4 9 6
split_gain=107.794 65.3032 51.4701 65.0393 33.2353 18.3736 16.8943 14.4667 10.0961 10.0676 8.25807 7.84281 3.76451 6.13911
threshold=0.61879321518094954 0.81974042785608325 0.81999535510242005 0.83849765125760001 0.91939599802136851 0.017709678555132956 0.025978407557354928 0.17788270776204329 1.0000000180025095e-35 2.5000000000000004 1.0000000180025095e-35 0.10555555555555557 0.91978090180572081 0.31080297257084427
decision_type=2 2 2 2 2 2 2 2 2 2 2 2 2 2
left_child=12 5 -3 9 -5 8 10 -8 11 -4 -7 -2 -1 -14
right_child=1 2 3 4 -6 6 7 -9 -10 -11 -12 -13 13 -15
leaf_value=-0.044966078080289573 -0.01968357270394281 0.038799515804338047 -0.041958190705632267 0.0021202669512312604 0.016439608884294001 0.032009416705366271 0.010494246951459556 -0.018554085847455808 -0.039640403064134466 0.0037735597451322637 -0.014336465518866172 0.014491398917712672 -0.024967003913925489 0.038321868841841376
leaf_weight=126.60554957537533 172.66553591877482 106.67309515349825 80.626278590830225 1569.0578034119098 542.20860998380795 35.707709364181937 55.945908413763391 146.93117920024815 67.831578201915363 13.090457600354965 9.3805838773405394 14.961246055030641 5.9569903955766668 0.924150807441947
leaf_count=591386 328977 4036 105918 282828 24830 3204 1903 25076 227673 6329 1670 3140 27178 1215
internal_value=-2.70102e-10 0.00211495 0.00567271 0.00398594 0.00582787 -0.014117 -0.00427924 -0.0104839 -0.0234007 -0.0357027 0.0218986 -0.0166531 -0.0430679 -0.00391702
internal_weight=2948.57 2815.08 2311.66 2204.98 2111.27 503.424 247.965 202.877 255.458 93.7167 45.0883 187.627 133.487 6.88114
internal_count=1635363 1015584 423941 419905 307658 591643 31853 26979 559790 112247 4874 332117 619779 28393
is_linear=0
shrinkage=0.05


Tree=72
num_leaves=15
num_cat=0
split_feature=2 9 3 9 9 9 9 3 9 5 9 7 3 7
split_gain=104.411 54.1878 30.5119 29.4539 61.4206 25.0336 45.1352 22.351 18.6193 13.5926 13.4245 7.34473 6.91335 6.88394
threshold=1.0000000180025095e-35 0.87942088583716915 0.6144701727643217 0.87995354129024672 0.89899522726641756 0.86012345679012359 0.85944763953299164 0.85082810155891708 0.90202221972842567 0.021017203690868156 0.87719544043997932 0.45000000000000007 0.9953866087424702 2.6333333333333337
decision_type=2 2 2 2 2 2 2 2 2 2 2 2 2 2
left_child=7 2 -2 13 9 6 -4 -1 -6 -5 -7 12 -9 -3
right_child=1 3 5 4 8 10 -8 11 -10 -11 -12 -13 -14 -15
leaf_value=-0.046316974331058455 -0.043603501526097946 0.031774183072111481 -0.0045962825216172305 -0.029569564755321954 0.021434935504857602 -0.035272966286339483 0.023065079461839732 0.0031586595113910661 0.006846560064676991 0.0011135566554117385 -0.0056255280887684746 -0.012108319826674343 -0.04618957895607112 0.0082925370746003268
leaf_weight=100.6528853645309 42.594581740477452 164.32439324665438 876.65077464236037 118.30219948027116 321.31388150137354 77.638467673477862 172.09364294246552 8.1920595651281456 688.01323432093727 50.534305964436498 75.162705968401497 168.75098681506643 29.069061110174516 43.578797968766594
leaf_count=609961 125631 4259 581467 38627 9328 37973 6582 10794 43920 1146 12777 52051 98185 2662
internal_value=-7.14179e-10 0.00323668 -0.00433001 0.0100197 0.00689264 -0.00276285 3.07123e-05 -0.027367 0.0115735 -0.0206179 -0.0213298 -0.0172303 -0.03625 0.0271625
internal_weight=2936.87 2630.21 1244.14 1386.07 1178.16 1201.55 1048.74 306.665 1009.33 168.837 152.801 206.012 37.2611 207.903
internal_count=1635363 864372 764430 99942 93021 638799 588049 770991 53248 39773 50750 161030 108979 6921
is_linear=0
shrinkage=0.05


Tree=73
num_leaves=15
num_cat=0
split_feature=2 9 3 9 9 12 9 3 5 5 5 7 7 7
split_gain=99.6326 54.3579 28.8033 23.8197 58.4735 23.1206 23.2464 21.2551 17.7839 15.5839 7.00426 6.59224 12.9401 6.92866
threshold=1.0000000180025095e-35 0.87942088583716915 0.6144701727643217 0.87995354129024672 0.89671589233088067 1.0000000180025095e-35 0.86012345679012359 0.85082810155891708 0.0050926292600219428 0.021017203690868156 0.0057291944030248175 2.6333333333333337 4.4500000000000011 2.0833333333333335
decision_type=2 2 2 2 2 2 2 2 2 2 2 2 2 2
left_child=7 2 -2 11 9 6 -4 -1 -6 -5 -9 13 -13 -3
right_child=1 3 5 4 8 -7 -8 10 -10 -11 -12 12 -14 -15
leaf_value=-0.046049622131150894 -0.043287331937899062 0.020858821584645724 0.00063683297190160384 -0.039437830656154832 -0.013420924615281091 -0.057949134162568583 -0.020263360498064105 -0.040297591613373041 0.012482996270809309 0.00015308282659240403 -0.013035405673883425 -0.012156749752819926 0.038934364076377605 0.044192809931036879
leaf_weight=96.0227041504927 40.960990133166206 108.88715958302782 1035.4470540884022 73.173860294481983 66.991341985903773 13.801593762849732 147.61353847209284 24.585630365111683 986.86337936590917 36.386230911804887 179.84742855194145 29.245851336498163 14.639474816765867 56.103540004958631
leaf_count=609961 125631 3603 573809 28964 23125 19396 45594 81434 40045 887 79596 1693 969 656
internal_value=2.55378e-10 0.00315621 -0.0044326 0.00999265 0.00713665 -0.0029283 -0.00204524 -0.0270214 0.0107807 -0.0268564 -0.0171978 0.0253615 0.0071255 0.0298598
internal_weight=2910.57 2610.11 1237.82 1372.29 1163.41 1196.86 1183.06 300.456 1053.85 109.56 204.433 208.876 43.8853 164.991
internal_count=1635363 864372 764430 99942 93021 638799 619403 770991 63170 29851 161030 6921 2662 4259
is_linear=0
shrinkage=0.05


Tree=74
num_leaves=15
num_cat=0
split_feature=7 2 12 9 9 9 0 4 3 9 8 6 9 7
split_gain=96.9678 48.3054 35.0881 34.0048 38.1277 28.835 27.2487 15.7259 14.8345 9.94127 8.70918 6.83177 7.61009 6.60471
threshold=1.0000000180025095e-35 1.0000000180025095e-35 1.0000000180025095e-35 0.91939599802136851 0.90202221972842567 0.91993331014631552 1.0000000180025095e-35 0.75000000000000011 0.9953866087424702 0.83336088154269994 1.0000000180025095e-35 0.45610495498180198 0.87988238742504643 0.55000000000000016
decision_type=2 2 2 2 2 2 2 2 2 2 2 2 2 2
left_child=6 8 3 4 -3 -5 11 9 -2 -8 13 -1 -13 -10
right_child=1 2 -4 5 -6 -7 7 -9 10 -11 -12 12 -14 -15
leaf_value=-0.043751461824786189 -0.041680832106676224 0.0049045982968975305 -0.054989743193929998 0.034743759064530019 -0.022491661973083776 0.00916160559389422 -0.033585184523024114 0.016918333062495339 0.019017461531090778 -0.0077014800299701177 -0.028935377601848181 -0.032381153173549844 0.01975453510482944 -0.0092359843239606006
leaf_weight=136.20590820089751 50.59176407503719 1675.4207989453057 18.802749628179299 159.39917435644747 132.44350597368248 350.80962103691127 59.588179004448193 35.265502654197917 21.129595146296197 96.821239481985685 43.615306604817306 9.6798870024542811 8.7975337358316192 96.05925500842568
leaf_count=497447 260393 312247 29405 2273 12660 9928 328386 1247 5624 106616 21522 24958 1306 21351
internal_value=-7.92104e-10 0.00338895 0.00547133 0.00607905 0.00284106 0.0174136 -0.024627 -0.0115528 -0.0192253 -0.0182974 -0.0111165 -0.0399588 -0.00863757 -0.00357204
internal_weight=2894.63 2548.27 2336.88 2318.07 1807.86 510.209 346.358 191.675 211.396 156.409 160.804 154.683 18.4774 117.189
internal_count=1635363 675403 366513 337108 324907 12201 959960 436249 308890 435002 48497 523711 26264 26975
is_linear=0
shrinkage=0.05


Tree=75
num_leaves=15
num_cat=0
split_feature=7 9 9 9 5 0 9 12 1 4 4 3 9 9
split_gain=91.7172 49.517 61.8803 70.5049 26.5544 25.0609 21.3871 18.2771 15.6919 14.036 10.5253 12.1845 10.3721 9.20222
threshold=1.0000000180025095e-35 0.85944763953299164 0.84016393442622961 0.83975200534733674 0.006845092259310224 1.0000000180025095e-35 0.81999535510242005 1.0000000180025095e-35 1.0000000180025095e-35 0.75000000000000011 0.0033389074693422525 0.9953866087424702 0.8581693353193075 0.83336088154269994
decision_type=2 2 2 2 2 2 2 2 2 2 2 2 2 2
left_child=5 2 3 6 10 -1 -2 8 -6 13 11 -3 -4 -7
right_child=1 4 12 -5 7 9 -8 -9 -10 -11 -12 -13 -14 -15
leaf_value=-0.039280368557322393 -0.0017316697555349704 -0.034863817397165674 -0.045601263873055194 0.04058350168937537 0.011869057817656865 -0.033007891886414863 -0.02432777774867562 -0.044118326382735808 -0.040786997067798175 0.015524470501241764 -0.03354221027455153 0.0014393102171650211 -0.013507587108436992 -0.0078806479595385087
leaf_weight=149.35058981394263 510.99031007554572 21.219828907864667 95.065727006102861 86.241985882104018 1418.8714919951422 58.098857742976861 127.00662998913731 10.185753479825506 9.5280977560805677 34.575977963242622 27.44370790922676 192.29030267360213 40.988570399026912 96.695515730039006
leaf_count=523711 264818 117487 53213 8248 67622 328386 75882 18414 4976 1247 10393 40972 13378 106616
internal_value=-2.39127e-12 0.00327438 -0.00645602 -0.000551306 0.00826285 -0.0242427 -0.00638409 0.0108324 0.0113768 -0.0116777 -0.00698666 -0.0028839 -0.0367541 -0.0180494
internal_weight=2878.55 2539.83 860.293 724.239 1679.54 338.721 637.997 1438.59 1428.4 189.37 240.954 213.51 136.054 154.794
internal_count=1635363 675403 415539 348948 259864 959960 340700 91012 72598 436249 168852 158459 66591 435002
is_linear=0
shrinkage=0.05


Tree=76
num_leaves=15
num_cat=0
split_feature=2 9 9 9 1 3 5 4 5 4 0 9 4 5
split_gain=90.101 52.4589 44.6785 56.0034 30.0861 19.2615 15.6404 19.5095 10.3984 8.75225 7.60025 6.78773 6.65795 6.03383
threshold=1.0000000180025095e-35 0.81974042785608325 0.81999535510242005 0.83887481528811114 1.0000000180025095e-35 0.85082810155891708 0.016962512486045012 0.010582306830907056 0.024056223711800797 0.10555555555555557 2.5000000000000004 0.81934906384894468 0.0034904120269973935 0.010999700754395212
decision_type=2 2 2 2 2 2 2 2 2 2 2 2 2 2
left_child=5 6 -3 10 -5 -1 9 -8 -9 12 -4 -7 -2 -13
right_child=1 2 3 4 -6 11 7 8 -10 -11 -12 13 -14 -15
leaf_value=-0.045540511718714274 -0.0093225907965468376 0.038356697814840822 -0.039789705694164262 0.0070748437298260641 -0.046843806000362045 -0.031343829570897284 0.040511906228620359 -0.017003881234741187 0.0050626104070192338 0.011691255553997623 0.0017584900310296811 -0.022907918280402308 -0.030742730504795809 -0.0022581770377311742
leaf_weight=87.120348057270803 55.873715076742883 98.151171368205041 72.646134520871556 1924.0792166791643 21.294984502695115 55.497943939957622 17.927671280762297 124.9703434782341 87.476455589243415 14.779785574733976 12.344498534339435 55.178523493031207 140.80722338913756 88.855200514884928
leaf_count=609961 139164 3522 90784 245584 20229 95447 1213 26286 4629 4057 6489 53692 322415 11891
internal_value=1.12158e-10 0.00298288 0.00624026 0.00459729 0.00636605 -0.0263394 -0.0126036 -0.003454 -0.00801036 -0.0222616 -0.0339926 -0.0170475 -0.0250396 -0.0106721
internal_weight=2857 2570.35 2128.52 2030.36 1945.37 286.652 441.835 230.374 212.447 211.461 84.9906 199.532 196.681 144.034
internal_count=1635363 864372 366608 363086 265813 770991 497764 32128 30915 465636 97273 161030 461579 65583
is_linear=0
shrinkage=0.05


Tree=77
num_leaves=15
num_cat=0
split_feature=2 9 9 9 9 5 9 4 5 9 3 6 7 9
split_gain=84.9765 48.7448 27.5301 42.5724 43.9658 20.3527 21.3107 20.9727 22.8806 20.9098 18.7987 12.1776 7.6357 7.38169
threshold=1.0000000180025095e-35 0.87898894063979471 0.86012345679012359 0.85944763953299164 0.84016393442622961 0.0088058521698509435 0.93872928324720883 0.0051679931627584006 0.019709122453165598 0.91993331014631552 0.85082810155891708 0.45959525609772206 2.6333333333333337 0.87719544043997932
decision_type=2 2 2 2 2 2 2 2 2 2 2 2 2 2
left_child=10 2 3 4 -2 6 9 11 -9 -3 -1 -7 -8 -4
right_child=1 5 13 -5 -6 7 12 8 -10 -11 -12 -13 -14 -15
leaf_value=-0.045326262643766053 -0.0013212631896663005 -0.0020986768290753711 -0.035621105365039728 0.0206182410753083 -0.031057530459712643 0.029209906521084569 0.028903497865880087 0.00082082097099711755 0.01771502719003783 -0.044818793064631192 -0.01673016876909663 -0.029040150032436436 -0.014673978527346294 -0.0094958439211695438
leaf_weight=83.356531547604845 743.19626441478886 273.16980653089308 76.466340537108863 170.76418429315618 144.39056200542996 201.04549293281889 62.319947255016359 406.55640309931232 391.24487078427774 27.078371506055191 197.25754249850706 5.534233855752972 8.6600645440830686 47.536157847091545
leaf_count=609961 617739 59791 46207 9184 74460 9794 3554 17726 4530 6986 161030 368 1903 12130
internal_value=1.61316e-10 0.00288286 -0.00455224 -0.00188491 -0.00630557 0.00926677 -0.000734044 0.0129485 0.00916454 -0.00662249 -0.0258694 0.027 0.022971 -0.0263623
internal_weight=2838.58 2557.96 1182.35 1058.35 887.587 1375.61 371.228 1004.38 797.801 300.248 280.614 206.58 70.98 124.002
internal_count=1635363 864372 759720 701383 692199 104652 72234 32418 22256 66777 770991 10162 5457 58337
is_linear=0
shrinkage=0.05


Tree=78
num_leaves=15
num_cat=0
split_feature=7 9 9 9 5 0 5 4 6 4 9 9 6 9
split_gain=82.9279 45.2563 40.052 45.6618 29.4496 23.1069 14.5913 17.2591 11.0758 10.8633 8.51862 8.21795 7.04409 6.89796
threshold=1.0000000180025095e-35 0.81974042785608325 0.81999535510242005 0.83931416644618884 0.0084240787583613856 1.0000000180025095e-35 0.016962512486045012 0.010582306830907056 0.17788270776204329 0.75000000000000011 0.83336088154269994 0.83471941443011499 0.45610495498180198 0.87988238742504643
decision_type=2 2 2 2 2 2 2 2 2 2 2 2 2 2
left_child=5 6 -3 11 -5 12 -2 -8 -9 10 -7 -4 -1 -14
right_child=1 2 3 4 -6 9 7 8 -10 -11 -12 -13 13 -15
leaf_value=-0.042636282824266729 -0.022482363343970666 0.035375526656733665 -0.044941060419379862 -0.0053269454610001873 0.0094506857185793491 -0.03201157806952467 0.036968304549632548 0.0078610016346075048 -0.016340270370093165 0.012784404784786608 -0.0074281250732725042 -0.013762078103217426 -0.030076602026477564 0.020532470970752555
leaf_weight=123.08364925482692 181.87447437147375 105.30503988996179 40.462148199777857 433.06828510872651 1474.408619092638 54.919815640366778 18.878456130374616 68.906198925255012 130.37565216179428 33.824050969516975 95.862546333601358 51.837290157856842 8.8608895183181193 8.3445484170570108
leaf_count=497447 234224 8208 34089 252445 89317 328386 1489 3321 17576 1247 106616 34734 24958 1306
internal_value=1.08126e-09 0.00309743 0.0060304 0.00440076 0.00609046 -0.0235678 -0.0122205 -0.00335343 -0.00798455 -0.0114501 -0.0171223 -0.0290373 -0.0385707 -0.006435
internal_weight=2830.01 2505.12 2105.08 1999.78 1907.48 324.896 400.035 218.16 199.282 184.606 150.782 92.2994 140.289 17.2054
internal_count=1635363 675403 418793 410585 341762 959960 256610 22386 20897 436249 435002 68823 523711 26264
is_linear=0
shrinkage=0.05


Tree=79
num_leaves=15
num_cat=0
split_feature=2 9 9 9 12 3 5 4 5 8 4 4 7 6
split_gain=81.5296 48.0864 40.3586 46.7103 26.68 17.6783 12.4247 17.4978 11.3828 9.52918 7.25209 6.36257 6.19019 5.84304
threshold=1.0000000180025095e-35 0.81974042785608325 0.81999535510242005 0.83471941443011499 1.0000000180025095e-35 0.85082810155891708 0.016962512486045012 0.029857397504456332 0.024056223711800797 1.0000000180025095e-35 0.10555555555555557 0.0034904120269973935 0.45000000000000007 0.5442660433226536
decision_type=2 2 2 2 2 2 2 2 2 2 2 2 2 2
left_child=5 6 -3 -4 -5 -1 10 9 -9 -8 11 -2 13 -7
right_child=1 2 3 4 -6 12 7 8 -10 -11 -12 -13 -14 -15
leaf_value=-0.045111056502608902 -0.0083566919891478932 0.036608891869761677 -0.042478182618216703 0.0061713669820833992 -0.051120799117883212 -0.042439918318276204 0.029293019934295492 -0.023443825450333754 0.0018123903015210944 -0.017927748963139766 0.010054325035785343 -0.029462836615238953 -0.012117702802959712 0.011616882278443652
leaf_weight=79.169849853471078 54.818444049538357 97.129371493520011 46.92117486867005 1946.8462877849231 15.582799820595026 28.797945091338079 43.624538792599196 91.616011118960159 81.64061941959153 10.036009807525259 14.595172208479196 134.49580131682205 162.53717690491249 3.6852520355469087
leaf_count=609961 139164 3522 71119 260000 31967 107537 4879 20455 4545 2249 4057 322415 52051 1442
internal_value=-3.9455e-10 0.00281659 0.00593265 0.00436261 0.00558767 -0.0256479 -0.0123123 -0.00411019 -0.0118258 0.0196861 -0.0211231 -0.0237236 -0.0168165 -0.0355756
internal_weight=2811.5 2537.31 2106.48 2009.35 1962.43 274.19 430.827 226.917 173.257 53.6605 203.909 189.314 195.02 32.4832
internal_count=1635363 864372 366608 363086 291967 770991 497764 32128 25000 7128 465636 461579 161030 108979
is_linear=0
shrinkage=0.05


Tree=80
num_leaves=15
num_cat=0
split_feature=3 9 12 9 9 9 9 9 9 6 9 6 4 6
split_gain=75.9509 49.0705 32.5281 28.1438 44.1265 18.9431 21.2488 39.8518 13.7652 7.22605 4.51208 5.47039 1.66222 1.14508
threshold=0.61879321518094954 0.81860625485625482 1.0000000180025095e-35 0.81999535510242005 0.83471941443011499 0.80090909090909101 0.78000796812749018 0.7807415043122703 0.81992087763314825 0.1964607947465821 0.91978090180572081 0.31080297257084427 0.29166666666666669 0.2408809078537836
decision_type=2 2 2 2 2 2 2 2 2 2 2 2 2 2
left_child=10 5 3 8 -5 6 9 -8 -3 -2 -1 -12 -7 -14
right_child=1 2 -4 4 -6 12 7 -9 -10 -11 11 -13 13 -15
leaf_value=-0.043412208747009962 -0.011273975963970678 0.0087892688233607939 -0.054004266112860737 -0.040656934407983542 0.0049446290046502757 -0.038992693881631117 0.045165952004794015 -0.0087413882982781948 0.041192620941161578 -0.033121040371023133 -0.022213583431167611 0.038344289213058796 0.0038448856187205203 -0.0206349614191574
leaf_weight=97.830687904925298 91.19607324945764 62.920280317330707 18.447800301319148 49.489222728408095 2052.7473579405305 62.853037504408803 38.345678344511271 159.25128884144669 72.118495906066528 71.400799819719396 4.9015865917365309 0.98415547648210111 4.9879568590113186 10.112399525896761
leaf_count=591386 116942 17368 34412 83506 302646 169536 5514 185298 1369 97002 27178 1215 406 1585
internal_value=-2.10291e-10 0.00165054 0.00462986 0.00523268 0.00377719 -0.0135671 -0.00846953 0.00257637 0.0269474 -0.0215695 -0.0409745 0.000873479 -0.035191 -0.0136038
internal_weight=2797.59 2693.87 2255.72 2237.28 2102.24 438.147 360.194 197.597 135.039 162.597 103.716 5.88574 77.9534 15.1004
internal_count=1635363 1015584 439301 404889 386152 576283 404756 190812 18737 213944 619779 28393 171527 1991
is_linear=0
shrinkage=0.05


Tree=81
num_leaves=15
num_cat=0
split_feature=2 1 12 9 9 9 3 7 5 6 3 7 9 5
split_gain=74.9355 46.3898 41.711 33.1498 39.3611 25.9479 16.6987 6.22858 6.0891 5.85273 4.94338 4.80519 2.82966 1.28193
threshold=1.0000000180025095e-35 1.0000000180025095e-35 1.0000000180025095e-35 0.91939599802136851 0.90202221972842567 0.91993331014631552 0.85082810155891708 4.2916666666666679 0.0057291944030248175 0.31080297257084427 0.9953866087424702 0.29166666666666669 0.9585472006264909 0.019709122453165598
decision_type=2 2 2 2 2 2 2 2 2 2 2 2 2 2
left_child=6 2 3 4 -2 -5 12 -3 -8 11 -11 -10 -1 -9
right_child=1 7 -4 5 -6 -7 8 13 9 10 -12 -13 -14 -15
leaf_value=-0.045855631960210495 0.0032908356911472095 -0.051715314204536955 -0.058797744000373679 0.031852832814095899 -0.023835783651895183 0.0077329383814546144 -0.039124381096628226 -0.015131400689768003 -0.034635231357726608 0.009677428206065479 -0.035220076738992738 -0.0036730423976045522 0.00939775118048841 0.014301767407956377
leaf_weight=72.984584539256048 1798.13411067525 38.726996732080352 21.494862971307612 160.97443536939591 139.45106810012908 354.48772318351621 21.983160617206522 1.4236736834827741 9.1948987805708366 5.0998432976211907 32.675374755783196 123.04209034865926 0.79534094127256949 3.9102742573595606
leaf_count=607205 738313 54506 39346 2510 16335 10936 81434 2244 24839 1708 30621 22428 2756 182
internal_value=2.04915e-10 0.00268204 0.00362951 0.00429502 0.00128216 0.015499 -0.0249964 -0.0454765 -0.0164818 -0.0125199 -0.028736 -0.00700939 -0.0447014 0.00292565
internal_weight=2784.38 2518.6 2474.54 2453.05 1937.59 515.462 265.775 44.0609 191.995 170.012 37.7752 132.237 73.7799 5.33395
internal_count=1635363 864372 807440 768094 754648 13446 770991 56932 161030 79596 32329 47267 609961 2426
is_linear=0
shrinkage=0.05


Tree=82
num_leaves=15
num_cat=0
split_feature=7 5 12 9 9 6 0 4 3 4 5 6 2 9
split_gain=71.7196 41.246 32.7964 30.6893 32.1476 20.9111 20.6419 10.8881 9.69415 8.98829 8.86732 6.77806 6.44204 6.19911
threshold=1.0000000180025095e-35 0.0058140404975533027 1.0000000180025095e-35 0.89928762060970047 0.88174242424242433 0.26447719700511668 1.0000000180025095e-35 0.75000000000000011 0.9953866087424702 0.0033389074693422525 0.0034357703103276411 0.45610495498180198 1.0000000180025095e-35 0.87988238742504643
decision_type=2 2 2 2 2 2 2 2 2 2 2 2 2 2
left_child=6 8 3 4 -3 -5 11 12 -2 10 -10 -1 -8 -13
right_child=1 2 -4 5 -6 -7 7 -9 9 -11 -12 13 -14 -15
leaf_value=-0.041669795362792687 -0.038307138486978101 0.0035415638589997517 -0.053931601016900588 0.0194425012751233 -0.021440600483520977 0.0034364653540907225 -0.037271003730506277 0.014111489944459708 -0.021721919350125077 -0.036467400360477992 0.0014601349861744237 -0.028742465264764039 -0.010906125002418034 0.019778551515186298
leaf_weight=112.78484484926435 38.922230229459728 1221.7335006904134 18.422850850203758 505.39616491298057 138.88603553335952 344.20210369383472 26.317027755378831 31.348085032968811 59.66530875755052 26.286109141212364 112.33673191873459 8.3076773666584831 121.52878431205727 8.2397597741305599
leaf_count=497447 244242 242489 29469 24240 18808 7186 200899 1247 44352 19208 45409 24958 234103 1306
internal_value=4.66145e-10 0.0028585 0.00497829 0.00558995 0.00092233 0.0130159 -0.0225274 -0.011044 -0.016749 -0.0116792 -0.00696787 -0.0374348 -0.0166649 -0.00559845
internal_weight=2774.38 2465.85 2228.64 2210.22 1360.62 849.598 308.526 179.194 237.21 198.288 172.002 129.332 147.846 16.5474
internal_count=1635363 675403 322192 292723 261297 31426 959960 436249 353211 108969 89761 523711 435002 26264
is_linear=0
shrinkage=0.05


Tree=83
num_leaves=15
num_cat=0
split_feature=2 9 9 9 3 9 9 9 9 3 5 5 4 5
split_gain=68.7138 43.4156 30.2193 50.999 23.2629 17.4007 31.2423 17.0873 16.801 15.737 10.1085 5.90078 7.34155 6.686
threshold=1.0000000180025095e-35 0.87959519290939814 0.87995354129024672 0.89899522726641756 0.6144701727643217 0.86012345679012359 0.85981413692081421 0.90202221972842567 0.87719544043997932 0.85082810155891708 0.021017203690868156 0.016245473494389328 0.0035149493451939713 0.0057291944030248175
decision_type=2 2 2 2 2 2 2 2 2 2 2 2 2 2
left_child=9 4 -3 10 -2 6 -6 -5 -7 -1 -4 12 13 -11
right_child=1 2 3 7 5 8 -8 -9 -10 11 -12 -13 -14 -15
leaf_value=-0.044252891937564494 -0.041957182125973935 0.028194181857423485 -0.027847338181640653 0.019732022561683285 -0.0035627966708102845 -0.035203557844031445 0.024541324609307393 0.0055346099893507691 -0.0037175820621633254 -0.033646194979633802 -0.00068864018191601482 -0.0050272221657071412 -0.035351495606365683 0.0018541860460285474
leaf_weight=68.672169438915716 34.709480476049976 170.27235786547772 111.82642689590261 311.40496270095537 887.80273586796966 71.230331271730392 106.20681834819698 660.79123408137389 98.407544871461141 14.124322588038011 48.844474944635294 77.21507363321507 56.194595372570802 41.723037481219762
leaf_count=609961 126040 4980 38627 9328 584448 37973 3601 43920 14309 30021 1146 10530 106647 13832
internal_value=-6.60146e-10 0.00255084 0.00885187 0.00583356 -0.00430946 -0.00301179 -0.00045216 0.0101599 -0.0175678 -0.0243171 -0.019861 -0.0161305 -0.0232408 -0.00915122
internal_weight=2759.43 2501.5 1303.14 1132.87 1198.36 1163.65 994.01 972.196 169.638 257.929 160.671 189.257 112.042 55.8474
internal_count=1635363 864372 98001 93021 766371 640331 588049 53248 52282 770991 39773 161030 150500 43853
is_linear=0
shrinkage=0.05


Tree=84
num_leaves=15
num_cat=0
split_feature=7 9 5 9 9 0 9 9 6 9 8 4 7 9
split_gain=65.7737 37.3712 25.0888 21.3214 35.7794 19.7707 17.216 50.2401 16.6423 11.9025 9.69784 9.30282 7.90174 7.61746
threshold=1.0000000180025095e-35 0.8792720649114093 0.008333445833445835 0.86012345679012359 0.85981413692081421 1.0000000180025095e-35 0.87995354129024672 0.89899522726641756 0.44763257257877542 0.87719544043997932 0.30570056931124501 0.75000000000000011 0.55000000000000016 0.87988238742504643
decision_type=2 2 2 2 2 2 2 2 2 2 2 2 2 2
left_child=5 2 12 4 -4 -1 13 10 -9 -5 -8 -7 -2 -3
right_child=1 6 3 9 -6 11 7 8 -10 -11 -12 -13 -14 -15
leaf_value=-0.036925952395426932 -0.0038999921200412314 0.012969169088607027 -0.0016886611994402394 -0.038660822624131397 0.028883012675178954 -0.015854419949931094 -0.026913889143664122 0.011768133563581728 -0.014827459690218564 -0.0035641709525633686 0.0046540960856186848 0.013089806478596009 -0.024632121399562612 0.0327301525044012
leaf_weight=123.67867442323632 66.922015419055469 135.27629240308897 696.30205565448227 46.771362349348692 105.87413649403652 144.19796283231744 119.15738017062017 890.72457600115172 58.770031826033119 47.388324689545925 28.596040687889399 30.102608292479999 158.36993334573367 83.688429842898131
leaf_count=523711 63746 16407 140972 12781 2843 435002 43930 100161 1178 5418 9909 1247 273584 4474
internal_value=-2.65425e-10 0.00272533 -0.00397183 -0.00018875 0.00250022 -0.0219736 0.00842583 0.00581562 0.0100529 -0.0220679 -0.0208519 -0.01063 -0.0186921 0.0210839
internal_weight=2735.82 2437.84 1121.63 896.336 802.176 297.979 1316.21 1097.25 949.495 94.1597 147.753 174.301 225.292 218.965
internal_count=1635363 675403 499344 162014 143815 959960 176059 155178 101339 18199 53839 436249 337330 20881
is_linear=0
shrinkage=0.05


Tree=85
num_leaves=15
num_cat=0
split_feature=2 1 9 9 9 5 9 4 3 4 7 9 9 4
split_gain=65.8096 42.1986 36.9976 21.8634 26.8266 16.3842 18.9334 15.4342 14.7457 7.09287 5.66906 5.24715 4.87739 6.48805
threshold=1.0000000180025095e-35 1.0000000180025095e-35 0.87898894063979471 0.86012345679012359 0.85981413692081421 0.0088058521698509435 0.93872928324720883 0.0051679931627584006 0.85082810155891708 0.11805555555555557 8.2916666666666696 0.81934906384894468 0.87995354129024672 0.054093567251461992
decision_type=2 2 2 2 2 2 2 2 2 2 2 2 2 2
left_child=8 2 3 4 -2 6 -4 -7 -1 -5 -3 -10 -13 -14
right_child=1 10 5 9 -6 7 -8 -9 11 -11 -12 12 13 -15
leaf_value=-0.043973565742259559 -0.0038602330512109875 -0.049115718075286224 -0.0059001277407010524 -0.028853296015474074 0.022228128492914143 0.02442007709148537 0.022191261372509347 0.0089846186509285452 -0.029391970578159933 0.0054978416899583663 0.014000605240804032 -0.0041152667495294405 -0.037098819544012035 0.0045350953562356437
leaf_weight=65.116805505257616 880.72194227637442 38.870885292815274 287.46456665324695 95.257780258149296 105.88379894273203 205.41813987912883 70.458383956748094 762.57947678767641 50.631498509676476 15.976281766375903 1.766705620997526 99.217814897005155 25.250325683642586 12.105862532072932
leaf_count=609961 652706 56696 61286 53216 4532 9064 5080 20780 95447 776 236 50251 14773 559
internal_value=5.2563e-10 0.00250748 0.00339761 -0.00338381 -0.000962433 0.00900412 -0.000140695 0.0123688 -0.0240631 -0.0238953 -0.0451385 -0.0161737 -0.0104084 -0.024664
internal_weight=2716.72 2464.4 2423.76 1097.84 986.606 1325.92 357.923 967.998 252.322 111.234 40.6376 187.206 136.574 37.3562
internal_count=1635363 864372 807440 711230 657238 96210 66366 29844 770991 53992 56932 161030 65583 15332
is_linear=0
shrinkage=0.05


Tree=86
num_leaves=15
num_cat=0
split_feature=9 9 9 5 6 4 5 4 6 5 6 5 4 4
split_gain=61.6163 40.828 45.2795 31.2134 31.3548 21.6786 18.7802 13.151 12.5556 15.7493 10.505 8.85732 7.72984 7.72762
threshold=0.81974042785608325 0.81999535510242005 0.83471941443011499 0.014423222271656905 1.0000000180025095e-35 0.0052219677137870868 0.018574991593326245 0.025978407557354928 0.17788270776204329 0.026125329939668176 1.0000000180025095e-35 0.011827542960043404 0.0098524558338186786 0.06458333333333334
decision_type=2 2 2 2 2 2 2 2 2 2 2 2 2 2
left_child=6 -2 -3 4 -4 -5 10 -8 13 -10 11 -1 -13 -9
right_child=1 2 3 5 -6 -7 7 8 9 -11 -12 12 -14 -15
leaf_value=-0.024731977184757323 0.033464596237231019 -0.041948530200788675 0.0018679402191715457 0.034616416614737272 -0.018716977833768151 0.007374230596236625 0.020878816633097163 0.028832960664894991 -0.031598132895605917 0.0038541440814933402 -0.039398718161532176 0.025231565979910373 -0.011294118379287701 -0.0078087104775270491
leaf_weight=132.28628611637089 103.67590454293259 51.97643068879006 829.50562840830378 75.04303510490081 232.81797367139563 916.40923212815505 36.871038456321912 23.058181553820759 78.256796356447921 48.637222503661178 80.159515508956133 14.205092947709089 54.304528574660708 26.145458635612158
leaf_count=464822 9441 126359 412793 2746 139073 37533 3629 726 19608 2326 395847 2947 16504 1009
internal_value=5.77622e-10 0.00357644 0.00202913 0.00324128 -0.00270998 0.00959954 -0.0158737 -0.00451451 -0.010261 -0.0183786 -0.0242547 -0.0173987 -0.00251964 0.0104383
internal_weight=2703.35 2209.43 2105.75 2053.78 1062.32 991.452 493.924 212.969 176.098 126.894 280.955 200.796 68.5096 49.2036
internal_count=1635363 727945 718504 592145 551866 40279 907418 27298 23669 21934 880120 484273 19451 1735
is_linear=0
shrinkage=0.05


Tree=87
num_leaves=15
num_cat=0
split_feature=2 9 9 9 3 9 9 5 3 5 9 5 6 3
split_gain=61.6334 38.3419 24.5518 38.8147 20.9462 17.617 20.7509 17.0507 14.1594 9.17907 8.43997 5.06323 5.82837 4.27261
threshold=1.0000000180025095e-35 0.87959519290939814 0.87995354129024672 0.89899522726641756 0.6144701727643217 0.76002082574061547 0.84016393442622961 0.017332330013665166 0.85082810155891708 0.021017203690868156 0.70375618811881202 0.0057291944030248175 0.31080297257084427 0.9953866087424702
decision_type=2 2 2 2 2 2 2 2 2 2 2 2 2 2
left_child=8 4 -3 9 -2 10 -7 -5 -1 -4 -6 -10 -13 -14
right_child=1 2 3 7 5 6 -8 -9 11 -11 -12 12 13 -15
leaf_value=-0.04366510642986577 -0.04122997943228765 0.025901014693651678 -0.025341491404146189 0.0042200445577678866 -0.0011447811666365547 0.0049076490183609543 -0.0091364306644462212 0.018041296941134218 -0.037613834840116246 0.0011660593393133442 -0.036974631001772888 -0.0067172119980981205 0.0085071252485349799 -0.034884308008622592
leaf_weight=61.850079398239359 31.894703078899511 168.31777879516721 105.52820469337621 609.6632738321714 24.189696356960667 597.76613560555234 461.76538194115528 350.95339261797926 19.718627680270401 45.751559488235216 48.534831885181575 128.63951095739048 4.6945648536579929 31.081863476839317
leaf_count=609961 126040 4980 38627 49423 13682 442137 120434 3825 81434 1146 64078 47267 1708 30621
internal_value=1.12816e-09 0.00241805 0.00837456 0.00561735 -0.00414012 -0.00291865 -0.00122721 0.0093368 -0.0235978 -0.017544 -0.0258972 -0.0158811 -0.0122415 -0.0288455
internal_weight=2690.35 2444.36 1280.21 1111.9 1164.15 1132.26 1059.53 960.617 245.985 151.28 72.7245 184.135 164.416 35.7764
internal_count=1635363 864372 98001 93021 766371 640331 562571 53248 770991 39773 77760 161030 79596 32329
is_linear=0
shrinkage=0.05


Tree=88
num_leaves=15
num_cat=0
split_feature=2 1 12 10 9 3 3 7 5 4 4 7 4 9
split_gain=58.7158 37.8484 37.4451 29.8036 25.8454 18.8042 13.7213 5.95414 5.06767 6.41567 5.6828 5.63945 5.33297 4.65089
threshold=1.0000000180025095e-35 1.0000000180025095e-35 1.0000000180025095e-35 1.0000000180025095e-35 0.87959519290939814 0.9953866087424702 0.85082810155891708 4.2916666666666679 0.016245473494389328 0.0035149493451939713 0.01941930618401207 0.77500000000000013 0.016261237440507673 0.91939599802136851
decision_type=2 2 2 2 2 2 2 2 2 2 2 2 2 2
left_child=6 2 3 4 -2 -5 -1 -3 9 11 12 -8 -10 -12
right_child=1 7 -4 5 -6 -7 8 -9 10 -11 13 -13 -14 -15
leaf_value=-0.043410545875846168 -0.00094113285768312256 -0.05062912846362614 -0.05752824222458644 -0.052022316685997161 0.0096182566754650974 0.0064006918649338763 0.0092009792787844987 0.0040053899051733502 -0.01222020331014763 -0.033912400433380417 -0.018832541379485979 -0.021204606386630312 0.032203900419701781 0.016391709609898299
leaf_weight=59.471514270729585 1084.0578237979294 33.428094044829777 20.149474097448547 33.388339330350846 1238.0182706305154 19.925088132360543 22.306289463055236 4.9268859817639159 7.8508543768803092 54.111850844348737 47.819750261247464 31.643206296510471 11.697513409511883 7.3594398808054384
leaf_count=609961 604772 54506 39346 96316 61877 5129 22430 2426 1338 106647 8599 21423 383 210
internal_value=7.15262e-10 0.00235376 0.00318529 0.00382005 0.00469719 -0.031511 -0.0232167 -0.0439585 -0.0156657 -0.0223806 -0.00516073 -0.00891882 0.0155075 -0.013163
internal_weight=2676.15 2433.89 2395.54 2375.39 2322.08 53.3134 242.26 38.355 182.789 108.061 74.7276 53.9495 19.5484 55.1792
internal_count=1635363 864372 807440 768094 666649 101445 770991 56932 161030 150500 10530 43853 1721 8809
is_linear=0
shrinkage=0.05


Tree=89
num_leaves=15
num_cat=0
split_feature=9 9 9 5 9 5 3 4 6 0 6 5 0 4
split_gain=56.0616 37.0135 41.0337 29.9247 20.7709 16.8778 16.2621 11.6372 10.6468 15.311 9.91783 7.83143 7.6683 7.49556
threshold=0.81974042785608325 0.81999535510242005 0.83849765125760001 0.006845092259310224 0.93954918270766208 0.018574991593326245 0.9953866087424702 0.025978407557354928 0.17788270776204329 1.5000000000000002 1.0000000180025095e-35 0.011827542960043404 2.5000000000000004 0.0033389074693422525
decision_type=2 2 2 2 2 2 2 2 2 2 2 2 2 2
left_child=5 -2 12 6 -5 10 -4 -7 -9 -10 11 13 -3 -1
right_child=1 2 3 4 -6 7 -8 8 9 -11 -12 -13 -14 -15
leaf_value=-0.0082318704623053785 0.031847954801921784 -0.038026611563232303 -0.039308896393080717 0.0041063650520128652 0.021999086672745433 0.019248458950207922 -0.0060269859577065212 0.0089870138329267227 -0.028404822531323138 0.0095052910493793434 -0.03861660603422714 -0.0027823644070599459 0.0031492330328430108 -0.03357151951075369
leaf_weight=52.397842536305461 103.76224711799841 68.675694782680239 37.621081132520885 1494.5935045614522 177.58824902907509 37.114989540796159 286.62848452843446 49.022300613609332 87.691588420615517 34.483036696290583 76.008796709298281 68.076798300503924 12.49639121098039 75.228598529174292
leaf_count=129794 9441 158299 262497 171771 5195 3629 109624 1735 18289 3645 395847 19451 11118 335028
internal_value=6.59525e-10 0.00341157 0.00191831 0.0033684 0.00606652 -0.0153785 -0.0104268 -0.00450721 -0.0100574 -0.0177519 -0.0234811 -0.016787 -0.0318727 -0.0238707
internal_weight=2661.39 2181.37 2077.6 1996.43 1672.18 480.024 324.25 208.312 171.197 122.175 271.712 195.703 81.1721 127.626
internal_count=1635363 727945 718504 549087 176966 907418 372121 27298 23669 21934 880120 484273 169417 464822
is_linear=0
shrinkage=0.05


Tree=90
num_leaves=15
num_cat=0
split_feature=2 1 12 9 9 3 9 7 5 4 4 5 9 9
split_gain=54.7959 35.5783 33.335 26.9048 31.6323 12.992 9.95567 5.38109 4.83064 6.05999 5.72371 5.48525 4.69038 3.87434
threshold=1.0000000180025095e-35 1.0000000180025095e-35 1.0000000180025095e-35 0.81974042785608325 0.81999535510242005 0.85082810155891708 0.76002082574061547 4.2916666666666679 0.016245473494389328 0.0035149493451939713 0.01941930618401207 0.0084240787583613856 0.93137992038920847 0.89334440753045408
decision_type=2 2 2 2 2 2 2 2 2 2 2 2 2 2
left_child=5 2 3 6 -5 -1 -2 -3 9 11 13 -7 -12 -10
right_child=1 7 -4 4 -6 8 -8 -9 10 -11 12 -13 -14 -15
leaf_value=-0.043024354181842445 -0.025111530766213572 -0.049938304087170565 -0.055871568709086772 0.033375185941972828 0.0045150526557533027 -0.0202843607517918 -0.0045021879724290031 0.0029594058421354725 0.023966220586479198 -0.033436334248681358 -0.018272807634575016 0.010163170479739735 0.019070797297164929 -0.021528680175089899
leaf_weight=56.138840265196222 68.46773401891619 32.028090041201722 18.768295439116173 95.208966846752446 1883.6335036550408 33.251843023735091 306.48646655286188 4.9049147192399678 17.04504421647653 52.647001973078432 48.968844413586339 20.182943786787291 5.7636397754540658 1.7927221104619082
leaf_count=609961 86972 54506 39346 3148 303319 38919 374655 2426 1440 106647 8741 4934 68 281
internal_value=1.19844e-09 0.00226827 0.00306891 0.00365632 0.00598423 -0.0227448 -0.00854645 -0.043398 -0.0154143 -0.0220331 -0.00507562 -0.00889839 -0.0130731 0.0160291
internal_weight=2645.29 2409.5 2372.56 2353.8 1978.84 235.791 374.954 36.933 179.652 106.082 73.5703 53.4348 54.7325 18.8378
internal_count=1635363 864372 807440 768094 306467 770991 461627 56932 161030 150500 10530 43853 8809 1721
is_linear=0
shrinkage=0.05


Tree=91
num_leaves=15
num_cat=0
split_feature=2 1 12 9 9 5 3 7 5 6 8 6 8 9
split_gain=51.5654 33.7057 30.2184 27.036 16.6916 15.9432 12.5841 5.09586 4.6643 5.27128 3.90785 3.70962 2.79765 2.56818
threshold=1.0000000180025095e-35 1.0000000180025095e-35 1.0000000180025095e-35 0.87942088583716915 0.86012345679012359 0.0072817424311163543 0.85082810155891708 8.2916666666666696 0.0057291944030248175 0.31080297257084427 1.0000000180025095e-35 0.502856612549332 0.91843603127727702 0.9585472006264909
decision_type=2 2 2 2 2 2 2 2 2 2 2 2 2 2
left_child=6 2 3 4 -2 -5 13 12 -8 10 -10 -11 -3 -1
right_child=1 7 -4 5 -6 -7 8 -9 9 11 -12 -13 -14 -15
leaf_value=-0.044144287077436138 6.3599771522002024e-06 -0.050002419505381195 -0.05448137182118018 -0.002850027697506832 -0.01882088529496068 0.01116356828985742 -0.03659579675336317 0.013376126031686864 -0.00061635619192144074 -0.034058940932052355 -0.019825309672869423 0.0057460582613023323 0.0048300502817844194 0.0094513798473762744
leaf_weight=53.21891825785633 947.46498675295277 32.377472173356637 17.704496044451844 250.59826783169797 129.42619398902877 1024.3668887678336 18.318048718362661 1.7065169513080025 91.323018383212002 28.5493455577448 32.483983806284868 5.5073189161212204 1.5899731839217555 0.6679608773711142
leaf_count=607205 642050 55890 39346 47389 52797 25858 81434 236 32611 29659 14656 2670 806 2756
internal_value=-5.57706e-10 0.00218011 0.00294876 0.00349575 -0.00233292 0.00840878 -0.0223534 -0.0429618 -0.0151126 -0.0115727 -0.00623026 -0.0277105 -0.0471454 -0.0427338
internal_weight=2635.3 2405.23 2369.56 2351.86 1076.89 1274.97 230.069 35.674 176.182 157.864 123.807 34.0567 33.9674 53.8869
internal_count=1635363 864372 807440 768094 694847 73247 770991 56932 161030 79596 47267 32329 56696 609961
is_linear=0
shrinkage=0.05


Tree=92
num_leaves=15
num_cat=0
split_feature=7 9 9 9 0 5 6 5 4 9 9 4 6 9
split_gain=50.2459 30.0437 56.1519 52.6898 18.0813 17.3956 14.7782 19.7872 17.8817 13.649 8.69347 7.78472 6.22228 5.63052
threshold=1.0000000180025095e-35 0.85944763953299164 0.84016393442622961 0.83975200534733674 1.0000000180025095e-35 0.026125329939668176 0.28516171663680329 0.0072268659595555061 0.04083333333333334 0.78000796812749018 0.8581693353193075 0.75000000000000011 0.45610495498180198 0.83336088154269994
decision_type=2 2 2 2 2 2 2 2 2 2 2 2 2 2
left_child=4 2 3 9 12 6 7 -3 -8 -2 -4 13 -1 -6
right_child=1 5 10 -5 11 -7 8 -9 -10 -11 -12 -13 -14 -15
leaf_value=-0.039954497397522229 -0.019679934690850779 -0.0042502992668433824 -0.044474692811761279 0.036607347546790424 -0.02739196399469401 0.02183831591385621 0.00039620077728511733 0.011738143687031188 -0.031331500897995308 -0.0010962115133911141 -0.01325415710467942 0.014116259773677892 -0.0036177715858989497 -0.0061738571390883299
leaf_weight=94.374736125036861 121.91077422517469 255.77225703477222 85.849664112780374 81.708090636604084 45.438715052071302 157.6419629887514 353.77551486045559 763.04192296873146 45.764588878424547 449.16001031877511 36.921189954496981 25.889672287074063 14.562886542612999 93.191345280071687
leaf_count=497447 94325 172570 53213 8248 328386 1761 23112 60537 1884 246375 13378 1247 26264 106616
internal_value=1.86708e-10 0.0023734 -0.00565939 0.000271675 -0.0200858 0.00633175 0.00453762 0.00772311 -0.00358032 -0.0051998 -0.0359717 -0.00915403 -0.0354689 -0.01384
internal_weight=2625 2351.55 775.55 652.779 273.457 1576 1418.35 1018.81 399.54 571.071 122.771 164.52 108.938 138.63
internal_count=1635363 675403 415539 348948 959960 259864 258103 233107 24996 340700 66591 436249 523711 435002
is_linear=0
shrinkage=0.05


Tree=93
num_leaves=15
num_cat=0
split_feature=2 9 9 9 9 5 9 9 9 9 9 5 4 9
split_gain=48.4747 31.2462 30.9261 33.1923 29.9947 12.0807 11.0597 15.8046 32.5516 6.81096 6.06365 5.627 5.25101 5.00174
threshold=1.0000000180025095e-35 0.81974042785608325 0.81999535510242005 0.83953120385695745 0.84016393442622961 0.010999700754395212 0.80090909090909101 0.78000796812749018 0.78030971965754581 0.81715298885511667 0.83471941443011499 0.021017203690868156 0.75000000000000011 0.81934906384894468
decision_type=2 2 2 2 2 2 2 2 2 2 2 2 2 2
left_child=5 6 -3 10 -5 -1 7 12 -9 -8 -4 -11 -2 -7
right_child=1 2 3 4 -6 13 9 8 -10 11 -12 -13 -14 -15
leaf_value=-0.033524297154185388 -0.022681649856791452 0.031639572758716726 -0.039812475959982628 0.030709125794407929 0.0031074551102928615 -0.025510615305595081 -0.038113182029204482 0.048531397195101945 -0.0061837409519221566 -0.021154376669601901 -0.012684184774867364 0.013202298866640941 0.0067568682603566096 -0.0030966165738545879
leaf_weight=109.54109904881557 111.00312109062679 95.738717586666098 37.886343809329333 99.572348465259211 1712.8450550233595 31.377737652143878 46.749106903784536 28.290768305192614 143.90759862348091 29.145233410881815 53.609001967396011 14.175795957526132 15.138535239471819 84.235318993346709
leaf_count=710783 175561 3522 71119 11065 246633 35113 115665 2179 159562 43035 34269 1046 716 25095
internal_value=1.10165e-11 0.00210787 0.00463221 0.00319482 0.00470418 -0.0219169 -0.0107819 -0.00593468 0.00392126 -0.0256808 -0.0253983 -0.00970916 -0.0190258 -0.0099852
internal_weight=2613.22 2388.06 1999.65 1903.91 1812.42 225.154 388.41 298.34 172.198 90.0701 91.4953 43.321 126.142 115.613
internal_count=1635363 864372 366608 363086 257698 770991 497764 338018 161741 159746 105388 44081 176277 60208
is_linear=0
shrinkage=0.05


Tree=94
num_leaves=15
num_cat=0
split_feature=3 12 9 9 9 5 4 4 9 6 9 9 9 8
split_gain=46.7618 34.5156 29.4937 30.4814 30.1306 10.1923 13.5808 8.07196 5.07543 4.91505 4.71662 0.590848 6.99799 0.489078
threshold=0.6144701727643217 1.0000000180025095e-35 0.81974042785608325 0.81999535510242005 0.83471941443011499 0.016962512486045012 0.010582306830907056 0.0034904120269973935 0.91978090180572081 0.31080297257084427 0.81992087763314825 0.87942088583716915 0.87995354129024672 0.49691684841627176
decision_type=2 2 2 2 2 2 2 2 2 2 2 2 2 2
left_child=8 2 5 10 -5 7 -7 -2 11 13 -4 -1 -13 -10
right_child=1 -3 3 4 -6 6 -8 -9 9 -11 -12 12 -14 -15
leaf_value=-0.04437362686672161 -0.0019703475803405342 -0.056490575331625305 0.011878501197814632 -0.037686372227800018 0.0037022519596992044 0.033500306341912207 -0.0068377303705481332 -0.024646661498627549 -0.023224432328475125 0.038669040611297521 0.037121048570087044 0.027584228778960912 -0.033642111096739653 0.0040330195466549727
leaf_weight=56.212287791020913 54.985826964198168 20.678426918657806 32.941598651323375 40.008389320641754 1949.7536437588406 18.251379418808938 200.64146374447137 140.60969977507875 3.6181928804896861 1.08122459487231 70.567037484655884 2.2697775443780293 11.438907945581716 0.42576236641980347
leaf_count=502141 145526 40377 2505 83835 303618 1460 32103 408275 25000 1204 1369 10484 75319 2147
internal_value=8.16643e-10 0.00118883 0.00177591 0.00419231 0.00277767 -0.0103321 -0.00280131 -0.0184799 -0.0376262 0.00561814 0.0300051 -0.0409594 -0.018842 -0.0197116
internal_weight=2603.48 2528.44 2507.76 2093.27 1989.76 414.488 218.893 195.596 75.0462 5.12518 103.509 69.921 13.7087 4.04396
internal_count=1635363 1019068 978691 391327 387453 587364 33563 553801 616295 28351 3874 587944 85803 27147
is_linear=0
shrinkage=0.05


Tree=95
num_leaves=15
num_cat=0
split_feature=2 1 12 10 9 3 3 7 5 4 7 4 7 9
split_gain=45.7218 30.2636 27.1488 26.1661 20.9623 16.237 11.1796 5.20848 4.57495 5.75002 5.43484 5.01051 3.8853 3.59175
threshold=1.0000000180025095e-35 1.0000000180025095e-35 1.0000000180025095e-35 1.0000000180025095e-35 0.76002082574061547 0.9953866087424702 0.85082810155891708 8.2916666666666696 0.016245473494389328 0.0035149493451939713 0.77500000000000013 0.01941930618401207 8.4500000000000011 0.89334440753045408
decision_type=2 2 2 2 2 2 2 2 2 2 2 2 2 2
left_child=6 2 3 4 -2 -5 -1 -3 9 10 -8 13 -13 -10
right_child=1 7 -4 5 -6 -7 8 -9 11 -11 -12 12 -14 -15
leaf_value=-0.041929718087267663 -0.023863554480104993 -0.046582130380157093 -0.053218483920211883 -0.051036355494583956 0.0048904866961672578 0.0050284841992556855 0.0096458463171141384 0.014020760027757127 0.023140277610139488 -0.032800393355621522 -0.020758530548486753 -0.01854218707974498 0.011744254653201756 -0.020888169644801492
leaf_weight=48.379807393027022 60.35492841865107 31.615208819894178 16.482479243155467 30.453325734046302 2213.3921571483934 19.008766160121013 21.373487616737748 1.7145637765861454 16.560329656098478 49.686307603722526 30.037053532145364 42.170870270319028 9.9307611804688332 1.7385097949154431
leaf_count=609961 73718 56696 39346 96316 592931 5129 22430 236 1440 106647 21423 8506 303 281
internal_value=4.10207e-11 0.00203783 0.00275408 0.00326463 0.00407655 -0.0310065 -0.0215495 -0.0420423 -0.0147753 -0.021364 -0.0083836 -0.00452442 -0.0122466 0.0153723
internal_weight=2592.9 2373.02 2339.69 2323.21 2273.75 49.4621 219.877 33.3298 171.497 101.097 51.4105 70.4005 52.1016 18.2988
internal_count=1635363 864372 807440 768094 666649 101445 770991 56932 161030 150500 43853 10530 8809 1721
is_linear=0
shrinkage=0.05


Tree=96
num_leaves=15
num_cat=0
split_feature=2 1 12 9 9 5 5 7 5 5 9 6 3 7
split_gain=43.5748 28.1614 24.5408 23.2491 21.8943 13.6278 10.9233 5.22443 5.14729 8.12737 4.75632 3.50909 3.09271 4.22003
threshold=1.0000000180025095e-35 1.0000000180025095e-35 1.0000000180025095e-35 0.87898894063979471 0.86012345679012359 0.026125329939668176 0.010999700754395212 8.2916666666666696 0.01238841362372922 0.016245473494389328 0.85850280665377754 1.0000000180025095e-35 0.9953866087424702 0.55000000000000016
decision_type=2 2 2 2 2 2 2 2 2 2 2 2 2 2
left_child=6 2 3 4 -2 -5 12 -3 11 -10 -11 -8 -1 -14
right_child=1 7 -4 5 -6 -7 8 -9 9 10 -12 -13 13 -15
leaf_value=-0.043629534498314498 3.2970263054744191e-05 -0.045974562003350525 -0.051793320717310534 0.0058501730290664864 -0.023665320374166934 0.022967738811093048 0.018200485995273425 0.01431355934177272 -0.041013593870077844 -0.019947674257302966 0.0044980663266325762 -0.021438186188411128 -0.004031539992333839 -0.031612642826431829
leaf_weight=43.14780728368396 926.46564166025348 30.397604613746807 15.526818257464582 1164.0145017874484 103.91879037079741 125.32698717870517 19.2582669558542 1.7303782181988925 17.961797302995819 30.167596435095902 42.504970275664391 2.7326675733984294 23.196037459452782 36.849664173183555
leaf_count=593695 642050 56696 39346 76527 48968 549 7927 236 25500 12050 3284 11447 88859 28229
internal_value=9.93264e-10 0.00197741 0.00265878 0.00313386 -0.00245985 0.00759634 -0.0212444 -0.0412372 -0.00980945 -0.0149484 -0.00628061 0.0102159 -0.0326944 -0.0220868
internal_weight=2583.2 2367.38 2335.25 2319.73 1030.38 1289.34 215.819 32.128 112.625 90.6344 72.6726 21.9909 103.194 60.0457
internal_count=1635363 864372 807440 768094 691018 77076 770991 56932 60208 40834 15334 19374 710783 117088
is_linear=0
shrinkage=0.05


Tree=97
num_leaves=15
num_cat=0
split_feature=7 5 9 9 9 6 5 0 8 5 3 4 5 6
split_gain=42.8475 26.0213 22.5841 26.3113 22.8984 17.7991 22.4857 16.5127 8.12127 7.02893 6.4262 7.1461 7.30088 5.69685
threshold=1.0000000180025095e-35 0.0058140404975533027 0.89928762060970047 0.88368810051736901 0.87959519290939814 0.26447719700511668 0.016245473494389328 1.0000000180025095e-35 0.49691684841627176 0.014423222271656905 0.9953866087424702 0.0033389074693422525 0.003319043072742629 0.45610495498180198
decision_type=2 2 2 2 2 2 2 2 2 2 2 2 2 2
left_child=7 10 3 4 -3 9 -7 13 -5 -4 -2 12 -12 -1
right_child=1 2 5 8 -6 6 -8 -9 -10 -11 11 -13 -14 -15
leaf_value=-0.039025013876076035 -0.03446943582725643 -0.00097308324957859316 0.011382591581015513 -0.026522510907121162 0.018277540914337077 -0.019971292647902879 0.0090925547496532155 -0.0085799785845577028 0.011780870918202839 0.024052126689722817 -0.020840814811739904 -0.033711315557280623 0.0013932405809244004 -0.0035041823024238479
leaf_weight=86.442430369673843 29.313603866394715 977.74001413358246 308.68798715396383 106.96117813736441 178.3643534294356 86.16514466029912 241.58625673343431 159.73637470084213 12.906769445599364 183.29253558326309 50.03693511268466 22.875707813103872 110.45187708039157 14.069915343015849
leaf_count=497447 244242 251227 29016 19656 8414 5736 3429 436249 2026 2688 41105 19208 48656 26264
internal_value=-7.7968e-10 0.00218243 0.0038832 -0.000283669 0.00206283 0.0103316 0.00126645 -0.0190342 -0.0220916 0.0162973 -0.014281 -0.0102243 -0.00595909 -0.0344544
internal_weight=2568.63 2308.38 2095.7 1275.97 1156.1 819.732 327.751 260.249 119.868 491.981 212.678 183.365 160.489 100.512
internal_count=1635363 675403 322192 281323 259641 40869 9165 959960 21682 31704 353211 108969 89761 523711
is_linear=0
shrinkage=0.05


Tree=98
num_leaves=15
num_cat=0
split_feature=7 9 9 9 0 5 9 6 5 4 4 8 9 8
split_gain=41.2543 26.218 51.6214 41.3658 15.9967 15.4583 12.3593 11.5146 20.8007 11.1759 10.9121 10.8027 6.76163 6.34306
threshold=1.0000000180025095e-35 0.85944763953299164 0.84016393442622961 0.83975200534733674 1.0000000180025095e-35 0.0084240787583613856 0.81999535510242005 0.25254211482108319 0.012096829019618166 0.0052219677137870868 0.0033389074693422525 0.24834856163294464 0.8581693353193075 0.17191190212204624
decision_type=2 2 2 2 2 2 2 2 2 2 2 2 2 2
left_child=4 2 3 6 -1 10 -2 9 -9 -7 11 -3 -4 -5
right_child=1 5 12 13 -6 7 -8 8 -10 -11 -12 -13 -14 -15
leaf_value=-0.03416040552214885 -0.0010944499766382283 -0.0044252553993843532 -0.043014023089606557 0.039231781436992491 -0.0085147839479285808 0.023577653319497696 -0.019958297576472418 -0.025290863060697184 0.0065955157963926651 0.0086851997257014184 -0.020574993522554774 0.017331385530640158 -0.014511556499001816 0.0046975779819146404
leaf_weight=98.4100641237319 447.96496445363766 220.56075646199326 81.477927699328063 63.982802693680696 159.1089673969218 185.64019246681323 102.90776989890867 51.467315336393767 545.11281156587165 404.37566625356476 67.369285508048279 71.394797834286123 36.633860387824654 18.30990506401713
leaf_count=523711 264818 140075 53213 5294 436249 20416 75882 7618 18311 19393 18411 35640 13378 2954
internal_value=-3.05403e-09 0.00214138 -0.00549735 0.000260772 -0.0187791 0.00585935 -0.0047662 0.00860235 0.00365732 0.0135297 -0.00319257 0.00109735 -0.035122 0.0322572
internal_weight=2554.72 2297.2 751.277 633.165 257.519 1545.92 550.873 1186.6 596.58 590.016 359.325 291.956 118.112 82.2927
internal_count=1635363 675403 415539 348948 959960 259864 340700 65738 25929 39809 194126 175715 66591 8248
is_linear=0
shrinkage=0.05


Tree=99
num_leaves=15
num_cat=0
split_feature=2 9 9 9 9 9 9 9 3 0 9 9 5 8
split_gain=40.975 26.5252 28.7411 26.8012 19.5278 10.1804 14.7401 32.6105 10.1632 7.75793 6.25281 6.1684 5.21825 5.09626
threshold=1.0000000180025095e-35 0.81974042785608325 0.81999535510242005 0.83887481528811114 0.93954918270766208 0.80090909090909101 0.78000796812749018 0.78030971965754581 0.91588745326552878 2.5000000000000004 0.81715298885511667 0.94959280803807511 0.021017203690868156 0.17106216946073571
decision_type=2 2 2 2 2 2 2 2 2 2 2 2 2 2
left_child=8 5 -3 9 -5 6 -2 -8 11 -4 -7 -1 -12 -10
right_child=1 2 3 4 -6 10 7 -9 13 -11 12 -13 -14 -15
leaf_value=-0.042598213046119146 -0.018544139296570263 0.030339220950921189 -0.034754032671548495 0.0021747933241420716 0.01876759068462315 -0.037184867592681019 0.04908556993297894 -0.0061989821137985067 -0.0076658107229746674 0.0074796053756223009 -0.020646633942973457 0.016316871961887271 0.012754190903053639 -0.027874421448350506
leaf_weight=51.46588127719383 119.60044563423685 95.197598061919052 54.189398246261362 1612.0748732735967 194.5244086224593 43.883009406471047 27.691485267305325 140.68732635388756 116.0481812333187 11.396325557902854 28.002370804404109 2.2861621733547954 13.97513905524829 41.148678244471284
leaf_count=619393 176277 3522 90784 259805 6008 115665 2179 159562 96141 6489 43035 5754 1046 49703
internal_value=-7.95845e-10 0.0019183 0.00424202 0.00283774 0.00400828 -0.0102052 -0.005492 0.00404644 -0.0208418 -0.0274054 -0.0248412 -0.0389171 -0.00935289 -0.0136519
internal_weight=2552.17 2341.22 1967.38 1872.19 1806.6 373.84 287.979 168.379 210.949 65.5857 85.8605 53.752 41.9775 157.197
internal_count=1635363 864372 366608 363086 265813 497764 338018 161741 770991 97273 159746 625147 44081 145844
is_linear=0
shrinkage=0.05


Tree=100
num_leaves=15
num_cat=0
split_feature=2 1 12 10 9 3 3 9 7 7 8 7 9 3
split_gain=39.0127 25.7632 23.7533 23.0574 18.7681 14.7769 9.84677 6.14978 5.34995 4.79603 5.61401 6.1876 3.96163 3.74439
threshold=1.0000000180025095e-35 1.0000000180025095e-35 1.0000000180025095e-35 1.0000000180025095e-35 0.89958213516750962 0.9953866087424702 0.91588745326552878 0.94959280803807511 8.2916666666666696 0.45000000000000007 1.0000000180025095e-35 0.55000000000000016 0.83849765125760001 0.9953866087424702
decision_type=2 2 2 2 2 2 2 2 2 2 2 2 2 2
left_child=6 2 3 4 -2 -5 7 -1 -3 13 11 -11 -12 -8
right_child=1 8 -4 5 -6 -7 9 -9 -10 10 12 -13 -14 -15
leaf_value=-0.042390065412180107 0.00020004135311547569 -0.045536318856097185 -0.05139966551330382 -0.050022767304750373 0.0096388629009202462 0.0045675735807234217 0.010123525988021232 0.016422938432917211 0.014775155203784085 0.020976125529853049 -0.044651874273021933 -0.0086342838762452148 -0.0098002218637399004 -0.04054069684466554
leaf_weight=49.745318337025424 1407.8316215915311 28.704460085660688 15.270028588936837 28.226638635363997 836.62664331347423 18.534244081340148 2.2767960256751421 2.2791689772012651 1.782031599406763 17.110932004754432 11.316155842081569 83.397446143133493 24.121635001451068 17.769076616963275
leaf_count=619393 637592 56696 39346 96316 29057 5129 661 5754 236 4718 10398 21759 10123 98185
internal_value=-6.53637e-10 0.00186335 0.00250855 0.00297896 0.00373199 -0.0300341 -0.0204863 -0.0385994 -0.0404258 -0.0134342 -0.0093184 -0.00283813 -0.0250742 -0.0339141
internal_weight=2544.99 2336.98 2306.49 2291.22 2244.46 46.7609 208.017 52.0245 30.4865 155.992 135.946 100.508 35.4378 20.0459
internal_count=1635363 864372 807440 768094 666649 101445 770991 625147 56932 145844 46998 26477 20521 98846
is_linear=0
shrinkage=0.05


Tree=101
num_leaves=15
num_cat=0
split_feature=9 9 9 5 4 4 3 9 9 9 9 9 4 6
split_gain=37.8746 27.7742 28.1003 25.803 27.0071 18.3033 13.3307 8.15662 16.1068 30.5868 5.94579 5.79708 6.78803 5.66866
threshold=0.81974042785608325 0.81999535510242005 0.83471941443011499 0.014423222271656905 0.0087337909992372242 0.0054794931844112183 0.78585742681823545 0.80090909090909101 0.78000796812749018 0.78030971965754581 0.81860625485625482 0.81992087763314825 0.0038387857353374597 0.1964607947465821
decision_type=2 2 2 2 2 2 2 2 2 2 2 2 2 2
left_child=6 11 -3 4 -4 -5 -1 8 13 -10 -9 -2 -13 -8
right_child=1 2 3 5 -6 -7 7 10 9 -11 -12 12 -14 -15
leaf_value=-0.035498808178302775 0.0086585702562658757 -0.037429469597239709 0.00083324813648016536 0.030888581721894973 -0.019673482252731151 0.0061353378449752125 -0.008604250618988514 -0.031305364630045525 0.047258143774899709 -0.0056201705313953139 -0.0024784135130269586 0.011659879299612546 0.046496586893245428 -0.030539852624336783
leaf_weight=54.587395685243678 33.511916497914854 40.442521046240927 831.01646801399693 77.475912233519011 193.89616963063577 853.36099325932332 70.04296315831823 58.397147392250531 28.62773033027338 142.37126151355915 26.192875708426982 25.513839997585592 44.040842200649422 54.073609226465692
leaf_count=439052 4985 126359 486720 3016 65146 37263 92934 135173 2095 148966 12352 3691 765 76846
internal_value=-3.10685e-10 0.00278774 0.00144746 0.00234478 -0.00312296 0.00834964 -0.0133535 -0.00974988 -0.00562735 0.0043235 -0.0230157 0.0274782 0.0353569 -0.0189735
internal_weight=2533.55 2099.26 1996.19 1955.75 1024.91 930.837 434.293 379.706 295.116 170.999 84.59 103.067 69.5547 124.117
internal_count=1635363 727945 718504 592145 551866 40279 907418 468366 320841 151061 147525 9441 4456 169780
is_linear=0
shrinkage=0.05


Tree=102
num_leaves=15
num_cat=0
split_feature=2 1 12 5 4 6 5 7 6 3 9 4 5 6
split_gain=36.7443 24.1861 22.5767 21.3442 29.2984 22.5658 9.22939 4.82974 3.81558 5.59293 5.14014 3.96693 3.33331 2.93469
threshold=1.0000000180025095e-35 1.0000000180025095e-35 1.0000000180025095e-35 0.0087209631355207231 0.0052219677137870868 1.0000000180025095e-35 0.0070093647603042568 4.2916666666666679 0.31080297257084427 0.9953866087424702 0.9585472006264909 0.01941930618401207 0.021863201802460118 0.4116950912491007
decision_type=2 2 2 2 2 2 2 2 2 2 2 2 2 2
left_child=6 2 3 5 -5 -2 -1 -3 9 10 -8 -11 -10 -14
right_child=1 7 -4 4 -6 -7 8 -9 12 11 -12 -13 13 -15
leaf_value=-0.037139799618322554 -0.0023151381950217128 -0.047494877327180614 -0.050835197569049279 0.019038852624685947 0.0024634350180386733 -0.037041189212639679 -0.03776635882252332 0.0040369610874993753 -0.039839120132027998 0.0046287649102564887 0.019579080817301763 -0.015292557769570928 -0.024618252868625415 0.0099018233747940887
leaf_weight=54.061014008265147 531.36584188965685 24.484299777328037 14.745994906805207 326.35572037080601 1374.638327369697 46.396277245600459 17.122731470047487 4.4976460128145836 16.953444150467703 64.37770266414509 1.5156661978483033 34.271942598898022 6.3993037850723331 9.1558059201443012
leaf_count=599584 384094 54506 39346 38672 183394 161934 83121 2426 56398 15776 473 13086 1129 1424
internal_value=-1.47014e-09 0.00180278 0.00241807 0.00287322 0.0056901 -0.00539764 -0.02009 -0.0400804 -0.0129359 -0.00807405 -0.0299481 -0.00269596 -0.0270623 -0.00683347
internal_weight=2526.34 2322.48 2293.5 2278.76 1700.99 577.762 203.858 28.9819 149.797 117.288 18.6384 98.6496 32.5086 15.5551
internal_count=1635363 864372 807440 768094 222066 546028 770991 56932 171407 112456 83594 28862 58951 2553
is_linear=0
shrinkage=0.05


Tree=103
num_leaves=15
num_cat=0
split_feature=2 9 9 9 9 9 5 5 9 9 6 0 5 5
split_gain=35.3469 24.0874 45.02 51.6242 23.6721 42.5618 20.9519 19.3893 18.1959 12.6465 12.3535 11.7412 10.5382 9.10486
threshold=1.0000000180025095e-35 0.91939599802136851 0.90202221972842567 0.89983306826834208 0.91993331014631552 0.93872928324720883 0.019709122453165598 0.021863201802460118 0.91602317344389228 0.94959280803807511 0.34125526561569802 1.0000000180025095e-35 0.0073526567666777906 0.010999700754395212
decision_type=2 2 2 2 2 2 2 2 2 2 2 2 2 2
left_child=13 2 3 7 10 6 -6 -2 -4 -7 -3 -12 -5 -1
right_child=1 4 8 12 5 9 -8 -9 -10 -11 11 -13 -14 -15
leaf_value=-0.030951552049975295 -0.0045903379819023692 0.033288896486180518 -0.044547138167840845 -0.0023026971646920168 -0.039096613206267672 0.022273295326794857 0.0065481528157427145 0.0086212713390304424 -0.0079651802273404283 -0.0029472389519977437 -0.04126087495928752 0.020474247188227879 0.033563810598874484 -0.0092781161308705309
leaf_weight=93.328455241495021 1166.2070087691873 129.69684570126037 71.51636813391633 23.331515090962057 63.191380111779836 175.37612514212378 37.815889330282516 359.13045864052583 65.903836113184752 67.131202354217749 8.1897994046339608 13.738862447522477 132.75131445607713 107.86066843246294
leaf_count=710783 799940 3253 14696 2050 9333 5279 370 16828 7975 2619 183 212 1634 60208
internal_value=-6.21293e-10 0.00176394 -0.000905833 0.00137644 0.0114821 0.00407241 -0.0225049 -0.00146175 -0.0278988 0.0153732 0.0276031 -0.00596237 0.0282974 -0.0198388
internal_weight=2515.17 2313.98 1818.84 1681.42 495.14 343.515 101.007 1525.34 137.42 242.507 151.626 21.9287 156.083 201.189
internal_count=1635363 864372 843123 820452 21249 17601 9703 816768 22671 7898 3648 395 3684 770991
is_linear=0
shrinkage=0.05


Tree=104
num_leaves=15
num_cat=0
split_feature=9 9 9 9 9 5 4 4 9 3 9 9 9 9
split_gain=35.4211 27.8778 28.0663 33.6579 47.6141 19.5973 23.0959 12.4653 12.4076 11.5497 7.45733 14.2082 28.9522 5.44996
threshold=0.81974042785608325 0.81999535510242005 0.85944763953299164 0.84016393442622961 0.83975200534733674 0.019709122453165598 0.01574900793650794 0.018019480519480522 0.85197315436241616 0.78585742681823545 0.80090909090909101 0.78000796812749018 0.78030971965754581 0.81715298885511667
decision_type=2 2 2 2 2 2 2 2 2 2 2 2 2 2
left_child=9 -2 3 4 -3 6 -4 -7 -5 -1 11 -11 -13 -12
right_child=1 2 5 8 -6 7 -8 -9 -10 10 13 12 -14 -15
leaf_value=-0.034214925313244625 0.027449247392590692 -0.019143976526589689 0.0037610674024145768 -0.050586170721889201 0.027587444604419548 0.033496009760225424 -0.015493759730120954 0.0094936605842257087 -0.018104062523462687 -0.018398878103933577 -0.034833122113866626 0.044819972891941146 -0.0061817304962258693 -0.0086358839850892311
leaf_weight=51.653631449609748 102.99433741337862 118.96405537613691 1002.4102237484127 44.633992798195095 92.298848817675889 60.072590635390952 179.22880625045639 375.76727153577872 97.461159343881263 122.32319044369513 40.036993432883378 29.345785594869312 142.24826190989393 43.414178644976801
leaf_count=439052 9441 194739 340405 62457 17974 1211 21242 7349 73127 169780 106289 2095 148966 41236
internal_value=9.85392e-10 0.00271246 0.00135355 -0.0113146 0.00143835 0.00414741 0.000787553 0.0131443 -0.0296798 -0.0129919 -0.00967746 -0.00573227 0.00356257 -0.022463
internal_weight=2502.85 2073.83 1970.84 353.358 211.263 1617.48 1181.64 435.84 142.095 429.022 377.368 293.917 171.594 83.4512
internal_count=1635363 727945 718504 348297 212713 370207 361647 8560 135584 907418 468366 320841 151061 147525
is_linear=0
shrinkage=0.05


Tree=105
num_leaves=15
num_cat=0
split_feature=5 12 9 9 9 5 4 4 3 5 5 8 7 9
split_gain=34.5476 28.4322 25.012 17.0047 61.6112 16.6792 28.8664 11.8079 9.61941 7.1992 3.48513 5.39598 3.84553 3.28167
threshold=0.0050005741846577871 1.0000000180025095e-35 0.89958213516750962 0.90202221972842567 0.91602317344389228 0.021863201802460118 0.01526806526806527 0.051315789473684217 0.9953866087424702 0.022769127812415291 0.0028970731478330266 0.20775513844419455 2.2250000000000005 0.89992087975812163
decision_type=2 2 2 2 2 2 2 2 2 2 2 2 2 2
left_child=8 2 5 9 -5 6 -2 -7 -1 -4 -10 13 -13 -12
right_child=1 -3 3 4 -6 7 -8 -9 10 -11 11 12 -14 -15
leaf_value=-0.038812151910741201 0.0013079200590897409 -0.053901384895878014 0.014980306536433658 -0.040270796974453099 0.010527524267220584 0.020362362293036951 -0.015555747818430114 0.0011880790133765168 -0.025157896945758814 0.036284452809584027 -0.0081431698186184634 0.014625659453202109 -0.017272449832002976 -0.030400237054050885
leaf_weight=44.93003966771812 727.1153217086221 17.701484754531066 157.388615834451 62.186643499628303 533.73101333630018 118.5350445522763 384.23895335319753 231.3073902268743 39.28796068618658 56.375520487927133 63.989764385246644 30.665209597835883 8.2212202222890465 20.659651116411624
leaf_count=576776 539407 40101 5595 12402 28094 3659 170817 10711 66460 148 130719 34405 8866 7203
internal_value=-4.57202e-10 0.00178789 0.00233945 0.00936004 0.00493553 -0.00156946 -0.00456607 0.00788017 -0.0192743 0.0212997 -0.0128872 -0.00815796 0.00668235 -0.0149678
internal_weight=2496.33 2288.58 2270.88 809.682 595.918 1461.2 1111.35 349.842 207.754 213.764 162.824 123.536 38.8864 84.6494
internal_count=1635363 810934 770833 46239 40496 724594 710224 14370 824429 5743 247653 181193 43271 137922
is_linear=0
shrinkage=0.05


Tree=106
num_leaves=15
num_cat=0
split_feature=9 9 9 5 4 4 3 6 5 5 4 4 0 9
split_gain=34.8009 26.0283 25.98 22.4555 23.9225 12.0272 10.7873 6.38884 12.7666 9.61918 14.443 11.3367 6.40447 5.71435
threshold=0.81974042785608325 0.81999535510242005 0.83780520849014006 0.014655796459586251 0.0087337909992372242 0.021507863089731735 0.78585742681823545 0.28957897612378453 0.026125329939668176 0.016962512486045012 0.06458333333333334 0.0036429993364299937 1.5000000000000002 0.81992087763314825
decision_type=2 2 2 2 2 2 2 2 2 2 2 2 2 2
left_child=6 13 -3 4 -4 -5 -1 9 12 11 -11 -8 -9 -2
right_child=1 2 3 5 -6 -7 7 8 -10 10 -12 -13 -14 -15
leaf_value=-0.033760155116494821 0.0080006423359058193 -0.029847283599693603 0.0010618413056337152 0.015003210931502899 -0.018466627694090975 0.0031728461881516666 0.0073379250843566297 -0.034880687595865129 0.0062766542845697527 0.022291831537260411 -0.013019159522448118 -0.021871441251964042 0.00032299619538010758 0.034365668812792925
leaf_weight=50.135608421698407 33.501779975315912 59.470668340123439 830.08891067779382 373.81194278273142 188.21826818514 504.45153178096689 44.798859895896612 70.359332314961193 33.94906296841873 57.739193103559955 49.290576141202109 104.15996298766754 15.482648299402397 69.696095700145179
leaf_count=439052 4985 158411 462383 15881 61301 20528 58800 138318 1933 4006 4164 249429 11716 4456
internal_value=-1.2523e-09 0.00269794 0.00137385 0.00242875 -0.00262029 0.00826459 -0.0129241 -0.00973742 -0.0190518 -0.0050972 0.00617473 -0.0131338 -0.028863 0.0265719
internal_weight=2485.15 2059.24 1956.04 1896.57 1018.31 878.263 425.915 375.78 119.791 255.989 107.03 148.959 85.842 103.198
internal_count=1635363 727945 718504 560093 523684 36409 907418 468366 151967 316399 8170 308229 150034 9441
is_linear=0
shrinkage=0.05


Tree=107
num_leaves=15
num_cat=0
split_feature=2 1 12 10 5 3 5 6 7 4 4 3 6 8
split_gain=33.3326 22.5361 21.7928 20.1778 17.9325 12.8964 8.40992 4.42126 4.33627 3.26964 4.75393 4.10078 2.84088 2.71699
threshold=1.0000000180025095e-35 1.0000000180025095e-35 1.0000000180025095e-35 1.0000000180025095e-35 0.006845092259310224 0.9953866087424702 0.010999700754395212 0.31080297257084427 8.2916666666666696 0.01941930618401207 0.048809523809523817 0.9953866087424702 0.4116950912491007 0.91843603127727702
decision_type=2 2 2 2 2 2 2 2 2 2 2 2 2 2
left_child=6 2 3 4 -2 -5 -1 9 13 11 -11 -8 -9 -3
right_child=1 8 -4 5 -6 -7 7 12 -10 10 -12 -13 -14 -15
leaf_value=-0.030431307580079166 -0.0069346724832367625 -0.048006876492511008 -0.050573066063214912 -0.048726638313592772 0.0054108489863663647 0.003714470895355293 -0.024897201587017047 -0.036000596273255775 0.012459561015409758 -0.032799427238594268 0.0010058281093119584 0.013250444334983914 -0.0044033699415237521 0.0061454063140994331
leaf_weight=90.001109222270998 345.16590787489122 24.25882900696525 14.329526475358305 25.809223149152331 1848.9762682480109 17.852337203705247 3.7648033502371154 15.762478841416284 1.612734117097715 11.978197482900439 26.105222186389824 35.466097833555523 13.218563191463316 1.368183693710306
leaf_count=710783 385066 55890 39346 96316 281583 5129 12569 17491 236 7288 7528 3320 12012 806
internal_value=-1.60744e-09 0.00171877 0.00230797 0.00275858 0.00345739 -0.029106 -0.0195051 -0.00930226 -0.0397986 -0.00252221 -0.0121993 0.00718897 -0.0243572 -0.0445845
internal_weight=2475.67 2279.37 2252.13 2237.8 2194.14 43.6616 196.296 106.295 27.2397 77.3143 38.0834 39.2309 28.981 25.627
internal_count=1635363 864372 807440 768094 666649 101445 770991 60208 56932 30705 14816 15889 29503 56696
is_linear=0
shrinkage=0.05


Tree=108
num_leaves=15
num_cat=0
split_feature=9 9 9 5 4 4 3 9 9 9 9 4 4 6
split_gain=32.2546 24.9499 24.2684 20.7899 31.149 14.3593 10.1281 6.57817 13.3934 25.8114 5.69681 6.75132 5.238 5.13621
threshold=0.81974042785608325 0.81999535510242005 0.83471941443011499 0.019709122453165598 0.01574900793650794 0.018019480519480522 0.78585742681823545 0.80090909090909101 0.78000796812749018 0.78030971965754581 0.81992087763314825 0.0038387857353374597 0.29166666666666669 0.1964607947465821
decision_type=2 2 2 2 2 2 2 2 2 2 2 2 2 2
left_child=6 10 12 4 -4 -5 -1 8 13 -10 -2 -12 -3 -8
right_child=1 2 3 5 -6 -7 7 -9 9 -11 11 -13 -14 -15
leaf_value=-0.033139995627622341 0.0074867807053398232 -0.043056399787453542 0.00221892054776813 0.030659195572261579 -0.017983896654571979 0.0070986567268232145 -0.0082368052719067261 -0.021684550414836974 0.042427364888258629 -0.0059726408010432339 0.010562748831302052 0.04484805636684909 0.0046288095328032739 -0.029548367225389244
leaf_weight=48.290770017739533 33.396349441860139 31.798113652604115 1174.1968843251643 72.067867107404709 222.64030941902615 439.83698277653366 68.035979601358804 80.98523658485135 29.044793884453384 139.9393148448446 25.773904964581561 43.942594609485241 5.7487191099480688 51.270584120220633
leaf_count=439052 4985 125503 538268 1775 39921 12181 92934 147525 2095 148966 3691 765 856 76846
internal_value=-1.47024e-09 0.00258768 0.00128563 0.00211276 -0.00105384 0.0106801 -0.0125806 -0.00948519 -0.00574695 0.00332651 0.0259683 0.033728 -0.0360694 -0.0182153
internal_weight=2466.97 2049.4 1946.29 1908.74 1396.84 511.905 417.567 369.276 288.291 168.984 103.113 69.7165 37.5468 119.307
internal_count=1635363 727945 718504 592145 578189 13956 907418 468366 320841 151061 9441 4456 126359 169780
is_linear=0
shrinkage=0.05


Tree=109
num_leaves=15
num_cat=0
split_feature=7 9 9 9 5 6 0 9 9 6 9 9 7 0
split_gain=31.7443 22.3104 31.993 40.5672 16.2478 15.4223 13.4549 12.0868 27.8556 12.4713 11.6759 11.6625 7.3546 7.26952
threshold=1.0000000180025095e-35 0.91939599802136851 0.90202221972842567 0.89983306826834208 0.024056223711800797 0.46639615083170199 1.0000000180025095e-35 0.91993331014631552 0.93676289762095699 0.33833139869698586 0.91602317344389228 0.91978090180572081 2.5500000000000003 1.0000000180025095e-35
decision_type=2 2 2 2 2 2 2 2 2 2 2 2 2 2
left_child=6 2 3 4 -2 7 -1 9 -9 -3 12 -7 -4 -5
right_child=1 5 10 13 -6 11 -8 8 -10 -11 -12 -13 -14 -15
leaf_value=-0.03228392702297285 -0.0038614394999419016 0.030044283899133186 -0.053204761549788121 0.0100833948360173 0.0099645114188688429 0.029050833639843277 -0.0076700570132501632 -0.018815378101348153 0.015393806884090505 -0.012624011409965047 -0.0090981055805751786 -0.046701800050261942 -0.013785943050800553 0.03385289055586041
leaf_weight=87.122125776815096 1207.0349522253971 128.71371975007185 35.763135703352077 56.360191437203639 252.74569873356268 3.1091316877864328 150.87697909127439 72.977285278120917 250.50433100918133 16.831585112529865 65.718687724498864 14.292958253528921 23.055288409463174 93.056344841915234
leaf_count=523711 577180 8181 15044 1812 8895 11 436249 13988 23520 426 14766 264 5746 5570
internal_value=2.96824e-09 0.00187387 -0.000789452 0.00113141 -0.00144178 0.0112779 -0.0171591 0.0130958 0.00750731 0.0248545 -0.0246954 -0.0297043 -0.0400443 0.0255038
internal_weight=2458.16 2220.16 1733.73 1609.2 1459.78 486.429 237.999 469.027 323.482 145.545 124.537 17.4021 58.8184 149.417
internal_count=1635363 675403 629013 593457 586075 46390 959960 46115 37508 8607 35556 275 20790 7382
is_linear=0
shrinkage=0.05


Tree=110
num_leaves=15
num_cat=0
split_feature=2 9 9 9 10 9 9 5 6 0 9 5 9 5
split_gain=30.5628 21.8714 31.7846 42.2708 16.4994 13.8743 34.9814 21.913 11.9268 13.2963 11.3664 10.8921 10.0484 8.12065
threshold=1.0000000180025095e-35 0.91939599802136851 0.90202221972842567 0.89983306826834208 1.0000000180025095e-35 0.91993331014631552 0.93872928324720883 0.019709122453165598 0.34125526561569802 1.0000000180025095e-35 0.94959280803807511 0.0072817424311163543 0.91602317344389228 0.010999700754395212
decision_type=2 2 2 2 2 2 2 2 2 2 2 2 2 2
left_child=13 2 3 4 -2 8 7 -7 11 -10 -8 -3 -4 -1
right_child=1 5 12 -5 -6 6 10 -9 9 -11 -12 -13 -14 -15
leaf_value=-0.029787080933779131 -0.00077179896710099279 0.0017204278449841704 -0.037710992525662256 0.025540488012233464 -0.034279805534881434 -0.037369396706221997 0.021927223748961659 0.010874373356630754 -0.044483631623020214 0.020265219817171796 -0.0025084405506608548 0.036456769298295048 -0.0093827537038760241 -0.0088330788892570181
leaf_weight=87.426845622835685 1460.3560291948354 29.360322255606661 64.13268768106991 153.44084009828657 32.694446112433297 59.325220937616905 170.59971285329539 34.210374749258335 8.9288520308618917 13.813296318901847 63.975001474374039 100.48581571074646 65.283161363593081 104.8508123851924
leaf_count=710783 713970 1927 14696 3684 102798 9333 5279 370 183 212 2619 1326 7975 60208
internal_value=1.37125e-09 0.00164637 -0.000922549 0.000983074 -0.00161751 0.0110489 0.00510338 -0.0200679 0.0232659 -0.00859163 0.0153497 0.0289573 -0.0243015 -0.0188741
internal_weight=2448.88 2256.61 1775.91 1646.49 1493.05 480.699 328.11 93.5356 152.588 22.7421 234.575 129.846 129.416 192.278
internal_count=1635363 864372 843123 820452 816768 21249 17601 9703 3648 395 7898 3253 22671 770991
is_linear=0
shrinkage=0.05


Tree=111
num_leaves=15
num_cat=0
split_feature=9 3 9 9 9 9 6 9 4 9 9 7 8 8
split_gain=30.5023 23.7046 18.8948 37.953 18.0273 57.0302 16.9556 12.2888 14.5648 11.8969 28.7516 10.5152 9.8538 6.66826
threshold=0.89958213516750962 0.6144701727643217 0.88174242424242433 0.87959519290939814 0.90202221972842567 0.91875904727683377 0.38014252254532371 0.89671589233088067 0.22500000000000003 0.91993331014631552 0.93872928324720883 2.5500000000000003 0.4496585256729691 0.22977972354164192
decision_type=2 2 2 2 2 2 2 2 2 2 2 2 2 2
left_child=1 -1 3 6 13 -6 -3 8 -4 12 -11 -5 -7 -2
right_child=4 2 7 11 5 9 -8 -9 -10 10 -12 -13 -14 -15
leaf_value=-0.036913151013159944 0.014666695588680152 -0.0017688358534080071 -0.038116350380172796 0.026748824220904278 -0.028814228259549851 0.025304417442049244 -0.020319188117251804 -0.0059915286395835696 0.016320329175681159 -0.01792821538205696 0.013694509169264872 -0.0029533986257347573 -0.0067660108872280647 0.036511966497572955
leaf_weight=48.103990982120877 171.02766499940537 1032.5979759694687 76.20232942347036 138.68171939498484 108.73749961839405 152.02692574703144 135.07373891185284 122.294780014612 11.583349278231251 96.102955924893763 244.95731839953453 36.419774258664802 26.087644341636178 45.117391968033303
leaf_count=553336 12073 786673 30441 6738 46195 12353 118586 15898 211 23621 22506 2442 2178 2112
internal_value=-2.79299e-10 -0.00405238 -0.00291922 -0.000712685 0.00766492 0.00331219 -0.00399219 -0.0166783 -0.030441 0.0102515 0.00465366 0.0206605 0.0205507 0.019949
internal_weight=2445.02 1600.96 1552.85 1342.77 844.057 627.912 1167.67 210.08 87.7857 519.175 341.06 175.101 178.115 216.145
internal_count=1635363 1514325 960989 914439 121038 106853 905259 46550 30652 60658 46127 9180 14531 14185
is_linear=0
shrinkage=0.05


Tree=112
num_leaves=15
num_cat=0
split_feature=7 5 9 9 9 0 6 8 4 6 9 8 4 6
split_gain=30.7752 22.7266 19.6807 22.3422 27.228 12.9798 10.7326 8.82233 8.639 5.3571 5.27243 4.85803 4.26419 6.45691
threshold=1.0000000180025095e-35 0.0058140404975533027 0.91939599802136851 0.90202221972842567 0.89983306826834208 1.0000000180025095e-35 0.44763257257877542 0.39768784272356433 0.0054200940070505297 0.45610495498180198 0.85913106034547859 0.30676889412107727 0.22500000000000003 0.38014252254532371
decision_type=2 2 2 2 2 2 2 2 2 2 2 2 2 2
left_child=5 10 3 4 -3 9 7 -4 -5 -1 -2 -12 13 -7
right_child=1 2 6 8 -6 12 -8 -9 -10 -11 11 -13 -14 -15
leaf_value=-0.037051829077653906 -0.024835475964681886 0.00021079903152812095 0.017184581592070376 -0.00041078698882379314 0.023073708223371764 -0.0076119825335164695 -0.015668217391468824 -0.0080455552343612485 -0.030930090772851512 -0.0017696539166308601 -0.012544379653359129 0.0091312664519652247 0.0071570221617649589 -0.044888939314515736
leaf_weight=72.271076836038048 67.633748189436005 1316.6294710174004 370.46214835450769 34.219235323607109 139.5303697329407 107.00877445540306 26.843338211771879 35.278117425103574 67.822876788173744 13.099685037094956 107.15257247415684 29.626996647548935 33.916542458522599 8.5969865854296454
leaf_count=497447 204606 285220 16131 8766 3067 387201 444 2664 5900 26264 123679 24926 5033 44015
internal_value=5.31716e-10 0.00185415 0.00349441 0.000860363 0.002473 -0.0170055 0.0128642 0.0149196 -0.0211929 -0.0320354 -0.0138224 -0.0076929 -0.00766515 -0.0121301
internal_weight=2430.09 2195.2 1990.79 1558.2 1456.16 234.893 432.584 405.74 102.042 85.3708 204.413 136.78 149.522 115.606
internal_count=1635363 675403 322192 302953 288287 959960 19239 18795 14666 523711 353211 148605 436249 431216
is_linear=0
shrinkage=0.05


Tree=113
num_leaves=15
num_cat=0
split_feature=9 9 9 9 9 5 9 5 4 6 5 7 4 3
split_gain=30.6989 24.2912 25.4682 33.3703 37.6115 15.7875 12.2759 9.15192 11.7125 9.85184 13.4201 13.327 6.58413 6.83122
threshold=0.81974042785608325 0.81999535510242005 0.87840716735049862 0.86012345679012359 0.85981413692081421 0.0050926292600219428 0.87995354129024672 0.011827542960043404 0.010582306830907056 0.2058352454581138 0.026125329939668176 2.7083333333333335 0.0033389074693422525 0.84033850177660196
decision_type=2 2 2 2 2 2 2 2 2 2 2 2 2 2
left_child=7 -2 3 4 -3 -4 -7 12 -9 11 -11 -10 13 -1
right_child=1 2 5 -5 -6 6 -8 8 9 10 -12 -13 -14 -15
leaf_value=-0.033187273150393097 0.025658295094904783 -0.0088462478817547593 -0.014702228029718224 -0.032624348727624049 0.023536946627908943 0.017097254794141016 0.0042652310298858746 0.017543510493184866 0.012670081398450026 -0.029452785201546858 0.0041400044185000351 -0.022581917427990709 -0.032733717698107533 0.001855690199379003
leaf_weight=15.320713762657418 102.73592785101937 406.20333260571613 87.611128615869575 100.98915031760521 109.69380674051069 227.39472340161819 972.63783003490084 37.159307388679849 71.42749261368067 96.407220332107727 40.474386120295094 36.298260628280332 72.618101770540761 42.533492403538503
leaf_count=263363 9441 358077 130018 99928 10870 20455 99156 22161 12571 69594 2313 7900 450892 78624
internal_value=4.13257e-10 0.0025593 0.00124936 -0.00706864 -0.00180086 0.00524628 0.00675763 -0.012343 -0.00705483 -0.0110682 -0.0197239 0.000317129 -0.0230815 -0.00932605
internal_weight=2419.5 2007.27 1904.53 616.886 515.897 1287.64 1200.03 412.239 281.767 244.607 136.882 107.726 130.472 57.8542
internal_count=1635363 727945 718504 468875 368947 249629 119611 907418 114539 92378 71907 20471 792879 341987
is_linear=0
shrinkage=0.05


Tree=114
num_leaves=15
num_cat=0
split_feature=2 9 5 6 5 5 9 9 5 9 4 9 3 6
split_gain=28.6474 22.3027 25.5061 25.8549 21.4871 21.1015 15.7285 26.6479 17.7153 9.67027 7.86259 8.79233 7.5153 6.04892
threshold=1.0000000180025095e-35 0.91939599802136851 0.022769127812415291 0.21863487837758025 0.0087209631355207231 0.010553228673009065 0.91993331014631552 0.93872928324720883 0.019709122453165598 0.94959280803807511 0.044466403162055343 0.87981539167638168 0.89746206819181029 0.34125526561569802
decision_type=2 2 2 2 2 2 2 2 2 2 2 2 2 2
left_child=12 2 3 4 -2 -5 13 8 -8 -9 -4 -12 -1 -3
right_child=1 6 10 5 -6 -7 7 9 -10 -11 11 -13 -14 -15
leaf_value=-0.037082486021299259 -0.0075427927646730553 0.028523265617661067 0.023324001313912102 -0.039596625256027307 0.0078970037225557874 -0.008953691505911977 -0.034443019439678459 0.019723366428362234 0.0096609866389536347 -0.0029814008289160122 -0.00079275771234515774 0.018474976284911803 -0.012594662616426586 -0.00037917826170327947
leaf_weight=38.782051288902949 397.6769355593317 125.75643866368864 92.000796727359557 60.357253742420653 506.79870768102001 444.95135715467109 54.312865090194009 170.5109400005822 34.044174975104397 62.36797535986625 159.57698311532658 88.773198915965622 149.31154420604435 20.860890915704658
leaf_count=622433 424403 3253 2425 198130 86688 120386 9333 5279 370 2619 9894 1197 148558 395
internal_value=9.50585e-10 0.00160462 -0.000995849 -0.00396688 0.00110434 -0.012966 0.0112401 0.00488943 -0.0178423 0.0137079 0.0111899 0.00632322 -0.0184732 0.0245341
internal_weight=2406.08 2217.99 1750.14 1409.78 904.476 505.309 467.853 321.236 88.357 232.879 340.351 248.35 188.094 146.617
internal_count=1635363 864372 843123 829607 511091 318516 21249 17601 9703 7898 13516 11091 770991 3648
is_linear=0
shrinkage=0.05


Tree=115
num_leaves=15
num_cat=0
split_feature=9 9 5 4 9 4 8 9 5 4 8 6 0 6
split_gain=28.4304 22.2399 22.5739 28.5631 23.2277 14.8868 12.4462 9.83938 8.93664 10.029 8.87148 7.71796 12.0099 7.19396
threshold=0.81974042785608325 0.81999535510242005 0.017332330013665166 0.0087337909992372242 0.83953120385695745 0.018019480519480522 0.34863336554256319 0.8581693353193075 0.018574991593326245 0.025978407557354928 0.25181686625117494 0.17788270776204329 1.5000000000000002 0.19919073505544058
decision_type=2 2 2 2 2 2 2 2 2 2 2 2 2 2
left_child=8 -2 3 4 -3 10 -5 -7 13 -10 -4 -11 -13 -1
right_child=1 2 5 6 -6 7 -8 -9 9 11 -12 12 -14 -15
leaf_value=-0.012758644629269809 0.02456493253422707 -0.037317457942233422 0.026006886153862582 -0.012376788743823678 0.0031418036680128992 -0.01125614978917984 -0.046161682313450199 0.0073093257099495325 0.019111466965954102 0.0079600832637575676 -0.0073115784939790209 -0.026739303234011108 0.0095104046558728179 -0.033685596929271103
leaf_weight=171.21262907923057 102.69003725532116 31.94241232202728 139.99441917028707 274.72050839815188 892.12773135427051 80.939305234971471 26.574850965122891 425.09755817795281 34.293571823532147 42.587907669990273 20.955529929969998 73.592283225157644 29.212710945215804 55.223622770212557
leaf_count=503579 9441 142878 4570 94224 440216 11128 13312 10834 3629 1735 1342 18289 3645 376541
internal_value=-7.69431e-10 0.00246158 0.00120055 -0.00282809 0.00154994 0.00856781 -0.0160616 0.00425875 -0.0119752 -0.00349979 0.0215793 -0.00929115 -0.0164754 -0.0184798
internal_weight=2401.17 1995.04 1892.35 1225.37 924.07 666.987 301.295 506.037 406.123 179.686 160.95 145.393 102.805 226.436
internal_count=1635363 727945 718504 690630 583094 27874 107536 21962 907418 27298 5912 23669 21934 880120
is_linear=0
shrinkage=0.05


Tree=116
num_leaves=15
num_cat=0
split_feature=5 12 3 9 9 9 6 5 0 8 5 4 7 8
split_gain=27.2705 24.3699 22.7142 19.6022 23.0071 25.397 12.1257 9.93498 8.35593 7.18234 5.73198 5.84066 18.4151 6.02875
threshold=0.006845092259310224 1.0000000180025095e-35 0.9953866087424702 0.89899522726641756 0.88368810051736901 0.87959519290939814 0.44763257257877542 0.017332330013665166 1.5000000000000002 0.48378755429776538 0.0028970731478330266 0.0033389074693422525 0.36666666666666675 0.29981851628046996
decision_type=2 2 2 2 2 2 2 2 2 2 2 2 2 2
left_child=2 3 -1 4 5 -2 7 -5 -8 -6 -4 13 -13 -12
right_child=1 -3 10 6 9 -7 8 -9 -10 -11 11 12 -14 -15
leaf_value=-0.040167265635987978 -0.001889705408067972 -0.051718262330802948 -0.024072241935444917 0.0061342107192456832 -0.028085839083478017 0.01909528387977372 -0.021572501581892868 0.018512423166145205 0.022927742078162592 0.007179014054237415 -0.0045986636592298923 0.0038156889658713146 -0.039893193223137315 0.014156222162438607
leaf_weight=55.677165850024039 977.04035551428024 15.616985880826403 37.258051488011461 407.83687058777696 88.550330120921672 164.01278891933862 44.310648425011323 273.09832026827462 9.0345037594743172 14.963658583556706 154.48929198732776 56.53556569281568 36.016252052444543 53.594833422606371
leaf_count=738750 454225 35398 66460 26956 15383 7116 1502 2346 80 2311 82156 152331 29420 20929
internal_value=2.62516e-09 0.00238059 -0.0119424 0.00293681 -0.00089034 0.00119679 0.00938579 0.0111974 -0.012717 -0.0228922 -0.00677373 -0.00427118 -0.0143664 0.000450732
internal_weight=2388.04 1994.46 393.571 1978.85 1244.57 1141.05 734.28 680.935 53.3452 103.514 337.894 300.636 92.5518 208.084
internal_count=1635363 545317 1090046 509919 479035 461341 30884 29302 1582 17694 351296 284836 181751 103085
is_linear=0
shrinkage=0.05


Tree=117
num_leaves=15
num_cat=0
split_feature=2 1 12 9 9 5 5 6 7 9 9 7 6 3
split_gain=26.7794 20.5016 18.7465 18.1516 17.0363 14.1254 6.75014 4.77077 3.92162 3.10253 4.73557 4.23617 2.58944 2.21976
threshold=1.0000000180025095e-35 1.0000000180025095e-35 1.0000000180025095e-35 0.89958213516750962 0.90202221972842567 0.021863201802460118 0.010999700754395212 0.31080297257084427 4.2916666666666679 0.85981413692081421 0.86012345679012359 2.4500000000000006 0.4116950912491007 0.9953866087424702
decision_type=2 2 2 2 2 2 2 2 2 2 2 2 2 2
left_child=6 2 3 5 -5 -2 13 9 -3 11 -11 -8 -9 -1
right_child=1 8 -4 4 -6 -7 7 12 -10 10 -12 -13 -14 -15
leaf_value=-0.04044253912947661 -0.0036948099869689244 -0.046655002187693112 -0.048313312307574609 0.020855826625053211 0.0041410797435755238 0.0083415746190533026 -0.036131739341874906 -0.035836933167477603 0.0028316941940719977 0.031424533145684774 -0.0035534278286201773 -0.00098552473679575829 -0.0051432606656059733 -0.019314862094733608
leaf_weight=27.937260806987524 1058.9950397486396 20.980808622546196 13.286742592729295 203.27457618621213 582.32769328066195 311.23943238183256 7.0546727930537818 15.384221685795525 4.0823239256342267 9.4090272150990568 26.874368939749388 30.713083357220512 13.295337770205718 53.234051936757169
leaf_count=593695 722877 54506 39346 3848 29781 11588 14849 17491 2426 307 7210 8339 12012 117088
internal_value=6.72286e-10 0.00155179 0.00211538 0.00253725 0.00857057 -0.000940439 -0.0180658 -0.00887235 -0.0394642 -0.00165992 0.00822446 -0.0110072 -0.0244839 -0.0285112
internal_weight=2378.09 2194.19 2169.12 2155.84 785.602 1370.23 183.902 102.731 25.0631 74.0512 36.2834 37.7678 28.6796 81.1713
internal_count=1635363 864372 807440 768094 33629 734465 770991 60208 56932 30705 7517 23188 29503 710783
is_linear=0
shrinkage=0.05


Tree=118
num_leaves=15
num_cat=0
split_feature=9 5 6 5 4 4 5 4 5 4 4 6 5 3
split_gain=26.7191 20.8469 21.1442 17.2188 18.0097 17.2056 19.5103 13.4996 11.266 14.1134 12.818 9.51338 8.59755 8.21328
threshold=0.81974042785608325 0.014655796459586251 1.0000000180025095e-35 0.0098197612918496345 0.0048426434032174852 0.012579113924050636 0.0050926292600219428 0.0054794931844112183 0.019709122453165598 0.014185110663983905 0.018019480519480522 0.45959525609772206 0.012911761646618291 0.78585742681823545
decision_type=2 2 2 2 2 2 2 2 2 2 2 2 2 2
left_child=13 2 5 -4 -5 6 -2 11 9 -9 -10 -3 -7 -1
right_child=1 7 3 4 -6 12 -8 8 10 -11 -12 -13 -14 -15
leaf_value=-0.031489427634265085 -0.012679713704449433 0.033825012652466367 -0.037996834159316685 0.010953295748711829 -0.021074935084587666 -0.011099069794976619 0.0077653417641366795 0.009472384299797354 0.029846536045231149 -0.01138273633497261 0.0073241146907797585 -0.022904103799705342 -0.052602767310793136 -0.0089722341091986908
leaf_weight=42.317179328891655 139.33577458904347 63.751825457901077 58.281219799984626 74.099454886310639 94.827755195495342 81.310615836549346 609.14240361413249 151.95051638245332 69.907794453369206 162.99866005305739 447.77573479382954 4.800064612514233 10.888041028049313 356.18393214511451
leaf_count=439052 300803 2504 148008 12907 29694 33613 151009 8154 1838 20353 15111 441 3510 468366
internal_value=-5.77895e-11 0.00239638 -0.00232717 -0.015684 -0.00711484 0.00135414 0.00390043 0.00797564 0.00612002 -0.00133018 0.010622 0.0285658 -0.0184542 -0.0117239
internal_weight=2367.57 1969.07 1067.89 227.208 168.927 840.677 748.478 901.185 832.633 314.949 517.684 68.5519 92.1987 398.501
internal_count=1635363 727945 679544 190609 42601 488935 451812 48401 45456 28507 16949 2945 37123 907418
is_linear=0
shrinkage=0.05


Tree=119
num_leaves=15
num_cat=0
split_feature=2 9 9 9 5 9 9 5 9 6 6 0 0 5
split_gain=25.4587 20.6003 23.609 28.47 13.9868 9.96483 23.3846 14.3015 9.86408 9.04483 8.50585 16.0653 7.46446 6.87522
threshold=1.0000000180025095e-35 0.91939599802136851 0.90202221972842567 0.89958213516750962 0.021863201802460118 0.91993331014631552 0.93872928324720883 0.019709122453165598 0.94959280803807511 0.26093353475085973 0.34125526561569802 1.0000000180025095e-35 1.0000000180025095e-35 0.016245473494389328
decision_type=2 2 2 2 2 2 2 2 2 2 2 2 2 2
left_child=13 2 3 4 -2 10 7 -7 -8 -4 -3 -12 -5 -1
right_child=1 5 9 12 -6 6 8 -9 -10 -11 11 -13 -14 -15
leaf_value=-0.024850159916042287 -0.0046385093157052439 0.026354032292562973 -0.010888603299101796 0.0059979995695264802 0.0072812586584247788 -0.031572924158552271 0.020099646992912515 0.0090017516992676339 -0.0030466998375527736 -0.039584130798815481 -0.045143898000620082 0.026238294381287098 0.025625337009778162 -0.0044466054598780056
leaf_weight=115.45881457088467 1075.7756283150925 124.43705492228628 82.326146883842284 85.392868017137971 313.88998493881536 51.457703628564559 165.94211195957723 32.353165189619176 61.353459378405205 41.148110006305615 9.0937885377279617 13.03897452662204 120.00481755198734 66.710188812969818
leaf_count=755657 798491 3253 17220 1839 16742 9333 5279 370 2619 5451 183 212 3380 15334
internal_value=-1.20935e-09 0.00151855 -0.000999916 0.000658849 -0.00192969 0.0108838 0.00565451 -0.0162851 0.0139207 -0.0216198 0.0214307 -0.00600516 0.0178018 -0.0176968
internal_weight=2358.38 2176.21 1718.54 1595.06 1389.67 457.676 311.106 83.8109 227.296 123.474 146.57 22.1328 205.398 182.169
internal_count=1635363 864372 843123 820452 815233 21249 17601 9703 7898 22671 3648 395 5219 770991
is_linear=0
shrinkage=0.05


Tree=120
num_leaves=15
num_cat=0
split_feature=9 5 6 4 5 3 3 6 9 9 4 5 4 3
split_gain=25.5513 21.7814 26.8229 15.1741 28.6342 12.417 10.6006 10.4552 9.99426 14.8689 8.98521 7.80572 13.4148 7.33574
threshold=0.81974042785608325 0.012734975846321635 1.0000000180025095e-35 0.015038444142921758 0.019709122453165598 0.63969118008442705 0.7653516716685832 0.26977330470030153 0.84016393442622961 0.8792720649114093 0.026671408250355622 0.0098197612918496345 0.0033389074693422525 0.78585742681823545
decision_type=2 2 2 2 2 2 2 2 2 2 2 2 2 2
left_child=13 2 5 8 7 -2 -7 -5 -3 -10 -6 -4 -13 -1
right_child=1 3 11 4 10 6 -8 -9 9 -11 -12 12 -14 -15
leaf_value=-0.030544709731249221 -0.031652431463779905 0.033394304903602998 -0.036550759431868966 -0.0046099765707135112 0.021904450953313958 0.034543628716583556 0.00070964589411856886 -0.02975970382778444 -0.010464856283532855 0.016556804394739041 0.0052923965207482574 0.010074913321164714 -0.027009690907633027 -0.0089302059628330894
leaf_weight=40.850577081194444 23.834549459319305 59.851325201428494 55.552508983785287 108.89665310583871 100.82056110767735 18.90764434900052 740.12733781615975 63.920767336203426 59.554257772491155 256.74556098136486 376.65246774269417 37.346441907801363 55.513133180452883 353.99188274886632
leaf_count=439052 223526 6467 148008 12714 2722 44634 213785 15664 9401 8985 13097 6694 22248 468366
internal_value=6.52293e-11 0.00234693 -0.00318184 0.00735423 0.00268839 0.000560943 0.001773 -0.0144875 0.0152795 0.0113854 0.00899076 -0.0222997 -0.0123422 -0.0115204
internal_weight=2352.57 1957.72 931.282 1026.44 650.29 782.87 759.035 172.817 376.151 316.3 477.473 148.412 92.8596 394.842
internal_count=1635363 727945 658895 69050 44197 481945 258419 28378 24853 18386 15819 176950 28942 907418
is_linear=0
shrinkage=0.05


Tree=121
num_leaves=15
num_cat=0
split_feature=2 9 9 9 6 10 5 8 4 5 5 9 4 10
split_gain=24.6274 19.5031 17.0944 31.9187 16.271 18.2921 15.2084 10.8453 9.56019 9.37945 6.34567 6.02919 6.16736 4.89462
threshold=1.0000000180025095e-35 0.87959519290939814 0.87995354129024672 0.89781777920640038 0.38014252254532371 1.0000000180025095e-35 0.022769127812415291 0.173936407689642 0.095454545454545472 0.014423222271656905 0.016245473494389328 0.87988238742504643 0.0061162651503815666 1.0000000180025095e-35
decision_type=2 2 2 2 2 2 2 2 2 2 2 2 2 2
left_child=10 4 11 8 5 6 -2 13 -4 -5 -1 12 -3 -6
right_child=1 2 3 9 7 -7 -8 -9 -10 -11 -12 -13 -14 -15
leaf_value=-0.024478753671777886 -0.0029058698361298088 -0.0042883906179988175 -0.027995943900764948 0.0018774901868968581 -0.033928963642802026 -0.045470275347170533 0.014546165431640093 -0.00037457619454051342 0.0076383250646718248 0.012240821948928088 -0.0047217365588161191 0.032182310743701176 0.022251487483314805 0.014033679677655855
leaf_weight=113.53376810830946 751.82124563828086 35.299913727107764 89.652340591785446 464.52485101286311 72.950512005656805 17.705930215075227 144.49190463983268 44.047043925434195 21.184691099964766 410.60638379329612 66.180450285152119 67.594330165889914 47.228669811849613 3.0756058318259241
leaf_count=755657 569270 2468 33725 51774 72955 86602 5975 24107 628 6894 15334 1755 757 7462
internal_value=1.71856e-09 0.00148845 0.00599831 0.00355109 -0.00347126 -0.00115029 -2.73934e-05 -0.0203866 -0.0211493 0.00678182 -0.0175279 0.0214385 0.0113031 -0.0312424
internal_weight=2349.9 2170.18 1136.09 985.968 1034.09 914.019 896.313 120.073 110.837 875.131 179.714 150.123 82.5286 76.0261
internal_count=1635363 864372 98001 93021 766371 661847 575245 104524 34353 58668 770991 4980 3225 80417
is_linear=0
shrinkage=0.05


Tree=122
num_leaves=15
num_cat=0
split_feature=7 5 9 9 9 4 0 8 9 3 5 4 7 6
split_gain=24.2522 18.8308 19.2946 23.4809 22.3448 11.0229 10.1399 9.73463 9.81676 8.06317 7.12587 6.69795 6.01502 4.63964
threshold=1.0000000180025095e-35 0.006845092259310224 0.91939599802136851 0.90202221972842567 0.89983306826834208 0.0033389074693422525 1.0000000180025095e-35 0.46446180835822287 0.91993331014631552 0.9953866087424702 0.0034357703103276411 0.0054200940070505297 0.36666666666666675 0.45610495498180198
decision_type=2 2 2 2 2 2 2 2 2 2 2 2 2 2
left_child=6 5 3 4 -3 9 13 8 -4 -2 -11 -5 -7 -1
right_child=1 2 7 11 -6 12 -8 -9 -10 10 -12 -13 -14 -15
leaf_value=-0.034840168912065532 -0.030016171863624725 0.00042715280035426223 0.027591304881710899 -0.00089759968415836625 0.021810170886883598 0.0072608734912977778 -0.00731861358207655 -0.015802135750448136 0.0096429231120334497 -0.018290051262534739 0.0022814828689510015 -0.031191229014536866 -0.039202788734039241 -0.0011612094514133751
leaf_weight=64.038035787903368 25.064853014224127 1222.5674745979916 111.29816765266321 25.150914238234463 130.76536933113221 6.6899548409635363 143.64665987875878 22.741149363920385 249.78827221780273 49.472109900734722 181.60401563191772 64.513300797743796 36.221172087346986 12.417565061622211
leaf_count=497447 263184 238762 2455 6027 2688 2457 436249 1720 10719 44352 57151 5631 40257 26264
internal_value=-1.01984e-09 0.00164881 0.00355793 0.000890994 0.00256596 -0.00988022 -0.0156081 0.0134439 0.0154765 -0.00564061 -0.00241686 -0.0231901 -0.0319572 -0.0297772
internal_weight=2345.98 2125.88 1826.82 1443 1353.33 299.052 220.102 383.828 361.086 256.141 231.076 89.6642 42.9111 76.4556
internal_count=1635363 675403 268002 253108 241450 407401 959960 14894 13174 364687 101503 11658 42714 523711
is_linear=0
shrinkage=0.05


Tree=123
num_leaves=15
num_cat=0
split_feature=12 9 9 9 9 5 5 6 4 8 9 6 9 5
split_gain=24.1379 22.9265 29.9571 29.9227 17.4045 12.5987 10.195 13.3572 7.01788 5.58719 11.7674 5.36789 3.01937 1.86274
threshold=1.0000000180025095e-35 0.87840716735049862 0.86012345679012359 0.85981413692081421 0.84016393442622961 0.026125329939668176 0.0055371152951722092 0.2491364400193441 0.0036429993364299937 0.17247748958076983 0.90202221972842567 0.29725987235639023 0.86972027972027999 0.026125329939668176
decision_type=2 2 2 2 2 2 2 2 2 2 2 2 2 2
left_child=1 2 3 4 -1 6 8 -8 -3 -7 -11 -5 13 -4
right_child=-2 5 12 11 -6 9 7 -9 -10 10 -12 -13 -14 -15
leaf_value=-0.0014282089103303287 -0.051932025288383234 -0.0043270072091657437 -0.048847006315249915 0.028259362305888061 -0.018267460766336771 0.026835273430511272 0.0094780437937900947 -0.0023222294078724349 -0.035784001103799146 0.025048096645386958 -0.027966024586480856 0.0017341265274280603 -0.022249201808633143 -0.0009678050251101521
leaf_weight=684.06763499692556 17.1636085086393 89.626470781824537 24.916301691139214 80.974943358807081 193.19714412340522 84.705430519446963 628.3829882804481 383.27334052032711 17.690985196386805 19.125708463587216 13.515121266755157 25.388234490694913 68.352931852688016 2.3989945496068676
leaf_count=1118238 45046 114199 33981 9094 140372 433 61367 26902 23300 151 130 1166 60932 52
internal_value=8.43205e-10 0.00049599 -0.00481688 -0.00214681 -0.00521917 0.0051348 0.00345217 0.00501799 -0.0108747 0.020383 0.00229827 0.0222901 -0.0307995 -0.0454423
internal_weight=2332.78 2315.62 1079.3 983.628 877.265 1236.32 1118.97 1011.66 107.317 117.346 32.6408 106.363 95.6682 27.3153
internal_count=1635363 1590317 1363835 1268870 1258610 226482 225768 88269 137499 714 281 10260 94965 34033
is_linear=0
shrinkage=0.05


Tree=124
num_leaves=15
num_cat=0
split_feature=2 1 12 9 5 9 5 7 6 3 9 8 6 5
split_gain=23.9121 18.9919 17.9397 16.7349 15.721 6.33668 5.64056 3.49456 3.09726 5.1593 5.24416 2.95728 2.75447 2.97615
threshold=1.0000000180025095e-35 1.0000000180025095e-35 1.0000000180025095e-35 0.76002082574061547 0.011561986026310339 0.70375618811881202 0.0057291944030248175 8.2916666666666696 0.31080297257084427 0.9953866087424702 0.9585472006264909 1.0000000180025095e-35 0.4116950912491007 0.021017203690868156
decision_type=2 2 2 2 2 2 2 2 2 2 2 2 2 2
left_child=6 2 3 5 -5 -2 -1 -3 9 10 -8 -11 -10 -14
right_child=1 7 -4 4 -6 -7 8 -9 12 11 -12 -13 13 -15
leaf_value=-0.037061618215375444 -0.00012165304329631942 -0.043748606471203155 -0.048100761951571883 -0.0022212954086305646 0.0067063558747069221 -0.034635556522125376 -0.037900424799758636 0.010501844490025393 -0.037169310448887209 0.0015895568762007012 0.020187666939453456 -0.017051498810111032 -0.027779617188835194 0.0089123565294439138
leaf_weight=26.869800304088443 19.722278434951164 21.943096320043882 12.722815002759942 811.77293584617973 1243.4389531595525 36.058194524002232 16.610131124363736 1.4212229157456011 17.035294256854517 77.246032799932891 1.4562617564179152 23.994281537572533 4.0234147125979112 10.021354819055885
leaf_count=525669 15885 56696 39346 566612 114510 71087 130906 236 46650 28599 762 12443 24230 1732
internal_value=-2.58463e-11 0.00147268 0.00201089 0.00242586 0.00318326 -0.0234464 -0.0173894 -0.0391791 -0.0127951 -0.00846581 -0.0298571 -0.00342301 -0.0259375 -0.00613246
internal_weight=2324.34 2147.08 2123.72 2110.99 2055.21 55.7805 177.257 23.3643 150.387 119.307 18.0664 101.24 31.0801 14.0448
internal_count=1635363 864372 807440 768094 681122 86972 770991 56932 245322 172710 131668 41042 72612 25962
is_linear=0
shrinkage=0.05


Tree=125
num_leaves=15
num_cat=0
split_feature=9 9 9 5 4 4 9 3 4 6 5 5 4 4
split_gain=23.3715 18.94 21.367 16.6929 17.4506 11.0602 8.05731 7.27392 6.83678 5.68119 9.3045 7.80617 12.7202 11.0388
threshold=0.81974042785608325 0.81999535510242005 0.83780520849014006 0.014423222271656905 0.0087337909992372242 0.0057307060755336621 0.81992087763314825 0.78585742681823545 0.0038387857353374597 0.28957897612378453 0.026125329939668176 0.016962512486045012 0.029857397504456332 0.0036429993364299937
decision_type=2 2 2 2 2 2 2 2 2 2 2 2 2 2
left_child=7 6 -3 4 -4 -5 -2 -1 -8 11 -11 13 -13 -9
right_child=1 2 3 5 -6 -7 8 9 -10 10 -12 12 -14 -15
leaf_value=-0.030393407624768262 0.0024492353950858504 -0.028635784163839745 0.00069856216967433471 0.02489745624358412 -0.016857674890512108 0.0052829040802109036 0.0092940484946774198 0.0089193930133487486 0.04387846833234154 -0.026721168332380502 0.0047379216315153192 0.031539932531291608 -0.0052915040567435186 -0.020485712322092505
leaf_weight=39.267753145018503 34.194523121829548 53.634957603298744 776.37374847863839 75.216421437611643 168.00499022389067 753.01859761226387 25.370368423190371 42.824653777656067 41.502627292580655 76.67314199667419 31.116018830907706 29.081498278505023 71.563638338259807 98.017676273327822
leaf_count=439052 4985 158411 461782 3148 60302 34861 3691 58800 765 150034 1933 1741 6429 249429
internal_value=-5.77242e-12 0.00226193 0.00106596 0.00204268 -0.00249703 0.00720292 0.0228036 -0.0111062 0.0323171 -0.00853943 -0.0178323 -0.00411393 0.00634001 -0.0115455
internal_weight=2315.86 1927.32 1826.25 1772.61 944.379 828.235 101.068 388.544 66.873 349.277 107.789 241.487 100.645 140.842
internal_count=1635363 727945 718504 560093 522084 38009 9441 907418 4456 468366 151967 316399 8170 308229
is_linear=0
shrinkage=0.05


Tree=126
num_leaves=15
num_cat=0
split_feature=2 9 6 10 9 9 5 5 8 5 9 5 4 8
split_gain=23.2904 18.5592 16.2595 16.7317 16.1666 30.0574 12.7067 10.3084 10.1934 9.02797 6.0375 5.24512 4.75102 4.68597
threshold=1.0000000180025095e-35 0.87959519290939814 0.38014252254532371 1.0000000180025095e-35 0.87995354129024672 0.89671589233088067 0.022769127812415291 0.021017203690868156 0.173936407689642 0.0050926292600219428 0.87988238742504643 0.0057291944030248175 0.0061162651503815666 0.20283536114732179
decision_type=2 2 2 2 2 2 2 2 2 2 2 2 2 2
left_child=11 2 3 6 10 7 -2 -6 -4 -7 12 -1 -3 -10
right_child=1 4 8 -5 5 9 -8 -9 13 -11 -12 -13 -14 -15
leaf_value=-0.036649286147422591 -0.0026730449068542903 -0.0034370252195530071 -0.031066444808397306 -0.044496245908809129 -0.034354218007531738 -0.012104241642284382 0.013349265786106941 0.0014386467443158009 0.021722867336293496 0.0076933985955650085 0.031641365698651523 -0.012854753609000333 0.020286020617156512 -0.010528675591629788
leaf_weight=25.948125556710863 742.05387450985359 33.693960664474162 74.771055831486279 16.66254332991889 60.463601262156203 57.4950171016377 143.30941905757209 28.476401785543203 11.149379054107781 819.77687425108275 67.840643074872787 147.9640436138564 46.330131263808653 32.254406789001138
leaf_count=525669 569270 2468 80417 86602 28964 23125 5975 887 3663 40045 1755 245322 757 20444
internal_value=-1.95555e-10 0.00144934 -0.00341457 -0.00108154 0.00589876 0.00348852 -1.91907e-05 -0.0234276 -0.0204557 0.00633465 0.021019 -0.01733 0.0106828 -0.000855899
internal_weight=2308.19 2134.28 1020.2 902.026 1114.08 966.212 885.363 88.94 118.175 877.272 147.865 173.912 80.0241 43.4038
internal_count=1635363 864372 766371 661847 98001 93021 575245 29851 104524 63170 4980 770991 3225 24107
is_linear=0
shrinkage=0.05


Tree=127
num_leaves=15
num_cat=0
split_feature=9 9 9 5 6 4 9 9 9 9 9 4 8 9
split_gain=22.6803 17.7865 19.8851 16.3461 15.7116 8.94972 8.03691 6.99707 13.1621 22.1194 18.9654 6.09297 6.08674 5.53156
threshold=0.81974042785608325 0.81999535510242005 0.83471941443011499 0.014423222271656905 1.0000000180025095e-35 0.0062696540880503157 0.81992087763314825 0.80090909090909101 0.79909090909090918 0.78446941323345831 0.78000796812749018 0.0038387857353374597 0.19546730078295035 0.81715298885511667
decision_type=2 2 2 2 2 2 2 2 2 2 2 2 2 2
left_child=7 6 -3 4 -4 -5 -2 8 9 10 -1 -8 -10 -9
right_child=1 2 3 5 -6 -7 11 13 12 -11 -12 -13 -14 -15
leaf_value=-0.017523885018603576 0.0019946512724693948 -0.034531787796653307 0.00065561678422633722 0.021369874820540872 -0.015089629874716112 0.0050283883075604927 0.0096980309703621412 -0.035354632476801671 0.016012563409186508 -0.049491478838466531 0.015068249374315218 0.042762678700111439 -0.015621953368854653 -0.0090617730336446291
leaf_weight=124.77489362374635 34.299587823575848 33.407909489213353 752.66243732251849 90.481719240479606 195.55760009512858 743.21667971306533 25.192924235926512 42.019506009753542 66.255771633750044 30.932488291258466 63.476623224756906 41.094150100260777 15.038692412027158 42.900680658978132
leaf_count=334799 4985 126359 412793 3858 139073 36421 3691 201826 89604 100930 69085 765 31451 79723
internal_value=5.27083e-10 0.00223288 0.00106951 0.00183173 -0.00265375 0.00691876 0.0221838 -0.0109866 -0.00717807 -0.0134742 -0.0064286 0.0317578 0.00959441 -0.0233143
internal_weight=2301.31 1915.91 1815.33 1781.92 948.22 833.698 100.587 385.399 300.478 219.184 188.252 66.2871 81.2945 84.9202
internal_count=1635363 727945 718504 592145 551866 40279 9441 907418 625869 504814 403884 4456 121055 281549
is_linear=0
shrinkage=0.05


Tree=128
num_leaves=15
num_cat=0
split_feature=9 5 4 5 6 9 6 9 9 5 4 6 7 3
split_gain=22.6315 21.0674 21.5866 21.5144 13.5613 13.0179 12.528 10.4371 20.1837 12.2775 11.3591 10.7828 18.0384 10.3094
threshold=0.91939599802136851 0.0087209631355207231 0.0040241611607721214 0.011827542960043404 1.0000000180025095e-35 0.90202221972842567 0.2491364400193441 0.91993331014631552 0.93872928324720883 0.019709122453165598 0.054093567251461992 0.40270707352703389 2.4500000000000006 0.64639762349014662
decision_type=2 2 2 2 2 2 2 2 2 2 2 2 2 2
left_child=1 4 6 -4 13 -5 -3 11 9 -9 -11 -2 -13 -1
right_child=7 2 3 5 -6 -7 -8 8 -10 10 -12 12 -14 -15
leaf_value=-0.037846739950142851 0.025393828494665489 0.024869991896326268 -0.020556373668776922 0.0020488241196452042 -0.038664445408745723 -0.020584640958009374 -0.0027791123958226106 -0.029626078359199528 0.01240858459418416 0.029475695321502876 -0.020956802111577452 -0.057245233573415377 0.028924708841701664 -0.0066663663802397927
leaf_weight=23.755819053993264 129.2118074468878 126.67198073517187 130.85317148865397 981.21866428974045 37.405505839269836 62.908030769198376 58.12411538973862 52.130949397981851 227.84414864875725 19.460895511350827 15.837575579986149 6.9345634171067996 7.9205241944910085 412.18689635453893
leaf_count=333358 9471 24919 118693 175024 397403 4695 36168 23143 22506 233 245 240 87 489178
internal_value=2.02873e-11 -0.0024915 0.000680939 -0.00183895 -0.0115168 0.000593566 0.0163294 0.00986279 0.00462421 -0.015236 0.00705518 0.0207872 -0.0155867 -0.00877537
internal_weight=2292.46 1833.12 1359.78 1174.98 473.348 1044.13 184.796 459.34 315.274 87.4294 35.2985 144.067 14.8551 435.943
internal_count=1635363 1579438 359499 298412 1219939 179719 61087 55925 46127 23621 478 9798 327 822536
is_linear=0
shrinkage=0.05


Tree=129
num_leaves=15
num_cat=0
split_feature=2 1 12 9 9 6 5 6 3 7 7 4 4 8
split_gain=22.6346 17.8332 16.4585 15.7217 14.1785 14.0335 4.81481 4.33866 4.56212 3.69342 3.30458 2.79572 5.47655 2.43362
threshold=1.0000000180025095e-35 1.0000000180025095e-35 1.0000000180025095e-35 0.87959519290939814 0.87995354129024672 0.38014252254532371 0.017709678555132956 1.0000000180025095e-35 0.9953866087424702 0.55000000000000016 8.2916666666666696 0.01941930618401207 0.014815627743634768 0.91843603127727702
decision_type=2 2 2 2 2 2 2 2 2 2 2 2 2 2
left_child=6 2 3 5 -5 -2 7 8 -1 -10 13 12 -8 -3
right_child=1 10 -4 4 -6 -7 11 -9 9 -11 -12 -13 -14 -15
leaf_value=-0.035465928891584363 -3.7738133164652181e-05 -0.047049606417937755 -0.046686483032863345 0.020657649252339878 0.0041571804017792452 -0.018346099278912554 -0.027166580461433318 -0.043998842978739031 0.0066865776084384368 -0.016526080387495975 0.010078461282904325 -0.010931255791174873 0.025581056757504592 0.0059119298521228061
leaf_weight=21.317837436356513 875.30926135635627 19.59374957142041 12.267868650209492 146.72213980528124 951.43079936855372 113.88519374134694 2.3873960315745526 17.701648213748058 20.921543624241849 54.075972361557433 1.3834972397762602 43.035546498287658 11.695050168374108 1.2402941237489802
leaf_count=372961 597304 55890 39346 3752 67984 99054 1285 291682 66030 29781 236 8595 657 806
internal_value=1.19239e-10 0.00142649 0.00194325 0.00233994 0.00644541 -0.00222723 -0.0172249 -0.0229816 -0.0171381 -0.0100374 -0.0387948 -0.00480862 0.0118636 -0.0433627
internal_weight=2292.97 2121.83 2099.62 2087.35 1098.15 989.194 171.135 114.017 96.3154 74.9975 22.2175 57.118 14.0824 20.834
internal_count=1635363 864372 807440 768094 71736 696358 770991 760454 468772 95811 56932 10537 1942 56696
is_linear=0
shrinkage=0.05


Tree=130
num_leaves=15
num_cat=0
split_feature=5 9 9 9 3 12 9 9 6 7 6 7 5 8
split_gain=21.5915 22.2331 20.9943 22.3404 16.9711 12.7647 11.9206 18.225 12.5229 9.59599 8.68762 8.25967 7.61951 6.74324
threshold=0.006845092259310224 0.91939599802136851 0.90202221972842567 0.89983306826834208 0.9953866087424702 1.0000000180025095e-35 0.92647311426437662 0.93676289762095699 0.34034849995833633 6.9000000000000012 0.45959525609772206 2.4500000000000006 0.0073526567666777906 0.4496585256729691
decision_type=2 2 2 2 2 2 2 2 2 2 2 2 2 2
left_child=4 2 3 5 -1 -2 8 9 13 -8 -9 -10 -5 -3
right_child=1 6 -4 12 -6 -7 7 10 11 -11 -12 -13 -14 -15
leaf_value=-0.038017065203334838 -0.00049146820136690124 0.033718501398006806 -0.022977812856553745 -0.019526153987112299 -0.0066555633689765097 -0.04593000152906887 -0.03605230633258031 0.013685076674098748 -0.034057779321513056 0.02391807394302806 -0.032279771517030771 0.016738841974071089 0.023264181156853771 -0.0072378295719171468
leaf_weight=45.356213845492675 1296.7336790576794 110.19299503296918 92.673970642936183 7.5927947103915576 327.67918269231677 10.644607029658117 29.136519854943799 198.17626264576256 10.35167266950066 4.6000194689249829 6.1709187226442728 12.241336703449631 124.45517116123881 9.2667723008233889
leaf_count=738750 482780 3140 15610 391 351296 26944 3844 8157 495 281 210 243 2740 482
internal_value=-1.01905e-09 0.00215339 -0.000544449 0.000974409 -0.0109211 -0.001035 0.0128927 0.00583668 0.0241181 -0.0258435 0.0115592 -0.00848925 0.0201811 0.0303783
internal_weight=2285.27 1912.24 1532.1 1439.43 373.035 1307.38 380.136 238.084 142.053 33.7365 204.347 22.593 132.048 119.46
internal_count=1635363 545317 528465 512855 1090046 509724 16852 12492 4360 4125 8367 738 3131 3622
is_linear=0
shrinkage=0.05


Tree=131
num_leaves=15
num_cat=0
split_feature=9 9 9 3 5 8 6 8 8 9 6 6 5 4
split_gain=22.2173 16.6804 30.158 15.4938 10.8349 12.1471 10.4244 6.76848 6.51145 6.05347 9.38172 5.59803 10.683 10.0659
threshold=0.89928762060970047 0.88174242424242433 0.87988238742504643 0.57301056676417528 0.0063618031987160472 0.24984784243952005 0.38014252254532371 0.53709228483634219 0.32746453667289677 0.87995354129024672 0.42588539133521636 0.26447719700511668 0.016245473494389328 0.0033389074693422525
decision_type=2 2 2 2 2 2 2 2 2 2 2 2 2 2
left_child=1 2 3 -1 5 -2 -5 -7 -3 -4 -11 -6 13 -13
right_child=4 8 9 6 11 7 -8 -9 -10 10 -12 12 -14 -15
leaf_value=-0.037437156650630757 -0.01794188530346871 -0.023620884041798667 0.031308431705218881 -0.0011995637243175704 0.012524966661266346 0.023466541757055256 -0.015808144805607108 -0.026398627338707504 0.0016734408606601553 -0.03406855941677938 0.0302589030418021 0.010445302867763082 0.0093321079385275205 -0.024956198318040135
leaf_weight=28.45148054236779 79.599162628404258 126.97003529941583 72.792349251931483 1052.618636740955 421.5814052694696 31.936275905389209 133.30908155956399 3.988246457206059 30.734967855872014 6.9057321913753906 5.8817652115523629 28.551440031136224 202.452471318682 48.506291210396284
leaf_count=465558 66682 66129 4872 832368 31111 12479 121247 2990 14001 5079 241 3825 3750 5031
internal_value=-1.4582e-09 -0.00369576 -0.00179945 -0.0038605 0.00657929 -0.00737099 -0.00290118 0.0153817 -0.0187914 0.0260457 -0.00429183 0.0089139 0.00334297 -0.012002
internal_weight=2274.28 1457.66 1299.96 1214.38 816.615 115.524 1185.93 35.9245 157.705 85.5798 12.7875 701.092 279.51 77.0577
internal_count=1635363 1509495 1429365 1419173 125868 82151 953615 15469 80130 10192 5320 43717 12606 8856
is_linear=0
shrinkage=0.05


Tree=132
num_leaves=15
num_cat=0
split_feature=2 9 9 9 9 9 5 5 7 9 6 8 8 7
split_gain=21.5923 17.2294 17.8275 25.7057 10.9899 20.7071 10.9874 9.78315 9.54507 8.2188 7.89353 6.69504 6.56204 5.88132
threshold=1.0000000180025095e-35 0.91939599802136851 0.90202221972842567 0.89958213516750962 0.92647311426437662 0.93872928324720883 0.021863201802460118 0.0093751966645689144 6.9000000000000012 0.9074709302325582 0.33833139869698586 0.20775513844419455 0.22977972354164192 2.9000000000000004
decision_type=2 2 2 2 2 2 2 2 2 2 2 2 2 2
left_child=-1 2 3 6 7 8 -2 11 -6 -4 -9 -3 -5 -7
right_child=1 4 9 12 5 13 -8 10 -10 -11 -12 -13 -14 -15
leaf_value=-0.016990707440351478 -0.0043860512319487798 -0.011567759835645806 -0.050311752657412723 0.011903067130806752 -0.02977350268644079 0.013677756091957004 0.0063430680919363373 0.035107082705500829 0.024535012037203416 -0.013034156743455629 0.00038173074799377769 0.020088386635410269 0.03450553951737468 -0.010106435943959699
leaf_weight=167.80698282525418 1045.6037408729476 31.593671759183508 13.875344081534079 153.83175510584806 48.537497872508993 195.8808695848943 304.02003980324116 86.214555902064603 5.6503068287711349 103.41715863399156 20.078039372288913 25.882867032179092 39.844275542159266 26.171945858200161
leaf_count=770991 798491 3012 4210 4398 7354 5378 16742 1199 375 18461 394 1017 821 2520
internal_value=1.11445e-09 0.00139443 -0.000944219 0.000510298 0.0101319 0.00391078 -0.00195469 0.0201988 -0.0225164 -0.0193207 0.0288595 0.00315447 0.0173044 0.0107136
internal_weight=2268.41 2100.6 1660.59 1543.3 440.01 276.241 1349.62 163.769 54.1878 117.293 106.293 57.4765 193.676 222.053
internal_count=1635363 864372 843123 820452 21249 15627 815233 5622 7729 22671 1593 4029 5219 7898
is_linear=0
shrinkage=0.05


Tree=133
num_leaves=15
num_cat=0
split_feature=9 5 9 9 6 9 9 9 5 4 6 5 7 4
split_gain=21.3831 17.5194 11.0851 15.089 10.5388 9.5815 7.96193 7.87745 6.55643 11.4458 8.60744 9.71043 8.27713 6.42857
threshold=0.81974042785608325 0.0087209631355207231 0.81999535510242005 0.83330532212885167 1.0000000180025095e-35 0.89928762060970047 0.81992087763314825 0.93872928324720883 0.017709678555132956 0.025978407557354928 1.0000000180025095e-35 0.026125329939668176 2.7083333333333335 0.003590675846419639
decision_type=2 2 2 2 2 2 2 2 2 2 2 2 2 2
left_child=8 4 6 -4 7 -5 -3 13 -1 -10 12 -12 -11 -2
right_child=1 2 3 5 -6 -7 -8 -9 9 10 11 -13 -14 -15
leaf_value=-0.017065055022702082 -0.0018842047670408948 0.0010989176875807996 -0.035725199320558669 0.0008579088341299151 -0.031455892921957447 0.0095835959458225543 0.03498682127168451 0.011090059949940639 0.018290774557556573 0.023621053257990642 -0.029495623231046472 0.0014810416413901313 -0.018970221823490965 -0.015023411525079383
leaf_weight=194.69169401804902 283.1907689315525 26.652141777351062 18.495807491936375 706.23263390122543 31.667425225333602 563.94243131229791 46.405201277356809 72.763181496658035 40.282078582373515 25.98507112189327 62.375762216450994 39.77596156607251 13.512255929293131 134.96865015076838
leaf_count=873857 254697 1388 24270 106807 134714 24750 907 16799 5470 546 23687 2351 1507 163613
internal_value=-2.19088e-09 0.00218055 0.00516312 0.00403758 -0.00556649 0.0047544 0.0234864 -0.00359616 -0.0107954 -0.00380896 -0.010503 -0.0179276 0.00855598 -0.00625253
internal_weight=2260.94 1884.32 1361.73 1288.67 522.59 1270.18 73.0573 490.923 376.623 181.931 141.649 102.152 39.4973 418.159
internal_count=1635363 727945 158122 155827 569823 131557 2295 435109 907418 33561 28091 26038 2053 418310
is_linear=0
shrinkage=0.05


Tree=134
num_leaves=15
num_cat=0
split_feature=2 1 9 9 9 5 4 6 8 5 7 3 4 7
split_gain=21.0833 17.0066 15.4229 12.9302 22.7721 8.84939 13.6642 11.1877 6.17195 4.6249 3.27341 2.7372 4.09437 4.34008
threshold=1.0000000180025095e-35 1.0000000180025095e-35 0.89928762060970047 0.88174242424242433 0.87959519290939814 0.017332330013665166 0.0073261056247316452 0.46639615083170199 0.48378755429776538 0.016245473494389328 4.2916666666666679 0.9953866087424702 0.0035149493451939713 0.77500000000000013
decision_type=2 2 2 2 2 2 2 2 2 2 2 2 2 2
left_child=9 2 3 4 -2 6 -4 -7 -5 11 -3 -1 13 -13
right_child=1 10 5 8 -6 7 -8 -9 -10 -11 -12 12 -14 -15
leaf_value=-0.037222716865208047 -0.0025100518336577155 -0.045903170865347016 0.0078525456020825165 -0.019626989361707963 0.01772153425719928 0.017820865097089023 -0.011518234851598841 -0.016629712116791245 0.0074708778310060876 -0.0054975390719691217 0.0022842843430215432 0.01170397237591754 -0.02784591477578649 -0.017492862004968145
leaf_weight=25.229188743232271 985.96406436189318 17.447407587643742 397.7578697192057 121.97713349376158 156.79646600266278 244.9133607912172 112.89839637656678 22.115829905611463 22.430311712681714 62.463411805404235 3.6368039510639383 18.163141930174561 36.610795457002837 23.910905192043174
leaf_count=620842 717356 54506 36208 30950 7303 3017 7781 454 4371 15334 2426 20423 95531 18861
internal_value=-3.72193e-10 0.00138188 0.00188424 -0.00147608 0.000331001 0.00741989 0.0034998 0.0147144 -0.0153088 -0.01686 -0.0387467 -0.0231241 -0.0166497 -0.00498435
internal_weight=2252.32 2085.94 2064.85 1287.17 1142.76 777.685 510.656 267.029 144.407 166.377 21.0842 103.914 78.6848 42.074
internal_count=1635363 864372 807440 759980 724659 47460 43989 3471 35321 770991 56932 755657 134815 39284
is_linear=0
shrinkage=0.05


Tree=135
num_leaves=15
num_cat=0
split_feature=2 1 10 12 9 3 5 5 7 0 3 4 7 9
split_gain=20.4712 16.528 14.9028 14.7347 13.9681 9.96562 6.39756 4.10604 3.16214 2.73234 2.66403 3.72865 4.05415 2.2875
threshold=1.0000000180025095e-35 1.0000000180025095e-35 1.0000000180025095e-35 1.0000000180025095e-35 0.76002082574061547 0.9953866087424702 0.015964033585389458 0.016245473494389328 4.2916666666666679 1.0000000180025095e-35 0.9953866087424702 0.0035149493451939713 0.77500000000000013 0.9585472006264909
decision_type=2 2 2 2 2 2 2 2 2 2 2 2 2 2
left_child=7 2 3 4 -2 -4 -7 10 -3 -9 13 12 -12 -1
right_child=1 8 5 -5 -6 6 -8 9 -10 -11 11 -13 -14 -15
leaf_value=-0.039517286712621474 -0.022079788557309521 -0.045687511088408322 -0.046699510680458155 -0.045087471623375917 0.0035223604052179551 -0.034821689839531371 0.018533479268657962 -0.026796816585433321 0.0020245186579036568 -0.00098543815235390157 0.010956662531077932 -0.027122892497980822 -0.017286394134958201 0.0099943337120607725
leaf_weight=23.802862528550808 49.822647705059353 17.020524296921398 21.067893167503598 11.181754641191217 1962.1788344992904 3.1583961439682779 13.132349662082559 7.7378028645659915 3.6339808444995461 54.729895744915439 18.269601088941954 35.96434302834848 23.727127796600143 0.60680471428952287
leaf_count=618094 73718 54506 98246 37231 592931 4585 729 5950 2426 9384 20423 95531 18861 2748
internal_value=4.70243e-10 0.00135897 0.00185116 0.00245986 0.00283522 -0.0275125 0.0024408 -0.0166927 -0.0385345 -0.00593162 -0.0226773 -0.0163053 -0.00514145 -0.0367966
internal_weight=2246.03 2081.2 2060.54 2023.18 2012 37.3586 16.2907 164.838 20.6545 62.4677 102.371 77.9611 41.9967 24.4097
internal_count=1635363 864372 807440 703880 666649 103560 5314 770991 56932 15334 755657 134815 39284 620842
is_linear=0
shrinkage=0.05


Tree=136
num_leaves=15
num_cat=0
split_feature=9 9 9 9 9 5 4 9 9 9 9 9 9 4
split_gain=19.4195 17.3093 17.5818 43.1729 36.0508 14.6499 17.0145 7.36701 6.35804 11.7615 17.8276 16.0535 5.67551 5.53936
threshold=0.81974042785608325 0.81999535510242005 0.8581693353193075 0.84016393442622961 0.83953120385695745 0.015964033585389458 0.0087337909992372242 0.86012345679012359 0.80090909090909101 0.79909090909090918 0.78446941323345831 0.78000796812749018 0.81992087763314825 0.0038387857353374597
decision_type=2 2 2 2 2 2 2 2 2 2 2 2 2 2
left_child=8 12 3 4 -3 6 -4 -7 9 10 11 -1 -2 -14
right_child=1 2 5 -5 -6 7 -8 -9 -10 -11 -12 -13 13 -15
leaf_value=-0.017071444118633993 0.0041706035378086519 -0.020039513495202887 0.0021893739969165863 -0.037631398019913415 0.022437913028008551 0.022551824001264813 -0.015883978875418658 0.0067176075053983781 -0.022414817586441649 0.0092631091148472709 -0.046760694593405677 0.013277013994950907 0.0089936548057461766 0.040623678381888677
leaf_weight=118.76092750179296 32.995351379528927 86.399752280462963 727.52489261597975 91.721352481296577 105.28591392373264 82.454208285396817 153.39990169545626 525.21099303429742 80.915926635111418 79.592118357104738 27.93651591066677 62.788353395282883 24.984013860207654 40.342818595121116
leaf_count=334799 4985 189609 330134 116677 23104 2299 39588 17093 281549 121055 100930 69085 3691 765
internal_value=1.5481e-09 0.00207703 0.000914448 -0.0103908 0.00326907 0.00309439 -0.00102971 0.00903267 -0.0103871 -0.00669652 -0.0128348 -0.00650097 0.0219713 0.0300263
internal_weight=2240.31 1870.32 1772 283.407 191.686 1488.59 880.925 607.665 369.994 289.078 209.486 181.549 98.3222 65.3268
internal_count=1635363 727945 718504 329390 212713 389114 369722 19392 907418 625869 504814 403884 9441 4456
is_linear=0
shrinkage=0.05


Tree=137
num_leaves=15
num_cat=0
split_feature=12 9 5 6 4 5 4 5 5 9 6 5 5 7
split_gain=19.1862 18.7234 15.0668 14.5006 14.0572 10.565 10.2728 9.88283 9.56456 7.23045 5.56182 11.4187 7.71706 2.88602
threshold=1.0000000180025095e-35 0.89928762060970047 0.010999700754395212 0.17788270776204329 0.0041237288712036198 0.021863201802460118 0.013245614035087722 0.0069444630248978083 0.0050926292600219428 0.89992087975812163 0.26447719700511668 0.011451887709804256 0.014423222271656905 0.36666666666666675
decision_type=2 2 2 2 2 2 2 2 2 2 2 2 2 2
left_child=1 2 4 6 7 -5 -4 -1 9 -3 12 -12 -10 -6
right_child=-2 8 3 5 13 -7 -8 -9 10 -11 11 -13 -14 -15
leaf_value=-0.011862514652073447 -0.049034979183184085 0.021101605112560724 0.020188544363425466 -0.0098091601634321679 -0.012629242016793628 0.0036881081694797044 0.0022845922606862276 0.0058195436474633476 0.0067248816789228895 -0.021496557059723167 -0.025745520957937081 0.0058360397752850049 0.020524630821014203 -0.026471845427475601
leaf_weight=158.34283057143321 14.772862429615541 8.277506900195446 121.89404067559104 332.85535015605569 84.168881575988848 250.33004760546692 221.42346336687575 148.74450938135001 319.05368902386294 43.34000160949202 27.265282579106497 250.54075784813676 149.51316123846209 101.54004679170924
leaf_count=649336 45046 6949 15826 141304 456548 13307 31074 92465 33437 56921 7378 4835 1856 79081
internal_value=-1.33527e-09 0.000436288 -0.00300687 0.000758665 -0.0100229 -0.00403341 0.0088399 -0.0033418 0.00654085 -0.0134052 0.0080003 0.00233609 0.0112984 -0.0206936
internal_weight=2232.06 2217.29 1419.3 926.503 492.796 583.185 343.318 307.087 797.99 51.6175 746.373 277.806 468.567 185.709
internal_count=1635363 1590317 1478941 201511 1277430 154611 46900 741801 111376 63870 47506 12213 35293 535629
is_linear=0
shrinkage=0.05


Tree=138
num_leaves=15
num_cat=0
split_feature=2 1 9 9 9 9 9 9 9 5 7 6 3 9
split_gain=19.8713 15.284 13.7903 14.9449 17.3736 11.3473 21.692 10.993 5.79459 3.85098 2.99278 2.14536 3.57567 4.35218
threshold=1.0000000180025095e-35 1.0000000180025095e-35 0.87959519290939814 0.86012345679012359 0.85981413692081421 0.87995354129024672 0.89671589233088067 0.87719544043997932 0.87988238742504643 0.0057291944030248175 8.2916666666666696 0.31080297257084427 0.9953866087424702 0.9585472006264909
decision_type=2 2 2 2 2 2 2 2 2 2 2 2 2 2
left_child=9 2 3 4 -2 8 -7 -5 -4 -1 -3 12 13 -11
right_child=1 10 5 7 -6 6 -8 -9 -10 11 -12 -13 -14 -15
leaf_value=-0.034648167380566121 -0.0024317374518157278 -0.0425079413839951 0.0085278870244891291 -0.032776779437815949 0.020376782148133266 -0.019899755371014748 0.006085540495692353 -0.0049880704701162513 0.029154673619895818 -0.035946544281791608 0.009461194924884616 -0.024316525130252311 -0.0045627342455832184 0.01833195066528126
leaf_weight=21.93404101638302 739.10843799183363 18.324469100836271 77.875380308204967 58.919405995392879 89.042385659073943 83.841901386240806 842.27805530460842 85.224677523099956 65.096152934162092 14.150524628389686 1.3167290639266855 27.911018964947772 96.417645328597928 1.3313598161719262
leaf_count=525669 652706 56696 3017 42722 4532 27098 58314 17396 1655 130906 236 72612 41042 762
internal_value=7.94297e-10 0.00134004 0.0018082 -0.00249496 0.000128194 0.00571515 0.00363886 -0.0170648 0.0185872 -0.0166036 -0.0378111 -0.0126742 -0.00885436 -0.0279432
internal_weight=2222.77 2061.03 2041.39 972.295 828.151 1069.09 926.12 144.144 142.972 161.745 19.6412 139.811 111.9 15.4819
internal_count=1635363 864372 807440 717356 657238 90084 85412 60118 4672 770991 56932 245322 172710 131668
is_linear=0
shrinkage=0.05


Tree=139
num_leaves=15
num_cat=0
split_feature=2 5 4 5 4 4 6 4 6 5 9 5 7 5
split_gain=18.9175 14.5728 17.2399 16.1542 22.8104 13.2945 11.1054 9.51179 8.94578 8.60763 6.67425 5.34716 4.48244 3.66222
threshold=1.0000000180025095e-35 0.0087209631355207231 0.0052219677137870868 0.019709122453165598 0.01574900793650794 0.026671408250355622 1.0000000180025095e-35 0.0033389074693422525 0.33833139869698586 0.0034357703103276411 0.89992087975812163 0.0090342213051920698 0.36666666666666675 0.0057291944030248175
decision_type=2 2 2 2 2 2 2 2 2 2 2 2 2 2
left_child=13 6 8 4 -4 -5 7 9 11 -2 -10 -3 -9 -1
right_child=1 2 3 5 -6 -7 -8 12 10 -11 -12 -13 -14 -15
leaf_value=-0.034173559094591563 -0.017259723724169434 0.033888026650947652 0.0034469107742686115 0.020157333333757667 -0.015791648070658134 0.0027459934929513633 -0.030905184204543551 -0.0035901797532321431 -0.016337829797038836 0.0048050179284248734 0.014429837606521563 0.014473357141460697 -0.019636571983797948 -0.012467613370131593
leaf_weight=21.212981318625395 47.276681801759878 45.264125818067157 376.44068172253435 142.05603729559152 254.20255240603512 438.99680127393276 35.520604630093885 79.624751402521156 33.568393025332227 281.96585218638404 27.558734069674756 192.25339627535641 98.716715922705134 138.65510627938312
leaf_count=525669 55965 3439 81578 4872 102960 26743 171001 230498 16496 93784 948 24420 51668 245322
internal_value=1.30835e-09 0.00130527 0.0038295 0.00115479 -0.00437107 0.00713838 -0.00568534 -0.00363621 0.0144839 0.0014259 -0.00242422 0.0187956 -0.0127656 -0.0162968
internal_weight=2213.31 2053.45 1510.34 1211.7 630.643 581.053 543.105 507.584 298.645 329.243 61.1271 237.518 178.341 159.868
internal_count=1635363 864372 261456 216153 184538 31615 602916 431915 45303 149749 17444 27859 282166 770991
is_linear=0
shrinkage=0.05


Tree=140
num_leaves=15
num_cat=0
split_feature=2 9 9 9 10 5 8 9 9 6 9 0 7 8
split_gain=18.1118 14.7062 17.2865 21.3576 11.4139 9.58684 9.72553 9.03731 15.5446 8.07572 6.74625 6.49834 5.65933 3.91166
threshold=1.0000000180025095e-35 0.91939599802136851 0.90202221972842567 0.89983306826834208 1.0000000180025095e-35 0.006845092259310224 0.28373788449928106 0.92647311426437662 0.93954918270766208 0.34034849995833633 0.91602317344389228 1.0000000180025095e-35 2.5500000000000003 0.22977972354164192
decision_type=2 2 2 2 2 2 2 2 2 2 2 2 2 2
left_child=-1 2 3 4 -2 6 -3 9 -9 -7 12 -5 -4 -12
right_child=1 5 10 11 -6 7 -8 8 -10 -11 13 -13 -14 -15
leaf_value=-0.016005078883941998 -0.00070519041093667668 -0.017591769830705737 -0.042271470663498817 0.0048925693387161899 -0.031178489452702764 0.027901288015178771 0.018047319490513532 -0.012213687352978744 0.01553150537887304 -0.0049090078815732579 0.0011139360252214491 0.027096130691476362 -0.0077635911142603618 -0.026602107366136704
leaf_weight=158.70854241744746 1337.7592906688378 53.485310098872333 34.711024755678636 56.2026825735079 26.458758651949665 114.09680558772925 23.772425679073422 71.356595444253799 146.2436709491667 20.645187358511976 45.549677695177479 84.741405708423372 20.759716389206005 12.471047686718292
leaf_count=770991 713970 9711 11572 1191 102798 2058 1973 4151 2874 482 6078 2493 3124 1897
internal_value=8.29265e-10 0.00127611 -0.00091383 0.00053196 -0.00140791 0.00944297 -0.0061951 0.0129106 0.00636318 0.0228783 -0.0193017 0.0187132 -0.0310668 -0.00648132
internal_weight=2206.96 2048.25 1618.65 1505.16 1364.22 429.6 77.2577 352.342 217.6 134.742 113.491 140.944 55.4707 58.0207
internal_count=1635363 864372 843123 820452 816768 21249 11684 9565 7025 2540 22671 3684 14696 7975
is_linear=0
shrinkage=0.05


Tree=141
num_leaves=15
num_cat=0
split_feature=12 9 5 6 5 10 6 5 8 6 3 8 9 5
split_gain=18.0009 17.6577 16.49 17.4212 17.4377 14.667 11.0998 8.17656 9.31639 8.18985 8.16751 6.69914 6.11575 3.78839
threshold=1.0000000180025095e-35 0.91939599802136851 0.0087209631355207231 0.22321091859945921 0.022769127812415291 1.0000000180025095e-35 1.0000000180025095e-35 0.006845092259310224 0.28373788449928106 0.46639615083170199 0.64639762349014662 0.4496585256729691 0.91978090180572081 0.0063618031987160472
decision_type=2 2 2 2 2 2 2 2 2 2 2 2 2 2
left_child=1 2 6 5 -5 -4 10 8 13 11 -1 -9 -11 -3
right_child=-2 7 3 4 -6 -7 -8 9 -10 12 -12 -13 -14 -15
leaf_value=-0.03570725262338395 -0.048252793882672396 -0.023721704138334285 0.0084958806964018849 -0.010178223974893374 0.0059420001081985606 -0.044493699568631639 -0.036183339032704098 0.016011292910041185 0.018515777698513949 0.022855097982634923 -0.005768451774373861 -0.0094163295816373782 -0.035004073771592092 0.0046321371588205797
leaf_weight=19.502557136778023 14.160353262929673 38.938480101343259 580.12475921662042 447.75161040391549 262.37071023387125 8.4571020854215231 32.585863315689949 320.7635401137801 23.643482330961717 2.4849228288512668 397.55098403527541 24.930664079692747 10.802342605943293 14.125940720753418
leaf_count=331752 45046 27864 104648 205638 9946 12677 396046 10555 6508 12 481170 1546 312 1643
internal_value=5.82378e-10 0.000422352 -0.00182742 0.00103774 -0.00422234 0.00736612 -0.0100233 0.00936858 -0.0051812 0.0125061 -0.0075749 0.0140694 -0.0208931 -0.0164249
internal_weight=2198.19 2184.03 1748.34 1298.7 710.122 588.582 449.639 435.689 76.7079 358.981 417.054 345.694 13.2873 53.0644
internal_count=1635363 1590317 1541877 332909 215584 117325 1208968 48440 36015 12425 812922 12101 324 29507
is_linear=0
shrinkage=0.05


Tree=142
num_leaves=15
num_cat=0
split_feature=9 5 4 3 4 6 10 9 9 9 9 6 5 9
split_gain=17.7461 16.4761 12.8048 10.7549 12.0396 10.6936 9.78289 9.45525 10.0854 16.4552 19.2456 9.43561 7.52986 7.16316
threshold=0.81860625485625482 0.014423222271656905 0.01739261947973382 0.92299235226619458 0.0052219677137870868 0.28957897612378453 1.0000000180025095e-35 0.80090909090909101 0.79909090909090918 0.78316210473690806 0.78000796812749018 1.0000000180025095e-35 0.026125329939668176 0.93676289762095699
decision_type=2 2 2 2 2 2 2 2 2 2 2 2 2 2
left_child=7 2 6 5 -5 -3 11 8 9 10 -1 -2 -6 -4
right_child=1 3 13 4 12 -7 -8 -9 -10 -11 -12 -13 -14 -15
leaf_value=-0.01666251305757482 0.0022680173866596351 0.00052244017788221611 -0.028976731053824631 0.029552292740669724 0.0041386974079977547 -0.04063088458480011 -0.041800876509302191 -0.028774686427846877 0.008236475235236641 -0.04132734356880835 0.01819132214039329 -0.010157102858905049 0.016606560679825921 0.018506004725701096
leaf_weight=116.13696411215241 740.90582648118652 57.934165595556465 56.210928707831613 59.325321964488467 570.51976230286482 16.633513187541666 9.4070814517375521 53.840050349745525 79.347567847472988 34.769694130926325 54.104077711541407 187.16112371106021 150.77786239464331 5.6735064179165411
leaf_count=334799 435428 8593 31895 1596 33324 6354 76920 256025 121055 118357 51658 156409 2624 326
internal_value=-1.43654e-10 0.001928 -0.00242789 0.00700274 0.0087444 -0.0106338 -0.000914934 -0.0104465 -0.006539 -0.0123177 -0.00538267 -0.000278729 0.00684132 -0.0235656
internal_weight=2192.75 1854.55 999.358 855.191 780.623 74.5677 937.474 338.198 284.358 205.011 170.241 928.067 721.298 61.8844
internal_count=1635363 753469 700978 52491 37544 14947 668757 881894 625869 504814 386457 591837 35948 32221
is_linear=0
shrinkage=0.05


Tree=143
num_leaves=15
num_cat=0
split_feature=2 1 5 4 5 6 6 4 5 5 5 0 7 7
split_gain=17.4639 14.0708 12.6417 17.0177 15.394 9.83245 8.90205 8.35653 3.5104 3.47865 4.99356 2.86796 2.91663 3.25776
threshold=1.0000000180025095e-35 1.0000000180025095e-35 0.0087209631355207231 0.0040899966543994663 0.014655796459586251 1.0000000180025095e-35 0.4504063995908148 0.0033389074693422525 0.010999700754395212 0.01238841362372922 0.016245473494389328 1.0000000180025095e-35 0.45000000000000007 0.55000000000000016
decision_type=2 2 2 2 2 2 2 2 2 2 2 2 2 2
left_child=8 2 5 6 -5 7 -4 -2 11 -10 -11 12 -1 -14
right_child=1 -3 3 4 -6 -7 -8 -9 9 10 -12 -13 13 -15
leaf_value=-0.030682851224327096 0.0017696654147146833 -0.036983688245219568 0.018690587420724828 -0.0074301187630286042 0.0051018474265296558 -0.029539832007646663 -0.03579821903547744 -0.011696525677353594 0.008837136307973838 -0.036626394758926283 -0.0060531551938435039 -0.034314790964371497 0.012506021368276252 -0.018596064586628665
leaf_weight=7.6637419524667498 323.63672362063153 18.778757020699913 208.24982007031906 326.00246771462412 940.3059670933992 32.673404257799461 3.2832922752371578 172.97244194567622 18.594672292087012 13.235383569898032 60.680168999879015 32.529817293135466 14.714355292512126 9.7065303121950972
leaf_count=267279 137437 56932 26051 131191 85879 163065 4988 258829 19374 25500 15334 353292 49581 40631
internal_value=-7.43426e-11 0.00126066 0.00170949 0.0040818 0.00185904 -0.00489057 0.0170378 -0.00299054 -0.0157921 -0.0087884 -0.0135014 -0.024468 -0.011204 -0.000915521
internal_weight=2183.03 2025.9 2007.12 1477.84 1266.31 529.283 211.533 496.609 157.125 92.5102 73.9156 64.6144 32.0846 24.4209
internal_count=1635363 864372 807440 248109 217070 559331 31039 396266 770991 60208 40834 710783 357491 90212
is_linear=0
shrinkage=0.05


Tree=144
num_leaves=15
num_cat=0
split_feature=12 5 9 9 9 8 9 9 9 9 9 9 3 3
split_gain=17.2927 16.3718 15.0107 16.7613 19.6427 9.45255 4.95202 4.24711 2.54156 4.81926 4.07389 2.0836 2.01878 0.769603
threshold=1.0000000180025095e-35 0.0043105141262832847 0.91875904727683377 0.90202221972842567 0.89983306826834208 0.53709228483634219 0.92647311426437662 0.9074709302325582 0.8530028559771522 0.89992087975812163 0.89958213516750962 0.9585472006264909 0.50624840731395582 1.0000000180025095e-35
decision_type=2 2 2 2 2 2 2 2 2 2 2 2 2 2
left_child=1 8 3 4 -3 6 -4 -5 13 10 -10 -11 -7 -1
right_child=-2 2 5 7 -6 12 -8 -9 9 11 -12 -13 -14 -15
leaf_value=0.0057045539997799101 -0.047715225521058349 -0.0012694558992387029 0.017389681994547591 -0.04563939506671319 0.018472521372428045 0.0092783213437119382 0.0062793827101110594 -0.015139157335173341 -0.0066304459752034271 -0.030065308492608606 0.026749063908605694 0.0020726972206049038 -0.038011962163776163 -0.026695562044045187
leaf_weight=0.25291927905027378 13.825112088384229 1383.4175724545676 171.14314834968789 11.656772655829654 133.57648726792831 0.6966622076857315 255.21901874587584 74.659433793407715 46.350370906692561 24.411439209003422 6.1238757966107462 5.3426159542499354 7.7429404821928074 44.5466281084923
leaf_count=15235 45046 856610 8337 4428 4528 493 18478 17263 133704 44832 4164 1696 596 479953
internal_value=-1.61168e-09 0.000413909 0.00151568 -0.000726762 0.000523867 0.00969882 0.010889 -0.0215316 -0.0166515 -0.0103837 -0.000746814 -0.0248267 -0.0321087 -0.0259583
internal_weight=2178.96 2165.14 2038.11 1603.31 1516.99 434.802 426.362 86.3162 127.028 82.2283 52.4742 29.7541 8.4396 44.7995
internal_count=1635363 1590317 910733 882829 861138 27904 26815 21691 679584 184396 137868 46528 1089 495188
is_linear=0
shrinkage=0.05


Tree=145
num_leaves=15
num_cat=0
split_feature=2 9 10 9 9 6 9 9 9 7 9 5 6 8
split_gain=16.7043 13.7324 13.0909 11.9772 15.7509 10.4825 8.29 19.4459 8.19892 7.86656 6.35201 5.74837 8.64522 5.00982
threshold=1.0000000180025095e-35 0.91939599802136851 1.0000000180025095e-35 0.90202221972842567 0.89983306826834208 0.37192828720099774 0.92647311426437662 0.93872928324720883 0.94959280803807511 6.9000000000000012 0.9074709302325582 0.0091104746875332633 0.33833139869698586 0.20775513844419455
decision_type=2 2 2 2 2 2 2 2 2 2 2 2 2 2
left_child=-1 2 3 4 -2 -4 11 9 -9 -8 -5 13 -13 -3
right_child=1 6 5 10 -6 -7 7 8 -10 -11 -12 12 -14 -15
leaf_value=-0.015524937391257102 -0.00073438263205540823 -0.010728895343092862 -0.049908310687718921 -0.044818377252278885 0.016702092351244129 0.0095110793464179763 -0.029117076785687469 0.01631643641204367 -0.0053797175474101424 0.020703892353822865 -0.010350425575268675 0.031062476589494781 -0.0040100279460514362 0.018436608908572454
leaf_weight=155.5173298803918 1322.8594722222481 25.850114041301822 18.63240650058005 11.774989156522393 138.53433421686077 8.783239799648852 46.445035983262869 154.39378835541265 57.087434478282375 5.6861136464776783 96.166518953701882 86.306902523625467 20.444927559374264 23.41747187681176
leaf_count=770991 713970 2936 93762 3697 3356 12060 7354 5279 2619 375 16278 1286 420 980
internal_value=-1.76569e-10 0.00123283 -0.000889737 -0.000239325 0.00096984 -0.0323412 0.00922484 0.00368576 0.0104708 -0.0223466 -0.0159281 0.0181787 0.0244666 0.00355524
internal_weight=2171.9 2016.38 1596.75 1569.34 1461.39 27.4156 419.632 263.612 211.481 52.1311 107.942 156.019 106.752 49.2676
internal_count=1635363 864372 843123 737301 717326 105822 21249 15627 7898 7729 19975 5622 1706 3916
is_linear=0
shrinkage=0.05


Tree=146
num_leaves=15
num_cat=0
split_feature=12 5 4 4 5 6 5 6 5 8 9 9 3 6
split_gain=16.2233 16.0377 17.8656 14.3456 15.5165 18.171 13.4883 9.7549 11.0252 8.89891 8.59133 8.34685 8.27484 8.14149
threshold=1.0000000180025095e-35 0.014655796459586251 0.0041580221300138321 0.031754032258064523 0.026125329939668176 0.2408809078537836 0.0069444630248978083 1.0000000180025095e-35 0.012096829019618166 0.21151765415529683 0.93984744469825054 0.91978090180572081 0.9953866087424702 0.33833139869698586
decision_type=2 2 2 2 2 2 2 2 2 2 2 2 2 2
left_child=1 2 6 9 5 -5 12 11 -9 -3 -11 -4 -1 -8
right_child=-2 3 7 4 -6 -7 13 8 -10 10 -12 -13 -14 -15
leaf_value=-0.030219992787831652 -0.046945338618494037 0.014265026304895297 -0.0097920050854527554 0.0048065107989002133 0.01057747476739641 -0.018466492835874697 0.011109242219120269 -0.039215706785250826 -0.0093147040574473126 -0.0069650251011042904 0.031304727225338363 0.0091795121979617936 -0.003097863484910088 -0.012275929002552472
leaf_weight=27.015393567455817 13.248860846733349 399.05184488912613 314.61577032739132 156.58796821165157 180.83055278546499 171.58593330074666 312.14519944932567 51.322892279679195 77.634509733015477 99.117692934402726 12.081436105003375 66.66464099485745 245.39790671741241 37.992662304476653
leaf_count=560847 45046 32639 449836 10853 3350 39843 84741 144290 42384 10871 59 5186 164341 41077
internal_value=7.66044e-10 0.000397164 -0.00368964 0.00493503 -0.001009 -0.00745631 0.00199548 -0.0105782 -0.0222344 0.0108168 -0.00163902 -0.00639906 -0.00628378 0.00843466
internal_weight=2165.29 2152.04 1132.79 1019.26 509.004 328.174 622.551 510.238 128.957 510.251 111.199 381.28 272.413 350.138
internal_count=1635363 1590317 1492702 97615 54046 50696 851006 641696 186674 43569 10930 455022 725188 125818
is_linear=0
shrinkage=0.05


Tree=147
num_leaves=15
num_cat=0
split_feature=9 3 9 9 9 9 9 5 5 6 6 0 8 9
split_gain=16.0882 14.3324 12.0132 17.7699 9.08913 7.7861 10.8456 16.2938 10.4432 9.25377 8.93257 6.36041 6.12504 5.90631
threshold=0.91939599802136851 0.6144701727643217 0.90202221972842567 0.89983306826834208 0.78000796812749018 0.91993331014631552 0.93954918270766208 0.019709122453165598 0.01075279984960755 0.42744151367205818 0.3979368097326268 1.0000000180025095e-35 0.19546730078295035 0.9074709302325582
decision_type=2 2 2 2 2 2 2 2 2 2 2 2 2 2
left_child=1 -1 3 4 -3 -2 7 8 -7 10 -8 -5 -9 -4
right_child=5 2 13 11 -6 6 9 12 -10 -11 -12 -13 -14 -15
leaf_value=-0.032269337462027578 0.018479814516219745 -0.015494821371601278 -0.044674113831350087 0.0030886786049396336 -0.00082436594350156407 -0.0056687580716405428 0.009506845404649562 0.026225652484036223 -0.041801451197678086 -0.028538008101498893 0.041538850423888364 0.024889087075898087 -0.014439470448805428 -0.011589090978143535
leaf_weight=33.632309964312299 132.3075853947048 109.69513721857174 12.198203094615591 56.759368208370006 1337.8469397414519 55.887628489220702 139.65479163407846 33.208516806011176 27.899489830783182 8.6037069553667589 22.106645518818141 82.458378514577362 8.6648615723097446 98.812384619915946
leaf_count=585245 9798 214676 5466 1371 747997 24791 17294 371 2903 312 266 2565 190 22118
internal_value=1.52437e-09 -0.00215083 -0.00146119 -0.000324587 -0.00198561 0.00861857 0.00397738 -0.00700804 -0.0193767 0.012049 0.0149986 0.0164162 0.0171682 -0.0169933
internal_weight=2159.74 1731.4 1697.77 1586.76 1447.54 428.333 296.026 125.66 83.7871 170.365 161.761 139.218 41.8734 111.011
internal_count=1635363 1579438 994193 966609 962673 55925 46127 28255 27694 17872 17560 3936 561 27584
is_linear=0
shrinkage=0.05


Tree=148
num_leaves=15
num_cat=0
split_feature=2 1 9 9 9 5 9 4 9 5 5 5 0 7
split_gain=16.0319 12.9043 12.0767 17.55 16.6687 8.88463 8.13783 7.34613 6.11224 3.23268 3.25507 4.33363 2.79427 2.77425
threshold=1.0000000180025095e-35 1.0000000180025095e-35 0.8792720649114093 0.86012345679012359 0.85981413692081421 0.0088058521698509435 0.87995354129024672 0.0033389074693422525 0.87719544043997932 0.010999700754395212 0.01238841362372922 0.016245473494389328 1.0000000180025095e-35 8.2916666666666696
decision_type=2 2 2 2 2 2 2 2 2 2 2 2 2 2
left_child=9 2 3 4 -2 7 -7 -4 -5 12 -11 -12 -1 -3
right_child=1 13 5 8 -6 6 -8 -9 -10 10 11 -13 -14 -15
leaf_value=-0.010639218957913468 -0.0025159663510516978 -0.040939152843118748 0.003024417247837453 -0.031857664482681139 0.020168224039120351 0.01947132775888474 0.0057436858170482122 -0.013571049027901232 -0.0073061306628184304 0.0085890784104891028 -0.035200550621204356 -0.0061731887434241118 -0.033670411540513936 0.0093463263398409629
leaf_weight=31.281026475519354 727.61584021241993 16.635023187046048 228.66687415550086 56.349407125557491 86.047334639240717 128.17073307359715 618.60810330039897 88.419757238929719 49.700602050663747 18.358995329262171 12.563493395441354 59.8953704903073 31.271767999233049 1.2676672112229415
leaf_count=357491 652706 56696 43463 42722 4532 3261 25721 21628 13407 19374 25500 15334 353292 236
internal_value=-4.95222e-10 0.00120884 0.00163567 -0.0025533 -8.51847e-06 0.00525204 0.00821361 -0.00174207 -0.0211985 -0.0153154 -0.00853937 -0.0131535 -0.0237931 -0.0361154
internal_weight=2154.85 2001.48 1983.58 919.713 813.663 1063.87 746.779 317.087 106.05 153.371 90.8179 72.4589 62.5528 17.9027
internal_count=1635363 864372 807440 713367 657238 94073 28982 65091 56129 770991 60208 40834 710783 56932
is_linear=0
shrinkage=0.05


Tree=149
num_leaves=15
num_cat=0
split_feature=9 9 9 5 4 3 9 9 9 9 9 4 8 9
split_gain=16.0854 17.0137 15.5975 14.2759 10.9487 9.51309 5.41226 8.43455 14.3398 12.9395 4.7893 4.72373 4.51341 4.51175
threshold=0.81974042785608325 0.81999535510242005 0.83471941443011499 0.014423222271656905 0.0087337909992372242 0.9953866087424702 0.80090909090909101 0.79909090909090918 0.78446941323345831 0.78000796812749018 0.81715298885511667 0.29166666666666669 0.19546730078295035 0.81992087763314825
decision_type=2 2 2 2 2 2 2 2 2 2 2 2 2 2
left_child=6 13 11 4 -4 -5 7 8 9 -1 -8 -3 -9 -2
right_child=1 2 3 5 -6 -7 10 12 -10 -11 -12 -13 -14 -15
leaf_value=-0.015823971396467025 0.005302050568212131 -0.040166708616253072 -0.00027058764527790319 -0.010895525760046133 -0.014631547351752393 0.0081630752832530015 -0.03312039923632891 0.012749703044901792 -0.044020614834027812 0.011821203734091188 -0.0076086072000515733 0.0068796823316696681 -0.014831543581253263 0.029125562272195888
leaf_weight=112.74412122950949 31.56762098642082 24.664150302650118 744.10352253872895 67.865929575581276 156.58315114086633 699.86576999104318 36.497475249124591 65.504856208508642 24.385136672853889 61.641999589718722 40.069804003521995 4.8964217708762581 14.306728280630493 64.018442792972678
leaf_count=334799 4985 125503 486720 12010 65146 28269 201826 89604 100930 69085 79723 856 31451 4456
internal_value=2.843e-10 0.00193138 0.000745531 0.00143004 -0.00283421 0.00641873 -0.00964516 -0.00619352 -0.0116255 -0.00599484 -0.0210542 -0.032506 0.00722269 0.0219124
internal_weight=2148.72 1793.57 1697.98 1668.42 900.687 767.732 355.15 278.583 198.771 174.386 76.5673 29.5606 79.8116 95.5861
internal_count=1635363 727945 718504 592145 551866 40279 907418 625869 504814 403884 281549 126359 121055 9441
is_linear=0
shrinkage=0.05


Tree=150
num_leaves=15
num_cat=0
split_feature=12 9 5 6 5 5 4 6 5 8 8 6 3 8
split_gain=15.6981 14.4827 13.909 18.3893 16.2008 11.2699 6.51712 6.7485 5.95225 9.99973 6.9629 7.1113 6.25935 5.23263
threshold=1.0000000180025095e-35 0.91939599802136851 0.022769127812415291 0.22162208172933887 0.0087209631355207231 0.010553228673009065 0.044466403162055343 0.3753554386636308 0.006845092259310224 0.28373788449928106 0.4496585256729691 0.42426408161940093 0.8605731550514284 0.51486172515740758
decision_type=2 2 2 2 2 2 2 2 2 2 2 2 2 2
left_child=1 2 3 4 -1 -5 13 -8 9 -3 11 -10 -12 -4
right_child=-2 8 6 5 -6 -7 7 -9 10 -11 12 -13 -14 -15
leaf_value=-0.0070628649772749843 -0.046652873138548989 -0.015814388850127772 0.021982039423094415 -0.033378011251327867 0.0061693045374520174 -0.0089381860080930183 0.0085388172241767663 -0.010042067658267591 0.015549864463428712 0.020922955206315593 0.026286735639327975 -0.0096548090170541865 -0.022909768114412667 -0.02255710324859268
leaf_weight=412.58461276170613 12.881500147201221 51.762026467841224 82.064812801706466 49.622514165731218 513.60482898595865 415.12274207348685 163.0971563501007 64.181892453295404 296.97788083606605 22.620468273356494 4.0164048928488709 27.517280750428881 21.481502027840179 3.1730726984678759
leaf_count=860407 45046 29507 1735 402180 115714 152600 4501 4657 10137 6508 978 699 611 83
internal_value=-1.39635e-10 0.000391135 -0.00167293 -0.00381697 0.000268568 -0.0118752 0.0077795 0.0031885 0.00859932 -0.00402803 0.0113019 0.0132984 -0.0121213 0.019166
internal_weight=2140.71 2127.83 1703.45 1390.93 926.189 464.745 312.517 227.279 424.376 74.3825 349.993 324.495 25.4979 85.2379
internal_count=1635363 1590317 1541877 1530901 976121 554780 10976 9158 48440 36015 12425 10836 1589 1818
is_linear=0
shrinkage=0.05


Tree=151
num_leaves=15
num_cat=0
split_feature=2 9 9 9 6 5 4 4 6 4 4 4 8 9
split_gain=16.2487 12.5629 9.66375 19.0997 10.0299 8.46607 10.3813 12.4716 8.578 10.25 6.08516 5.15132 4.97317 4.10604
threshold=1.0000000180025095e-35 0.89928762060970047 0.88174242424242433 0.87988238742504643 0.39549328408855866 0.017332330013665166 0.0073261056247316452 0.0079052618422697177 0.46639615083170199 0.025320512820512824 0.0070176302570668777 0.01739261947973382 0.48378755429776538 0.89781777920640038
decision_type=2 2 2 2 2 2 2 2 2 2 2 2 2 2
left_child=-1 2 3 4 -2 6 10 -8 9 -7 -3 -10 -4 -14
right_child=1 5 12 -5 -6 8 7 -9 11 -11 -12 -13 13 -15
leaf_value=-0.015528995171659225 -0.0004254835204424908 0.0048925859795657277 -0.018047917440480041 0.023618250949024505 -0.016886917884571404 0.027752207327161715 -0.058517890926404796 -0.0048219545798373099 -0.044789495989404043 0.006379167769130222 0.03468952483107518 0.0015973732767219585 -0.013128222809452812 0.023191361223114847
leaf_weight=151.19113961103631 935.17073177629959 371.66355786595273 116.58087653312839 72.86880485239908 97.731468596257855 104.8597032975249 7.293603648766747 100.51114172409279 4.0802657187814502 122.69315087510404 13.196922176654878 16.606615952361608 10.350454267802549 11.378587050243366
leaf_count=770991 684185 38420 34004 4590 85411 1375 757 7878 115 1846 535 342 3935 979
internal_value=-5.82181e-10 0.00121885 -0.00185071 -0.00026623 -0.00205688 0.00635091 0.00250356 -0.0108875 0.0137863 0.0166131 0.00634612 -0.0144894 -0.0140672 0.0066713
internal_weight=2136.18 1984.99 1244.08 1105.77 1032.9 740.905 492.665 107.805 248.24 227.553 384.86 20.6869 138.31 21.729
internal_count=1635363 864372 813104 774186 769596 51268 47590 8635 3678 3221 38955 457 38918 4914
is_linear=0
shrinkage=0.05


Tree=152
num_leaves=15
num_cat=0
split_feature=2 9 5 4 5 6 4 5 8 6 4 6 5 8
split_gain=15.5649 12.1865 10.6433 14.9684 18.2968 12.1089 5.86641 5.77144 11.2484 5.50193 5.12378 4.85849 4.80908 4.79507
threshold=1.0000000180025095e-35 0.91939599802136851 0.022769127812415291 0.01526806526806527 0.012734975846321635 0.24999999702253542 0.044466403162055343 0.0063618031987160472 0.20775513844419455 0.44063887262442086 0.22500000000000003 0.23063280486643839 0.026125329939668176 0.53709228483634219
decision_type=2 2 2 2 2 2 2 2 2 2 2 2 2 2
left_child=-1 2 3 4 -2 -5 9 8 -3 -4 12 -8 -9 -10
right_child=1 7 6 5 -6 -7 11 10 13 -11 -12 -13 -14 -15
leaf_value=-0.015224435660945765 -0.0040737807998674283 -0.02371839652959163 0.024141618580158786 -0.003918358412277799 0.011245359528224383 -0.022398003340872344 0.015340176936129324 0.010317283027755447 0.02407555242409655 -0.0080146556390778504 -0.021203715064098402 -0.0013040891592468135 0.03283111346025952 -0.022075892962570277
leaf_weight=150.69026401533142 623.70419513233708 32.080554982968806 68.041899825213477 229.83042597851272 277.5178468840536 142.12062112745264 54.649267178870559 321.29541475350607 24.676099873551951 13.693757757042475 7.4468957787175887 162.95483948545188 22.277691048730048 2.8265801623733742
leaf_count=770991 656135 8288 1768 72305 32078 69089 1097 10199 2098 657 114 9994 132 418
internal_value=1.09735e-09 0.00119223 -0.000817755 -0.00281616 0.000679537 -0.0111828 0.00758865 0.00880724 -0.00523048 0.0186028 0.01123 0.00312664 0.0122271 0.016666
internal_weight=2133.81 1983.12 1572.51 1273.17 901.222 371.951 299.34 410.603 59.5832 81.7357 351.02 217.604 343.573 27.5027
internal_count=1635363 864372 843123 829607 688213 141394 13516 21249 10804 2425 10445 11091 10331 2516
is_linear=0
shrinkage=0.05


Tree=153
num_leaves=15
num_cat=0
split_feature=9 5 6 8 6 10 4 5 9 9 9 9 4 6
split_gain=14.7122 12.5044 15.0678 9.56588 9.14362 9.11405 8.74496 9.71097 7.96586 7.44566 13.3775 15.2898 6.07642 6.00073
threshold=0.81860625485625482 0.013739993463718514 1.0000000180025095e-35 0.50552111981350645 0.47810716140210618 1.0000000180025095e-35 0.0054794931844112183 0.019709122453165598 0.80090909090909101 0.79909090909090918 0.78316210473690806 0.78000796812749018 0.0040899966543994663 0.49763245743721279
decision_type=2 2 2 2 2 2 2 2 2 2 2 2 2 2
left_child=8 2 3 5 6 -2 -3 -8 9 10 11 -1 -4 -6
right_child=1 4 12 -5 13 -7 7 -9 -10 -11 -12 -13 -14 -15
leaf_value=-0.015490372897300245 0.0024876544771206075 0.022875244697387675 -0.0053877802926115487 -0.028500098397073872 -0.045664877381421179 -0.040844911322225674 -0.001077826669812729 0.010470728427491074 -0.027094589296969104 0.006503814374586055 -0.038798635220454278 0.015822479493683719 -0.024688093184298786 -0.0045384608639572922
leaf_weight=110.52150856611519 741.31668978530274 77.321719187745202 81.435320741585912 21.994210588856163 6.8405761454064296 7.3438815956891395 313.79096151973386 425.71494870173069 50.287381645898904 79.767814414509701 31.261785618032945 54.129003407539926 84.522978991815961 40.930633900666862
leaf_count=334799 434201 4181 128149 21104 1526 48823 34950 15335 256025 121055 118357 51658 61683 3517
internal_value=-1.12352e-09 0.00177581 -0.00222256 0.000751695 0.00609508 0.00179443 0.00736094 0.00559606 -0.00969124 -0.00609055 -0.0112527 -0.00503331 -0.015652 -0.0141962
internal_weight=2127.18 1801.21 936.613 770.655 864.599 748.661 816.828 739.506 325.967 275.68 195.912 164.651 165.958 47.7712
internal_count=1635363 753469 693960 504128 59509 483024 54466 50285 881894 625869 504814 386457 189832 5043
is_linear=0
shrinkage=0.05


Tree=154
num_leaves=15
num_cat=0
split_feature=9 9 9 3 6 5 0 8 4 0 9 5 4 6
split_gain=14.4766 15.4232 18.4254 10.6148 8.5053 5.77735 4.77538 8.90263 4.50047 3.8826 3.66478 3.65516 8.63007 3.3636
threshold=0.91875904727683377 0.90202221972842567 0.89983306826834208 0.6144701727643217 0.36084392874108601 0.0043702583691442526 1.0000000180025095e-35 0.18926641884296963 0.22500000000000003 1.5000000000000002 0.87942088583716915 0.026125329939668176 0.060661764705882359 0.26093353475085973
decision_type=2 2 2 2 2 2 2 2 2 2 2 2 2 2
left_child=1 2 3 10 -5 -2 7 -4 11 -10 -1 12 -7 -3
right_child=5 13 6 4 -6 8 -8 -9 9 -11 -12 -13 -14 -15
leaf_value=-0.037809541725079381 -0.015338053391654762 -0.013257026084287683 -0.0091538856161298959 -0.00026354551963380654 -0.010833970069368117 0.010314928077053863 0.023789108595526909 0.029860148664216126 -0.034846153368388894 0.013554709832171356 0.0021572511690902789 0.027741909606433541 -0.024246246205084129 -0.035018090078232325
leaf_weight=23.130958184293522 20.762919743905684 62.133026586051386 38.176917541733104 1203.8986317743652 221.09180723651025 374.53801341999707 80.346997535186375 17.248046076626565 5.961841960452146 3.2646766371763078 6.5525518111683985 23.700968702709361 14.314311045313842 28.7080969302705
leaf_count=502141 26392 36780 2137 811225 151448 33429 6561 677 119 40 54321 223 455 9415
internal_value=-9.21281e-10 -0.00212166 -0.00094478 -0.00260796 -0.00193573 0.00799415 0.0163344 0.00445335 0.00930896 -0.0189753 -0.0299479 0.0101612 0.00875102 -0.0216022
internal_weight=2123.83 1681.29 1590.45 1454.67 1424.99 442.543 135.772 55.425 421.78 9.22652 29.6835 412.553 388.852 90.8411
internal_count=1635363 1574705 1528510 1519135 962673 60658 9375 2814 34266 159 556462 34107 33884 46195
is_linear=0
shrinkage=0.05


Tree=155
num_leaves=15
num_cat=0
split_feature=2 1 9 9 9 5 6 4 9 5 7 6 3 9
split_gain=14.5295 12.0686 10.9805 11.067 15.3017 7.08444 5.8481 5.11075 3.49361 2.82001 2.52765 2.14593 2.96711 3.8782
threshold=1.0000000180025095e-35 1.0000000180025095e-35 0.89899522726641756 0.88174242424242433 0.87959519290939814 0.0050926292600219428 0.26447719700511668 0.18333333333333338 0.89992087975812163 0.0057291944030248175 8.2916666666666696 0.31080297257084427 0.9953866087424702 0.9585472006264909
decision_type=2 2 2 2 2 2 2 2 2 2 2 2 2 2
left_child=9 2 3 4 -2 8 -7 -5 -4 -1 -3 12 13 -11
right_child=1 10 5 7 -6 6 -8 -9 -10 11 -12 -13 -14 -15
leaf_value=-0.031743379928172583 -0.0021778485139431628 -0.040210897189815555 0.011681520777400888 -0.019626792063358794 0.014873830927924332 0.011062228969290891 0.0015956297036925826 0.009481800283487345 -0.017667978652182687 -0.034147326813748734 0.0087029110739747818 -0.023339150419730923 -0.0036274817754689591 0.017534612993867021
leaf_weight=17.923745304642409 939.04894315047932 15.93395150274114 9.3714387032024415 101.4396158762861 147.87258515568601 441.13146938233126 260.20766311863622 14.504563409082037 38.967021976137971 12.303256652021926 1.2213335526812432 25.752821224181417 91.365979213888295 1.2932836028127219
leaf_count=525669 717356 56696 1980 33204 7303 22503 8686 279 16129 130906 236 72612 41042 762
internal_value=1.16373e-09 0.00115233 0.00156478 -0.00139612 0.00019947 0.00629335 0.00758613 -0.0157439 -0.0114163 -0.0148107 -0.0355504 -0.0114049 -0.00754871 -0.0258387
internal_weight=2118.34 1969.7 1952.54 1202.87 1086.92 749.678 701.339 115.944 48.3385 148.639 17.1553 130.715 104.963 13.5965
internal_count=1635363 864372 807440 758142 724659 49298 31189 33483 18109 770991 56932 245322 172710 131668
is_linear=0
shrinkage=0.05


Tree=156
num_leaves=15
num_cat=0
split_feature=12 5 9 5 6 6 9 9 9 9 9 5 3 4
split_gain=14.5045 14.2815 12.2452 9.80213 18.0668 8.41609 7.20008 5.30617 2.38626 4.44317 1.77316 0.832601 0.7368 0.498528
threshold=1.0000000180025095e-35 0.0043105141262832847 0.91978090180572081 0.021863201802460118 0.30129742941126947 0.46639615083170199 0.92647311426437662 0.90202221972842567 0.85769894323471674 0.85991598697787863 0.89992087975812163 0.0034726602762317053 1.0000000180025095e-35 0.008097298714922636
decision_type=2 2 2 2 2 2 2 2 2 2 2 2 2 2
left_child=1 8 3 4 -3 6 -4 -5 12 11 -11 -10 -1 -14
right_child=-2 2 5 7 -6 -7 -8 -9 9 10 -12 -13 13 -15
leaf_value=0.0059296002555482763 -0.045528276338490797 0.00055197479636228026 0.0224775850947645 0.0084294964548465405 -0.014162025500529932 -0.028766523672011837 0.0064142541744262541 -0.012899208801672954 -0.0029158480436545474 -0.0055755480027462889 -0.022473557476353625 0.023728035999337333 -0.026009170204410945 -0.00030507719384068678
leaf_weight=0.21723228720198662 12.350599259258159 1002.7964614148129 97.478471537426714 342.53247803613567 258.31216911579304 8.9379684406201232 239.45734325483792 27.411896064339089 2.6228405505639341 37.689900181909081 28.204435679679477 6.2338811686102389 45.295199411711032 2.0840159684857431
leaf_count=15670 45046 604504 4099 14538 267789 386 18937 480 9561 102957 46528 5401 483931 15536
internal_value=-5.05335e-10 0.000375399 0.00141742 -0.000404216 -0.00250591 0.00989112 0.0113222 0.00669816 -0.0158564 -0.00927775 -0.0138832 0.0176327 -0.0243241 -0.0250156
internal_weight=2111.62 2099.27 1976.93 1631.05 1261.11 345.874 336.936 369.944 122.348 74.7511 65.8943 8.85672 47.5964 47.3792
internal_count=1635363 1590317 910733 887311 872293 23422 23036 15018 679584 164447 149485 14962 515137 499467
is_linear=0
shrinkage=0.05


end of trees

feature_importances:
quality=688
rrf_raw=392
lexical_signal=242
term_coverage=184
dense_raw=179
attribute_raw=154
category_match=112
novelty_penalty=73
profile_match=61
exact_matches=58
partial_matches=35
contradictions=20

parameters:
[boosting: gbdt]
[objective: lambdarank]
[metric: ndcg]
[tree_learner: serial]
[device_type: cpu]
[data_sample_strategy: bagging]
[data: ]
[valid: ]
[num_iterations: 300]
[learning_rate: 0.05]
[num_leaves: 15]
[num_threads: 4]
[seed: 20260831]
[deterministic: 1]
[force_col_wise: 1]
[force_row_wise: 0]
[histogram_pool_size: -1]
[max_depth: 5]
[min_data_in_leaf: 40]
[min_sum_hessian_in_leaf: 0.001]
[bagging_fraction: 1]
[pos_bagging_fraction: 1]
[neg_bagging_fraction: 1]
[bagging_freq: 0]
[bagging_seed: 14268]
[bagging_by_query: 0]
[feature_fraction: 1]
[feature_fraction_bynode: 1]
[feature_fraction_seed: 16877]
[extra_trees: 0]
[extra_seed: 18694]
[early_stopping_round: 0]
[early_stopping_min_delta: 0]
[first_metric_only: 0]
[max_delta_step: 0]
[lambda_l1: 0]
[lambda_l2: 5]
[linear_lambda: 0]
[min_gain_to_split: 0]
[drop_rate: 0.1]
[max_drop: 50]
[skip_drop: 0.5]
[xgboost_dart_mode: 0]
[uniform_drop: 0]
[drop_seed: 5741]
[top_rate: 0.2]
[other_rate: 0.1]
[min_data_per_group: 100]
[max_cat_threshold: 32]
[cat_l2: 10]
[cat_smooth: 10]
[max_cat_to_onehot: 4]
[top_k: 20]
[monotone_constraints: ]
[monotone_constraints_method: basic]
[monotone_penalty: 0]
[feature_contri: ]
[forcedsplits_filename: ]
[refit_decay_rate: 0.9]
[cegb_tradeoff: 1]
[cegb_penalty_split: 0]
[cegb_penalty_feature_lazy: ]
[cegb_penalty_feature_coupled: ]
[path_smooth: 0]
[interaction_constraints: ]
[verbosity: -1]
[saved_feature_importance_type: 0]
[use_quantized_grad: 0]
[num_grad_quant_bins: 4]
[quant_train_renew_leaf: 0]
[stochastic_rounding: 1]
[linear_tree: 0]
[max_bin: 255]
[max_bin_by_feature: ]
[min_data_in_bin: 3]
[bin_construct_sample_cnt: 200000]
[data_random_seed: 4795]
[is_enable_sparse: 1]
[enable_bundle: 1]
[use_missing: 1]
[zero_as_missing: 0]
[feature_pre_filter: 1]
[pre_partition: 0]
[two_round: 0]
[header: 0]
[label_column: ]
[weight_column: ]
[group_column: ]
[ignore_column: ]
[categorical_feature: ]
[forcedbins_filename: ]
[precise_float_parser: 0]
[parser_config_file: ]
[objective_seed: 5797]
[num_class: 1]
[is_unbalance: 0]
[scale_pos_weight: 1]
[sigmoid: 1]
[boost_from_average: 1]
[reg_sqrt: 0]
[alpha: 0.9]
[fair_c: 1]
[poisson_max_delta_step: 0.7]
[tweedie_variance_power: 1.5]
[lambdarank_truncation_level: 13]
[lambdarank_norm: 1]
[label_gain: ]
[lambdarank_position_bias_regularization: 0]
[eval_at: 1,10]
[multi_error_top_k: 1]
[auc_mu_weights: ]
[num_machines: 1]
[local_listen_port: 12400]
[time_out: 120]
[machine_list_filename: ]
[machines: ]
[gpu_platform_id: -1]
[gpu_device_id: -1]
[gpu_device_id_list: ]
[gpu_use_dp: 0]
[num_gpu: 1]

end of parameters

pandas_categorical:null
