tree
version=v4
num_class=1
num_tree_per_iteration=1
label_index=0
max_feature_idx=12
objective=lambdarank
feature_names=exact_matches partial_matches category_match term_coverage lexical_signal rrf_raw dense_raw attribute_raw profile_match quality contradictions budget_penalty novelty_penalty
feature_infos=[0:7] [0:2.1940170940170938] [0:1] [0:1] [0.0033333333333333335:1] [0.001129032258064516:0.034426229508196723] [0:0.91389473002124566] [0:18.166666666666664] [0:1] [0.42679245283018863:0.978592100117325] [0:7] none [0:1]
tree_sizes=1798 1806 1814 1805 1813 1824 1817 1811 1805 1812 1824 1805 1816 1817 1803 1807 1805 1818 1815 1811 1815 1814 1818 1811 1790 1808 1809 1811 1801 1813 1818 1813 1798 1818 1814 1805 1823 1802 1802 1816 1816 1801 1831 1805 1805 1829 1818 1806 1818 1822 1815 1817 1810 1826 1807 1819 1829 1828 1822 1818 1812 1816 1820 1823 1821 1825 1832 1814 1811 1824 1813 1806 1808 1819 1820 1605 1828 1815 1826 1828 1814 1816 1822 1813 1808

Tree=0
num_leaves=15
num_cat=0
split_feature=3 9 12 7 5 6 9 2 7 4 0 9 2 2
split_gain=12640 5025.1 1381.69 1301.66 669.19 620.648 393.757 352.591 235 142.942 119.657 117.628 90.0215 58.0948
threshold=0.78031452551660629 0.83897827363476229 1.0000000180025095e-35 0.29166666666666669 0.018334069402790903 0.38301501880650018 0.81999668242514734 1.0000000180025095e-35 2.2916666666666674 0.75000000000000011 2.5000000000000004 0.8783184218083816 1.0000000180025095e-35 1.0000000180025095e-35
decision_type=2 2 2 2 2 2 2 2 2 2 2 2 2 2
left_child=4 3 7 -2 13 6 -5 9 -6 -3 -7 -9 -10 -1
right_child=1 2 -4 5 8 10 -8 11 12 -11 -12 -13 -14 -15
leaf_value=-0.099551331048172681 -0.092297879508232872 0.0048386017298924534 -0.095700050174791218 0.032999713249561205 -0.062767365787623874 -0.070252834813217022 -0.092635762189817172 0.068940840150732971 -0.056397907933205073 0.08355416321172493 0.043053299751447012 0.090504060776562104 0.074844813628211479 -0.080805100839961258
leaf_weight=1805.6034062333929 539.71439756896143 213.34906139069062 111.28042659212224 787.06023313251717 61.710553218843415 267.06037799055775 62.8956889888359 989.0512976338141 11.484114860068074 74.390165243705269 22.196152650867589 2467.6264095317601 87.214005589376029 762.80153597802564
leaf_count=1520307 841745 113757 76961 387181 8395 38101 86856 228540 3521 219 1909 131181 5190 582956
internal_value=-6.40168e-09 0.0434155 0.0748246 -0.0287245 -0.0879743 0.00166583 0.0232155 0.0800133 0.0107904 0.0262687 -0.0609744 0.0844427 0.0575909 -0.0941516
internal_weight=8263.44 5534.62 3855.7 1678.93 2728.81 1139.21 849.956 3744.42 160.409 287.739 289.257 3456.68 98.6981 2568.4
internal_count=4026819 1906450 550658 1355792 2120369 514047 474037 473697 17106 113976 40010 359721 8711 2103263
is_linear=0
shrinkage=0.05


Tree=1
num_leaves=15
num_cat=0
split_feature=3 5 7 9 5 9 5 5 4 3 12 4 7 6
split_gain=15665 5551.49 3752.75 1967.54 1116.47 673.698 639.852 486.28 346.872 243.191 233.584 188.726 459.999 172.172
threshold=0.75545504606331337 0.017964693842742626 1.0000000180025095e-35 0.91721108664779505 0.0060486070781197764 0.81975246368688992 0.025082482337882937 0.018796284373825072 0.75000000000000011 0.99602594540369516 1.0000000180025095e-35 0.29166666666666669 0.22500000000000003 0.26707635197561069
decision_type=2 2 2 2 2 2 2 2 2 2 2 2 2 2
left_child=7 2 8 4 -4 6 13 -1 9 -2 -8 12 -7 -3
right_child=1 5 3 -5 -6 11 10 -9 -10 -11 -12 -13 -14 -15
leaf_value=-0.08656449725771112 -0.095552003891199944 0.0011084829803556936 -0.058879216978032958 0.067686442555353374 0.010693685003211932 -0.089987349235424674 0.067593364726962452 -0.0095685183595426541 0.077565649228636055 -0.055602966607970254 -0.082840970269476039 0.082348648057483556 0.062359161050879623 -0.072418409157726835
leaf_weight=4140.9554163255889 594.40560908273619 147.13179257363663 675.04030301308376 1415.1656130367337 3787.6163856571802 45.944134377175942 353.70304727168696 217.12810996147891 37.16819410030439 1161.8146375163269 23.634810596966418 1377.765133497538 4236.0445603136468 168.12852408348408
leaf_count=2033720 259456 12834 291366 39725 462686 5299 9000 12265 1039 767159 3289 6232 56356 66393
internal_value=3.61441e-09 0.0257345 -0.00289716 0.016428 0.000115677 0.0602857 0.013625 -0.0827438 -0.0661047 -0.0693569 0.0572107 0.0659786 0.0606215 -0.0386219
internal_weight=18381.6 14023.6 7671.21 5877.82 4462.66 6352.35 692.598 4358.08 1793.39 1756.22 377.338 5659.75 4281.99 315.26
internal_count=4026819 1980834 1821431 793777 754052 159403 91516 2045985 1027654 1026615 12289 67887 61655 79227
is_linear=0
shrinkage=0.05


Tree=2
num_leaves=15
num_cat=0
split_feature=3 9 5 5 7 2 5 9 9 0 9 9 9 2
split_gain=14747.9 5431.23 2140.12 1729.26 1012.87 521.591 429.569 286.402 1439.65 274.627 242.016 256.398 222.994 102.788
threshold=0.75545504606331337 0.81952745268246663 0.017964693842742626 0.023909401607346017 1.0000000180025095e-35 1.0000000180025095e-35 0.019235268406880484 0.89801093933908993 0.8804088443888195 1.0000000180025095e-35 0.80090909090909101 0.79909090909090918 0.80090909090909101 1.0000000180025095e-35
decision_type=2 2 2 2 2 2 2 2 2 2 2 2 2 2
left_child=6 3 4 10 9 -6 -1 8 -4 -3 11 -2 -5 -8
right_child=1 2 7 12 5 -7 13 -9 -10 -11 -12 -13 -14 -15
leaf_value=-0.081771983966303752 -0.063576652790885826 -0.071417800966798992 0.060257978515701388 0.05664527165713662 -0.034862603358540661 0.031601636665609993 -0.071120236623742006 0.074786846119104439 -0.097621816881492657 -0.0083707870599872784 -0.091454044413032204 -0.015988291427248051 -0.081726516006436975 0.029077255813777181
leaf_weight=4292.9160975723353 1070.3296171435068 315.24886430529295 2637.0801706491911 414.89959276145964 312.2486725653871 4418.8637207717547 27.861821300757583 2723.5204316981253 148.33882303151768 378.25741930642835 509.43581685321988 389.76712838781532 26.956234304481768 111.28084599564318
leaf_count=2035404 629071 138864 47737 14167 86251 345529 4778 12381 8302 186346 352398 154191 5597 5803
internal_value=-7.26212e-10 0.0262477 0.0412263 -0.0416121 0.0189077 0.0271829 -0.0789724 0.0631662 0.0516902 -0.0373363 -0.0616474 -0.050971 0.0473836 0.00724274
internal_weight=17777 13344.9 10933.6 2411.39 5424.62 4731.11 4432.06 5508.94 2785.42 693.506 1969.53 1460.1 441.856 139.143
internal_count=4026819 1980834 825410 1155424 756990 431780 2045985 68420 56039 325210 1135660 783262 19764 10581
is_linear=0
shrinkage=0.05


Tree=3
num_leaves=15
num_cat=0
split_feature=3 9 5 9 5 9 9 2 5 12 6 9 9 9
split_gain=13653.6 4366.33 1916.35 1139.07 923.311 704.218 1521.32 565.464 432.969 287.989 277.512 216.967 167.481 148.821
threshold=0.75545504606331337 0.85853031175750594 0.020319018342061113 0.84016393442622961 0.013258394768962253 0.84016393442622961 0.83897827363476229 1.0000000180025095e-35 0.019235268406880484 1.0000000180025095e-35 0.20926886764857186 0.8783184218083816 0.85988378061092996 0.79909090909090918
decision_type=2 2 2 2 2 2 2 2 2 2 2 2 2 2
left_child=8 2 5 13 7 6 -2 12 -1 11 -9 -6 -3 -4
right_child=1 4 3 -5 9 -7 -8 10 -10 -11 -12 -13 -14 -15
leaf_value=-0.077810396256261738 -0.046657030946669321 0.036575119750304239 0.016603605539751026 -0.098102995706290025 0.037919689288195307 -0.095638146064528529 0.050218028466597044 0.037513312253939529 0.010003009577813495 -0.08445616969461292 -0.0033903420018681304 0.063188366895534545 -0.077090028876471095 0.057290535052719006
leaf_weight=4358.1019107179745 2014.8365887586115 36.6867590356851 297.44147410488222 144.24413967062719 1067.4136847143527 439.61845304952294 502.60102307295892 2000.5093393163988 143.92874736594968 31.208160881651565 521.75974650291028 4789.7356856535043 168.45428618916776 984.97648134005431
leaf_count=2035404 1334059 6271 32484 8008 22087 147896 33421 181016 10581 21290 56255 35191 67742 35114
internal_value=-4.3153e-09 0.0259914 -0.0146227 0.0328965 0.0466524 -0.0375656 -0.0272549 0.0225444 -0.074995 0.0577903 0.029062 0.0586196 -0.0563759 0.0479548
internal_weight=17501.5 12999.5 4383.72 1426.66 8615.77 2957.06 2517.44 2727.41 4502.03 5888.36 2522.27 5857.15 205.141 1282.42
internal_count=4026819 1980834 1590982 75606 389852 1515376 1367480 311284 2045985 78568 237271 57278 74013 67598
is_linear=0
shrinkage=0.05


Tree=4
num_leaves=15
num_cat=0
split_feature=3 9 5 5 5 5 9 4 7 12 9 9 2 9
split_gain=12923.1 3605.15 1937.82 1269.1 574.6 534.594 578.377 414.296 281.113 249.838 206.9 175.533 146.96 128.402
threshold=0.78031452551660629 0.81952745268246663 0.006913922433489028 0.025082482337882937 0.017555461459510761 0.020939651203355527 0.8783184218083816 0.003384104443426478 0.29166666666666669 1.0000000180025095e-35 0.80090909090909101 0.93661833775781111 1.0000000180025095e-35 0.89801093933908993
decision_type=2 2 2 2 2 2 2 2 2 2 2 2 2 2
left_child=4 3 7 8 -1 6 -4 11 -2 -7 -10 -3 -6 -9
right_child=1 2 5 -5 12 9 -8 13 10 -11 -12 -13 -14 -15
leaf_value=-0.073636625717230994 -0.077215059878963155 -0.0067706509941564729 0.01189880939509514 0.041473787415916244 -0.072792010529484905 0.060262679355599383 0.047767274468970722 -0.067709747683111096 -0.023016090139670643 -0.083258926749819412 -0.083700147938241737 0.049187852369548604 0.021453033537931335 -0.013969146586316528
leaf_weight=4575.0196017787384 733.22586945000512 684.07916945235047 1740.8118762400554 435.16587268389412 46.263486186624505 4300.2438014664222 3187.9667086241534 366.52470140013611 719.49088434249279 26.402113030984765 171.80999386578333 170.97221770533361 209.36141198413679 163.00600019004196
leaf_count=2099076 709644 170103 253069 12081 8797 23761 100846 194476 292707 12728 106580 5657 12496 24798
internal_value=1.09529e-09 0.0264776 0.0381973 -0.0340103 -0.0695647 0.0464475 0.0351237 -0.0169206 -0.0542956 0.0592918 -0.0351154 0.00463947 0.00332712 -0.0514521
internal_weight=17530.3 12699.7 10640 2059.69 4830.64 9255.42 4928.78 1384.58 1624.53 4326.65 891.301 855.051 255.625 529.531
internal_count=4026819 1906450 785438 1121012 2120369 390404 353915 395034 1108931 36489 399287 175760 21293 219274
is_linear=0
shrinkage=0.05


Tree=5
num_leaves=15
num_cat=0
split_feature=3 9 5 5 9 9 7 5 12 2 5 0 4 5
split_gain=11659.1 3539.79 1367.55 1137.04 560.572 619.996 386.076 305.952 299.019 274.285 181.093 162.607 128.576 284.089
threshold=0.75545504606331337 0.83897827363476229 0.011515544968976872 0.010683874483471243 0.81999668242514734 0.81952745268246663 1.0000000180025095e-35 0.019235268406880484 1.0000000180025095e-35 1.0000000180025095e-35 0.0061479705471764552 1.0000000180025095e-35 0.0033389074693422525 0.0059148033785078836
decision_type=2 2 2 2 2 2 2 2 2 2 2 2 2 2
left_child=7 2 12 6 5 -4 11 -1 9 -5 -8 -3 13 -2
right_child=1 3 4 8 -6 -7 10 -9 -10 -11 -12 -13 -14 -15
leaf_value=-0.071636698080203301 -0.07278465029023827 -0.072648573741774788 -0.0019636519521169611 0.009771400672305558 -0.085962433445232689 0.075253741577168812 -0.0038280872079971434 0.0021949696413494989 -0.08212002934788562 0.051032172163078586 0.027799587709572617 -0.0088401371245935487 -0.070334026782211054 0.021335323668872083
leaf_weight=4350.9887938964821 184.69082107181021 165.6169560822018 1029.6862328351272 429.98851412214572 139.64674663924961 342.63890669326065 664.73621575543075 144.68414722010493 39.637065940405591 7051.6131527801917 1405.8397978409921 244.61324742791476 1017.6219030236971 135.71395308789215
leaf_count=2035404 186864 70452 280388 26164 53292 3644 133264 10581 38529 105887 105757 101113 832635 42845
internal_value=-1.8835e-09 0.0242451 -0.0248807 0.0382485 0.00770956 0.017519 0.00887248 -0.0692608 0.0479256 0.0486689 0.0176611 -0.0351653 -0.0615993 -0.033203
internal_weight=17347.7 12852 2850 10002 1511.97 1372.33 2480.81 4495.67 7521.24 7481.6 2070.58 410.23 1338.03 320.405
internal_count=4026819 1980834 1399668 581166 337324 284032 410586 2045985 170580 132051 239021 171565 1062344 229709
is_linear=0
shrinkage=0.05


Tree=6
num_leaves=15
num_cat=0
split_feature=3 9 5 5 9 9 2 5 7 2 12 9 4 9
split_gain=10577.1 3101.38 1296.24 1101.81 863.908 644.813 386.235 257.011 240.461 179.953 160.359 153.157 115.328 95.3849
threshold=0.75545504606331337 0.81952745268246663 0.014627973898546046 0.025082482337882937 0.89801093933908993 0.8804088443888195 1.0000000180025095e-35 0.019235268406880484 0.29166666666666669 1.0000000180025095e-35 1.0000000180025095e-35 0.80090909090909101 0.75000000000000011 0.80090909090909101
decision_type=2 2 2 2 2 2 2 2 2 2 2 2 2 2
left_child=7 3 4 8 5 -3 -6 -1 -2 12 -11 -10 -4 -5
right_child=1 2 9 13 6 -7 -8 -9 11 10 -12 -13 -14 -15
leaf_value=-0.069129677405840015 -0.072195013544846018 -0.00070304234176171265 -0.001331098023432603 0.04241039372440409 -0.078862718457265835 -0.092688996416004643 0.041646106642870773 -0.0018991439240249942 -0.022873594287829532 0.049727913161797171 -0.071712470636505002 -0.07716819907229272 0.059952608856338067 -0.067915202119591414
leaf_weight=4249.1839007250092 777.17050097609172 2052.4032214246108 299.75468153285328 414.06565679557389 64.637032000784529 205.01903632248286 1738.6684466809093 147.36459537775954 689.40499905333854 6288.7793180164299 23.129642866784707 157.62204743767506 98.102528797317063 16.182650619943161
leaf_count=2035404 732018 526662 21986 8731 25887 64077 82598 10581 300395 77070 26499 110862 631 3418
internal_value=4.31599e-10 0.0229447 0.0336827 -0.0332941 0.0113663 -0.00924359 0.0371205 -0.0668809 -0.0521125 0.0471699 0.0492265 -0.0333708 0.0143366 0.0375283
internal_weight=17221.5 12824.9 10770.5 2054.45 4060.73 2257.42 1803.31 4396.55 1624.2 6709.77 6311.91 847.027 397.857 430.248
internal_count=4026819 1980834 825410 1155424 699224 590739 108485 2045985 1143275 126186 103569 411257 22617 12149
is_linear=0
shrinkage=0.05


Tree=7
num_leaves=15
num_cat=0
split_feature=3 9 5 5 7 5 9 9 12 7 9 7 1 5
split_gain=9680.97 2630.2 1049.9 927.697 514.997 419.447 272.285 1585.87 227.082 195.49 139.991 128.505 117.327 114.674
threshold=0.78031452551660629 0.81952745268246663 0.010683874483471243 0.023909401607346017 1.0000000180025095e-35 0.017555461459510761 0.8783184218083816 0.86060534822215717 1.0000000180025095e-35 0.29166666666666669 0.89801093933908993 1.9166666666666667 0.32255244755244761 0.0076336426567870461
decision_type=2 2 2 2 2 2 2 2 2 2 2 2 2 2
left_child=5 3 4 9 10 -1 7 -4 -6 -2 -3 -7 -8 -11
right_child=1 2 6 -5 8 11 12 -9 -10 13 -12 -13 -14 -15
leaf_value=-0.06619473558425247 -0.069718134445571761 -0.055634623352716045 0.04044590060151157 0.03039687213629105 0.018228174409183558 -0.071232818035087617 0.048169476698809166 -0.095718913053568166 -0.094332913672532895 -0.063403987527118136 0.0046635579222958226 0.017453454113592653 -0.074737094030984247 -0.020618460033491104
leaf_weight=4285.7288588224328 688.06567650419311 374.74745106548653 2285.4445417098468 466.1576933861943 2032.0378649127961 45.671832257095957 5453.2957151589653 231.10557265669922 40.917418973956956 216.67953868517361 127.95834343970637 205.63653181120753 15.246359170996582 564.03418553288793
leaf_count=2099076 708305 243271 126665 19651 256143 7778 66949 31572 31764 173887 28559 13515 515 219169
internal_value=1.16372e-10 0.0227153 0.0325336 -0.0308183 0.00476347 -0.0625175 0.0414826 0.0277763 0.0157847 -0.0502838 -0.0403916 0.00026077 0.0477589 -0.0328211
internal_weight=17032.7 12495.7 10560.8 1934.94 2575.66 4537.04 7985.09 2516.55 2072.96 1468.78 502.706 251.308 5468.54 780.714
internal_count=4026819 1906450 785438 1121012 559737 2120369 225701 158237 287907 1101361 271830 21293 67464 393056
is_linear=0
shrinkage=0.05


Tree=8
num_leaves=15
num_cat=0
split_feature=3 9 5 5 9 9 5 5 6 9 2 9 2 7
split_gain=9010.26 2524.73 1034.72 762.674 449.199 549.245 400.363 371.576 432.535 318.63 113.421 104.329 97.4955 87.6548
threshold=0.78031452551660629 0.83897827363476229 0.011515544968976872 0.0065789772496372429 0.81999668242514734 0.81975246368688992 0.017555461459510761 0.020319018342061113 0.2424481696519537 0.91806030175696174 1.0000000180025095e-35 0.90052559257986953 1.0000000180025095e-35 1.9166666666666667
decision_type=2 2 2 2 2 2 2 2 2 2 2 2 2 2
left_child=6 2 -2 9 5 -4 -1 8 -5 12 -8 -9 -3 -12
right_child=1 3 4 7 -6 -7 10 11 -10 -11 13 -13 -14 -15
leaf_value=-0.064406436139224754 -0.056475032691033024 -0.069878609487052087 -0.0040450856583244292 0.039554131720597435 -0.080288988178118664 0.067556804957532732 -0.065647814905255203 0.054428146840559688 0.0071462232160049589 0.029162283643036614 -0.063402777639622071 0.037752355561651178 -0.020484410930951852 0.029875109262611173
leaf_weight=4228.1066899347934 1162.336773863266 125.1067018895701 1022.004490527208 2917.1698185789865 131.7927897425252 357.70005324739031 46.379928821814246 2826.5201966489694 1593.6581908444059 336.30090268235654 24.439039406483062 1494.9896428466891 465.27816397321294 177.75208594245487
leaf_count=2099076 1024398 60374 277198 140579 52047 2149 8797 25981 116895 23798 3707 6082 176949 8789
internal_value=-6.43378e-10 0.0219024 -0.0211136 0.033693 0.0061758 0.0146952 -0.0607851 0.0382186 0.0281251 -0.00941512 0.00086856 0.0487096 -0.0314503 0.0173425
internal_weight=16909.5 12432.9 2673.83 9759.02 1511.5 1379.7 4476.68 8832.34 4510.83 926.686 248.571 4321.51 590.385 202.191
internal_count=4026819 1906450 1355792 550658 331394 279347 2120369 289537 257474 261121 21293 32063 237323 12496
is_linear=0
shrinkage=0.05


Tree=9
num_leaves=15
num_cat=0
split_feature=3 9 5 9 5 2 7 9 9 12 5 9 5 2
split_gain=8327.05 2563.72 1288.75 661.835 548.13 449.153 345.375 343.472 281.274 238.047 208.434 120.717 76.642 96.3487
threshold=0.75545504606331337 0.85853031175750594 0.014627973898546046 0.84016393442622961 0.017964693842742626 1.0000000180025095e-35 0.29166666666666669 0.81952745268246663 0.84016393442622961 1.0000000180025095e-35 0.019235268406880484 0.85988378061092996 0.026934874422620315 1.0000000180025095e-35
decision_type=2 2 2 2 2 2 2 2 2 2 2 2 2 2
left_child=10 2 6 7 5 11 -2 -4 -8 -7 -1 -3 13 -6
right_child=1 4 3 -5 12 9 8 -9 -10 -11 -12 -13 -14 -15
leaf_value=-0.063435619197182921 -0.061424189734639117 0.021757956033495965 -0.00083865064315878993 -0.089647511142991035 0.00358173065857655 0.028399846473155445 -0.011673682159879703 0.042442238726073736 -0.083681047172775164 -0.084383282477237948 -0.0026236376542538671 -0.053235836483178825 0.057213089463203685 0.04493202167350175
leaf_weight=4016.5800597464695 943.35109969798941 66.315510119107785 784.56878728097945 131.42780130528263 148.74122426833492 3536.2350953938148 1057.7414776977239 1096.9596654409834 151.01057851378573 42.704887749801856 146.47938760055695 232.10429820038553 1464.8338206471817 3004.5699451263936
leaf_count=2035404 873519 6663 169954 24103 5021 221952 419089 37877 66440 50242 10581 74534 3956 27484
internal_value=-1.98653e-10 0.0201735 -0.0119509 0.0167878 0.0359208 0.0220161 -0.038808 0.0244404 -0.0209773 0.0269382 -0.0613016 -0.0364866 0.0475586 0.0429903
internal_weight=16823.6 12660.6 4165.06 2012.96 8495.5 3877.36 2152.1 1881.53 1208.75 3578.94 4163.06 298.42 4618.14 3153.31
internal_count=4026819 1980834 1590982 231934 389852 353391 1359048 207831 485529 272194 2045985 81197 36461 32505
is_linear=0
shrinkage=0.05


Tree=10
num_leaves=15
num_cat=0
split_feature=3 9 5 5 7 5 9 12 2 7 9 9 2 0
split_gain=7837.38 2297.54 980.225 810.937 639.138 332.158 277.252 229.197 164.408 136.141 115.475 101.523 96.5932 84.0225
threshold=0.78031452551660629 0.81952745268246663 0.013258394768962253 0.025082482337882937 1.0000000180025095e-35 0.017555461459510761 0.8783184218083816 1.0000000180025095e-35 1.0000000180025095e-35 0.29166666666666669 0.89801093933908993 0.80090909090909101 1.0000000180025095e-35 1.0000000180025095e-35
decision_type=2 2 2 2 2 2 2 2 2 2 2 2 2 2
left_child=5 3 4 9 10 -1 -6 8 -4 -2 -3 -11 -7 -5
right_child=1 2 7 13 6 12 -8 -9 -10 11 -12 -13 -14 -15
leaf_value=-0.061353567227574846 -0.064857662243491793 -0.056059734657514508 0.0096204595973155213 -0.012128683908339878 -0.0042199228356889235 -0.063102115493111913 0.028254600631384227 -0.076722979449772272 0.042703247459066014 -0.024944494759642583 -0.0044073549915236007 -0.069963730852548964 0.013922802161556381 0.041566909823836359
leaf_weight=4071.6766882096417 657.66063993400894 393.61736530011694 401.77397500371444 90.230793577153236 1009.3566733302578 45.813855355867418 1872.8411395674048 37.315446566295577 6591.2228663999413 657.85649676475441 149.76141955849016 153.6929029822204 199.59693055757089 335.46249302150682
leaf_count=2099076 709644 263861 23780 3694 220331 8797 120635 33225 93369 292707 30237 106580 12496 8387
internal_value=1.88124e-11 0.020272 0.0294521 -0.0303274 0.00750564 -0.0579527 0.0168943 0.0401328 0.0408107 -0.0479009 -0.0419937 -0.0338465 -0.00142925 0.0301768
internal_weight=16667.9 12350.8 10455.9 1894.9 3425.58 4317.09 2882.2 7030.31 6993 1469.21 543.379 811.549 245.411 425.693
internal_count=4026819 1906450 785438 1121012 635064 2120369 340966 150374 117149 1108931 294098 399287 21293 12081
is_linear=0
shrinkage=0.05


Tree=11
num_leaves=15
num_cat=0
split_feature=3 9 5 5 9 9 5 9 9 5 9 5 3 4
split_gain=7291.44 2171.28 892.603 686.507 403.306 481.736 356.51 293.104 233.648 178.963 102.483 78.6754 64.9347 63.4805
threshold=0.75545504606331337 0.83897827363476229 0.011515544968976872 0.0061479705471764552 0.81999668242514734 0.81975246368688992 0.019235268406880484 0.8783184218083816 0.91721108664779505 0.019235268406880484 0.83996479752902908 0.026934874422620315 0.60009053479551133 0.0033389074693422525
decision_type=2 2 2 2 2 2 2 2 2 2 2 2 2 2
left_child=9 2 13 8 5 -4 7 -5 10 -1 -3 -8 -11 -2
right_child=1 3 4 6 -6 -7 11 -9 -10 12 -12 -13 -14 -15
leaf_value=-0.060745914213435698 -0.032050129270099162 0.029578867518023438 -0.0055509596581617415 0.0036095570174238681 -0.076136318897590927 0.060095950753766864 0.038596028998397418 0.0321280149389679 0.018582680787012282 -0.060143679463527694 -0.043750734827785603 0.052542419244286154 0.013870854853746884 -0.06044327081499315
leaf_weight=3850.8062401611533 278.53163000869972 49.946803238912253 1026.4309310834797 1299.6352113466273 136.9387083213951 378.64724686054979 3045.2382628825726 2942.3347534236236 323.9472402089159 34.467759333841968 434.1857360223803 1619.1026577913726 114.24041004915489 879.76155661766825
leaf_count=2035404 229709 9498 281853 166774 53292 2179 35405 118568 25261 4675 219783 5877 5906 832635
internal_value=-2.7051e-10 0.0189171 -0.0207154 0.0299387 0.00421684 0.0122903 0.0339414 0.0234052 -0.0141151 -0.0586698 -0.0359605 0.0434882 -0.0046827 -0.0537828
internal_weight=16414.2 12414.7 2700.31 9714.39 1542.02 1405.08 8906.31 4241.97 808.08 3999.51 484.133 4664.34 148.708 1158.29
internal_count=4026819 1980834 1399668 581166 337324 284032 326624 285342 254542 2045985 229281 41282 10581 1062344
is_linear=0
shrinkage=0.05


Tree=12
num_leaves=15
num_cat=0
split_feature=3 9 5 5 7 2 5 4 12 7 2 9 12 9
split_gain=6780.36 2010.13 855.707 752.938 646.005 348.1 157.229 136.3 126.705 122.467 97.0564 84.6501 77.1532 68.4428
threshold=0.75545504606331337 0.81952745268246663 0.017964693842742626 0.025082482337882937 1.0000000180025095e-35 1.0000000180025095e-35 0.019235268406880484 0.031754032258064523 1.0000000180025095e-35 0.29166666666666669 1.0000000180025095e-35 0.80090909090909101 1.0000000180025095e-35 0.80090909090909101
decision_type=2 2 2 2 2 2 2 2 2 2 2 2 2 2
left_child=6 3 4 9 7 -6 -1 -3 10 -2 -4 -11 13 -5
right_child=1 2 8 12 5 -7 -8 -9 -10 11 -12 -13 -14 -15
leaf_value=-0.059553183121975398 -0.062256478248155944 -0.044951757857356112 0.01326717297058351 0.037849581684060718 -0.027649740425159899 0.023396788386239237 -0.0061608998654441721 0.0074021436174417131 -0.067105597915585333 -0.024537059611234088 0.042739677273355009 -0.066644196388447138 -0.076166974658806175 -0.059053767253610771
leaf_weight=3734.3051379837707 665.26133578311419 530.94440528331324 301.46466682013124 389.22233010795026 360.75849104946246 3932.5883951479627 144.43318040005397 160.19514169545437 22.898704588587862 641.3424146897014 5082.9931299132586 145.9307218692993 12.039958484849192 14.75985544308787
leaf_count=2035404 732018 301396 9903 6683 86251 345529 10581 23814 19933 300395 38584 110862 3191 2275
internal_value=-4.04733e-10 0.0182308 0.0268156 -0.0294572 0.0118539 0.0190803 -0.0575755 -0.0328509 0.0405836 -0.0464113 0.0411034 -0.0327135 0.029586 0.0336305
internal_weight=16139.1 12260.4 10391.8 1868.56 4984.49 4293.35 3878.74 691.14 5407.36 1452.53 5384.46 787.273 416.022 403.982
internal_count=4026819 1980834 825410 1155424 756990 431780 2045985 325210 68420 1143275 48487 411257 12149 8958
is_linear=0
shrinkage=0.05


Tree=13
num_leaves=15
num_cat=0
split_feature=3 9 5 5 2 12 9 5 4 7 2 9 12 9
split_gain=6298.55 1797.53 791.148 682.3 409.576 326.079 299.98 159.246 157.17 118.963 116.06 76.1344 63.5597 59.6233
threshold=0.75545504606331337 0.81952745268246663 0.0064656215614499789 0.025082482337882937 1.0000000180025095e-35 1.0000000180025095e-35 0.87913301857985127 0.019235268406880484 0.75000000000000011 0.29166666666666669 1.0000000180025095e-35 0.80090909090909101 1.0000000180025095e-35 0.81952745268246663
decision_type=2 2 2 2 2 2 2 2 2 2 2 2 2 2
left_child=7 3 6 9 8 -6 -3 -1 -4 -2 -8 -11 -5 -9
right_child=1 2 4 12 5 -7 10 13 -10 11 -12 -13 -14 -15
leaf_value=-0.058537671540511996 -0.061005458219368085 -0.049365917376956947 -0.017937385560984613 0.031472792375668433 0.033711757799713055 -0.081296369464989679 -0.064902604303468933 -0.050027680978844302 0.050597378571617863 -0.023675531202251653 0.013800170115117022 -0.064817666986462186 -0.071062179027235287 0.016688513744459607
leaf_weight=3617.6766877137852 634.61194748873822 413.16733823175309 565.38425770284084 401.77499335986795 8643.7722371182463 57.489315123966662 46.592659147907398 44.242428908473812 93.12362819199916 630.09185230049479 508.03824282791174 135.92224812306813 11.092161902575752 99.916746503964532
leaf_count=2035404 732018 282817 87322 8958 286033 63691 26813 5097 650 300395 78084 110862 3191 5484
internal_value=8.71716e-10 0.0175181 0.02558 -0.0283374 0.0300294 0.0329056 -0.0173846 -0.0564866 -0.00793721 -0.0449552 0.00666782 -0.0313488 0.0279007 -0.00477731
internal_weight=15902.9 12141.1 10327.6 1813.49 9359.77 8701.26 967.798 3761.84 658.508 1400.63 554.631 766.014 412.867 144.159
internal_count=4026819 1980834 825410 1155424 437696 349724 387714 2045985 87972 1143275 104897 411257 12149 10581
is_linear=0
shrinkage=0.05


Tree=14
num_leaves=15
num_cat=0
split_feature=3 9 5 9 5 2 7 9 9 9 5 9 5 9
split_gain=5856.6 1652.59 866.676 462.518 434.872 308.67 251.509 246.048 216.877 215.792 162.368 98.9245 67.7736 85.1247
threshold=0.75545504606331337 0.85853031175750594 0.014627973898546046 0.84016393442622961 0.017218365100788221 1.0000000180025095e-35 0.29166666666666669 0.91721108664779505 0.84016393442622961 0.81952745268246663 0.019235268406880484 0.85988378061092996 0.025082482337882937 0.85996884124507644
decision_type=2 2 2 2 2 2 2 2 2 2 2 2 2 2
left_child=10 2 6 9 5 11 -2 -7 -8 -4 -1 -3 13 -6
right_child=1 4 3 -5 12 7 8 -9 -10 -11 -12 -13 -14 -15
leaf_value=-0.057633622820998646 -0.055437801699014605 0.019292059472749111 -0.0012579772580452221 -0.082927707749043678 0.055517721540686737 0.0095606529908528991 -0.010206873938197376 0.037418269279244631 -0.077356163151123314 0.033504912124207711 -0.00300284775181547 -0.049064310602504074 0.046653275590663484 0.030134953217946965
leaf_weight=3500.3497699191212 797.9192477822653 66.333482973859645 753.71318090058048 112.74204611274763 396.95084849587874 1979.0005380133225 975.32992825312249 1322.6905160415627 132.55131121513841 1088.7071112828999 142.08693111594766 218.59061509797175 2024.4140905950917 2173.5987330024072
leaf_count=2035404 873519 6636 169954 24103 2922 227652 419089 40614 66440 37877 10581 73888 7517 30623
internal_value=-1.13159e-09 0.0168057 -0.0101482 0.0132265 0.029524 0.0164422 -0.0341002 0.0207604 -0.0185523 0.0193189 -0.0555096 -0.0330919 0.039706 0.0341548
internal_weight=15685 12042.5 3860.96 1955.16 8181.58 3586.62 1905.8 3301.69 1107.88 1842.42 3642.44 284.924 4594.96 2570.55
internal_count=4026819 1980834 1590982 231934 389852 348790 1359048 268266 485529 207831 2045985 80524 41062 33545
is_linear=0
shrinkage=0.05


Tree=15
num_leaves=15
num_cat=0
split_feature=3 9 5 5 9 9 7 9 9 2 5 9 0 7
split_gain=5517.91 1607.6 670.719 552.53 365.179 392.443 340.564 176.345 1036.38 164.143 151.965 129.265 86.8128 58.7481
threshold=0.75545504606331337 0.83897827363476229 0.011515544968976872 0.013258394768962253 0.81999668242514734 0.81975246368688992 1.0000000180025095e-35 0.89801093933908993 0.8804088443888195 1.0000000180025095e-35 0.019235268406880484 0.90052559257986953 1.0000000180025095e-35 1.9166666666666667
decision_type=2 2 2 2 2 2 2 2 2 2 2 2 2 2
left_child=10 2 -2 6 5 -4 12 8 -5 -8 -1 -9 -3 -12
right_child=1 3 4 7 -6 -7 9 11 -10 -11 13 -13 -14 -15
leaf_value=-0.056817050124709834 -0.04967633268345005 -0.062316106699359275 -0.0062090665504082676 0.032539674591193259 -0.073028410210458861 0.053172121402643172 -0.02595201934053093 0.054314594955433809 -0.093620245173631558 0.018568616208486596 -0.060258212053862815 0.033898929837229662 -0.014568440362323487 0.012796283128271453
leaf_weight=3403.7820125288999 1038.0403634215618 163.60216817921901 999.05265457760834 2916.3438031198311 140.31351369785261 380.18878304885584 222.4644250193378 1339.5505447043979 167.6212872001779 2369.2142231340258 30.862679841171484 1950.6252716051822 228.20683578435273 113.60162244894309
leaf_count=2035404 1062344 75794 281853 73340 53292 2179 59733 6447 17106 222950 3951 17980 107816 6630
internal_value=8.44705e-10 0.0163017 -0.018801 0.0259008 0.00238434 0.0102923 0.00812405 0.0342085 0.0255421 0.0147044 -0.0546881 0.0422807 -0.0350398 -0.00430445
internal_weight=15463.5 11915.2 2557.6 9357.63 1519.55 1379.24 2983.49 6374.14 3083.97 2591.68 3548.25 3290.18 391.809 144.464
internal_count=4026819 1980834 1399668 581166 337324 284032 466293 114873 90446 282683 2045985 24427 183610 10581
is_linear=0
shrinkage=0.05


Tree=16
num_leaves=15
num_cat=0
split_feature=3 9 9 5 9 5 9 5 3 12 12 2 2 7
split_gain=5273.42 1550.2 1063.39 919.423 484.573 263.82 255.527 246.221 156.957 112.236 90.0239 79.7615 74.817 64.6016
threshold=0.78031452551660629 0.8783184218083816 0.86060534822215717 0.01529434542569348 0.85922992036498702 0.010466718809959504 0.85853031175750594 0.017555461459510761 0.99602594540369516 1.0000000180025095e-35 1.0000000180025095e-35 1.0000000180025095e-35 1.0000000180025095e-35 1.9166666666666667
decision_type=2 2 2 2 2 2 2 2 2 2 2 2 2 2
left_child=7 2 3 4 -2 8 -5 -1 -3 12 -10 -9 -7 -13
right_child=1 5 -4 6 -6 9 -8 11 10 -11 -12 13 -14 -15
leaf_value=-0.055439291025860218 -0.030192334807278967 -0.064219694787308532 -0.085595600060568044 0.012665415288240818 0.041464013727631414 0.011963135947564164 0.047781756576745771 -0.058523672644720394 0.018728967171329776 -0.06453549830890308 -0.078281462923720249 -0.055704936650061689 0.039899811102924038 0.02268564576360358
leaf_weight=3450.0302922679621 1926.1354104324928 57.220520911665517 366.18344668885402 1837.7043068268831 264.35128872771747 257.71108029165771 719.63202583437669 46.749832742440049 1349.507343188292 22.257141302485252 19.50409409427084 26.076944743021159 4818.3924447646423 169.53112234105356
leaf_count=2099076 1347099 21453 107417 202114 20057 10176 5196 8797 107814 20237 26237 3707 38650 8789
internal_value=-3.93226e-10 0.0165194 -0.0040918 0.00227774 -0.02147 0.0326652 0.0226211 -0.0520218 0.0135929 0.0379821 0.017067 -0.00323571 0.0384946 0.0111073
internal_weight=15331 11638.6 5114.01 4747.82 2190.49 6524.59 2557.34 3692.39 1426.23 5098.36 1369.01 242.358 5076.1 195.608
internal_count=4026819 1906450 1681883 1574466 1367156 224567 207310 2120369 155504 69063 134051 21293 48826 12496
is_linear=0
shrinkage=0.05


Tree=17
num_leaves=15
num_cat=0
split_feature=3 9 5 5 7 5 2 9 12 7 2 2 9 6
split_gain=5029.72 1505.6 644.503 538.804 441.744 234.992 198.01 111.803 103.868 94.8797 82.7124 70.1115 63.4868 59.6561
threshold=0.78031452551660629 0.81952745268246663 0.017964693842742626 0.025082482337882937 1.0000000180025095e-35 0.017555461459510761 1.0000000180025095e-35 0.87876017029044262 1.0000000180025095e-35 0.29166666666666669 1.0000000180025095e-35 1.0000000180025095e-35 0.80090909090909101 0.28239055070762292
decision_type=2 2 2 2 2 2 2 2 2 2 2 2 2 2
left_child=5 3 4 9 7 -1 -6 -3 10 -2 -4 -7 -11 -13
right_child=1 2 8 -5 6 11 -8 -9 -10 12 -12 13 -14 -15
leaf_value=-0.054820469974873068 -0.058217848643789288 -0.047063863739236322 0.010273304224836015 0.022868211141949316 -0.020660608000861343 -0.056907769102501796 0.019547936075593589 -0.0042310213822044354 -0.062870208691510568 -0.023651246358971589 0.038123572829850703 0.024207675531451943 -0.06167928323494537 -0.037869582767476012
leaf_weight=3375.0422729193888 555.87139483871579 352.5536239384237 287.05106135742972 411.10398231149884 328.86500609046197 45.051882764237234 3812.2723177205189 267.3271502796124 22.070629589434247 627.82382024332765 4764.3494837867911 152.62009673957073 132.53068317334692 46.483204405376455
leaf_count=2099076 709644 252087 9516 12081 79269 8797 327577 60553 19605 292707 36831 6355 106580 6141
internal_value=-1.09645e-09 0.0161045 0.0236664 -0.0268927 0.0104368 -0.0513984 0.0163337 -0.0287736 0.0360587 -0.0424625 0.0365527 -0.00394281 -0.0306392 0.00914228
internal_weight=15181 11561.8 9834.49 1727.33 4761.02 3619.2 4141.14 619.881 5073.47 1316.23 5051.4 244.155 760.355 199.103
internal_count=4026819 1906450 785438 1121012 719486 2120369 406846 312640 65952 1108931 46347 21293 399287 12496
is_linear=0
shrinkage=0.05


Tree=18
num_leaves=15
num_cat=0
split_feature=3 9 5 5 7 5 5 2 5 7 9 5 9 9
split_gain=4707.97 1446.73 643.304 498.855 418.506 179.688 136.693 164.308 134.726 94.0001 82.4961 60.3724 59.7957 69.6095
threshold=0.75545504606331337 0.81952745268246663 0.014010605320051489 0.025082482337882937 1.0000000180025095e-35 0.0041287911265618553 0.026934874422620315 1.0000000180025095e-35 0.019235268406880484 0.29166666666666669 0.87876017029044262 0.0076336426567870461 0.80090909090909101 0.79909090909090918
decision_type=2 2 2 2 2 2 2 2 2 2 2 2 2 2
left_child=8 3 4 9 10 -6 7 -4 -1 -2 -3 -11 13 -5
right_child=1 2 6 12 5 -7 -8 -9 -10 11 -12 -13 -14 -15
leaf_value=-0.054834546888109043 -0.057363565363243441 -0.05333055130951634 -0.0090391473350828165 0.0058991108824326434 -0.0250305970080913 0.016295274666256156 0.044579076242237295 0.029847691853790461 -0.0053209241307951285 -0.054920953693199992 -0.012503850733699718 -0.021744155922184816 -0.058175886564111316 0.047920342789210243
leaf_weight=3154.1449120517209 570.44568189093843 296.86549873747572 286.76817395043327 219.70831842716143 287.02152380187181 2690.4790535230568 1579.1784052634612 4533.1423899000656 144.81907031143783 182.0101104428395 216.24637180143327 571.46184007207921 18.202157888532383 176.14999348664423
leaf_count=2035404 732018 249157 23057 7088 87742 287065 7432 109592 10581 181409 61365 229848 3418 1643
internal_value=-1.00901e-09 0.0149602 0.022354 -0.0270563 0.00507751 0.0122763 0.0317667 0.0275271 -0.0526723 -0.0420004 -0.0364112 -0.0300676 0.020657 0.0249623
internal_weight=14926.6 11627.7 9889.7 1737.98 3490.61 2977.5 6399.09 4819.91 3298.96 1323.92 513.112 753.472 414.06 395.858
internal_count=4026819 1980834 825410 1155424 685329 374807 140081 132649 2045985 1143275 310522 411257 12149 8731
is_linear=0
shrinkage=0.05


Tree=19
num_leaves=15
num_cat=0
split_feature=3 9 5 5 7 9 2 9 9 5 0 9 4 12
split_gain=4415.8 1348.6 629.112 365.118 290.401 318.101 229.729 207.039 177.127 125.079 102.998 79.3594 72.3889 64.001
threshold=0.75545504606331337 0.85853031175750594 0.020319018342061113 0.017218365100788221 0.29166666666666669 0.84016393442622961 1.0000000180025095e-35 0.84016393442622961 0.91721108664779505 0.019235268406880484 1.0000000180025095e-35 0.85988378061092996 0.75000000000000011 1.0000000180025095e-35
decision_type=2 2 2 2 2 2 2 2 2 2 2 2 2 2
left_child=9 2 4 6 12 -6 11 10 -8 -1 -4 -3 -2 -5
right_child=1 3 7 13 5 -7 8 -9 -10 -11 -12 -13 -14 -15
leaf_value=-0.05423339286000825 -0.05182462826360023 0.016678387827525485 -0.0076204043005687963 0.036268606193598507 -0.0047550168678445635 -0.074565363854426678 0.0082118070311311946 -0.076786504219146345 0.032117987821433706 -0.006523427174707476 0.029371948534869092 -0.044601857135799228 0.037447173980163583 -0.055390668458934991
leaf_weight=3037.2902722216168 806.23222688779788 67.476291787053924 230.5596618555428 4307.1547847689653 1403.0804531413596 179.78641323375632 1924.2800323319389 50.289425177586963 1297.6758638962638 145.40537025831873 976.80092209234135 206.33493732794886 19.979645388782956 14.901773851161122
leaf_count=2035404 932436 6636 25240 28038 502225 79293 227652 8008 40614 10581 42358 73888 1422 13024
internal_value=6.65275e-10 0.0144457 -0.0105628 0.0261745 -0.0255089 -0.0128941 0.0141298 0.0180548 0.0178751 -0.0520674 0.0223055 -0.0294721 -0.0494536 0.0358889
internal_weight=14667.2 11484.6 3666.73 7817.82 2409.08 1582.87 3495.77 1257.65 3221.96 3182.7 1207.36 273.811 826.212 4322.06
internal_count=4026819 1980834 1590982 389852 1515376 581518 348790 75606 268266 2045985 67598 80524 933858 41062
is_linear=0
shrinkage=0.05


Tree=20
num_leaves=15
num_cat=0
split_feature=3 9 5 5 2 9 9 9 5 4 10 5 3 4
split_gain=4148.61 1299.75 490.893 446.137 327.925 316.502 382.664 223.883 120.316 69.9854 114.83 51.575 49.8155 43.1366
threshold=0.75545504606331337 0.83897827363476229 0.011515544968976872 0.018796284373825072 1.0000000180025095e-35 0.81999668242514734 0.81975246368688992 0.8783184218083816 0.019235268406880484 0.29166666666666669 1.0000000180025095e-35 0.0065789772496372429 0.60009053479551133 0.0033389074693422525
decision_type=2 2 2 2 2 2 2 2 2 2 2 2 2 2
left_child=8 2 13 4 11 6 -4 -6 -1 10 -5 -3 -10 -2
right_child=1 3 5 9 7 -7 -8 -9 12 -11 -12 -13 -14 -15
leaf_value=-0.053699088164679623 -0.027426460473490268 -0.058017494950453177 -0.009007900906925416 0.03123843477736965 -0.0028901974818928717 -0.069656679689816647 0.051249217230323565 0.023095749054321268 -0.053718845763709715 0.045298511820788097 -0.076588304794710071 -0.018799519778635004 0.010354648000408901 -0.053160952211903513
leaf_weight=2926.2366772281966 235.79117806965223 120.06812755297869 986.29893970268313 3245.8906675835606 1139.2356925435306 144.46625398004835 353.98128473525867 3027.3668660428666 36.39342031016713 1090.0018191111449 20.284515069448389 280.22944798333629 109.34232119019725 697.31710434319393
leaf_count=2035404 229709 72524 281853 39584 243327 53292 2179 169441 4675 4247 802 51241 5906 832635
internal_value=-6.10099e-10 0.0139649 -0.0185249 0.022774 0.0118352 -0.000633219 0.00703793 0.0159957 -0.0514936 0.0342151 0.0304527 -0.0311335 -0.00689705 -0.0468388
internal_weight=14412.9 11340.9 2417.85 8923.08 4566.9 1484.75 1340.28 4166.6 3071.97 4356.18 3266.18 400.298 145.736 933.108
internal_count=4026819 1980834 1399668 581166 536533 337324 284032 412768 2045985 44633 40386 123765 10581 1062344
is_linear=0
shrinkage=0.05


Tree=21
num_leaves=15
num_cat=0
split_feature=3 9 5 5 7 9 2 12 5 4 7 9 9 6
split_gain=3924.11 1199.46 549.206 433.273 355.511 165.831 135.576 119.077 113.585 89.8168 79.2986 62.0203 55.0028 52.0524
threshold=0.75545504606331337 0.81952745268246663 0.014010605320051489 0.025082482337882937 1.0000000180025095e-35 0.91721108664779505 1.0000000180025095e-35 1.0000000180025095e-35 0.019235268406880484 0.75000000000000011 0.29166666666666669 0.87876017029044262 0.80090909090909101 0.47628966848860937
decision_type=2 2 2 2 2 2 2 2 2 2 2 2 2 2
left_child=8 3 4 10 11 -6 9 -8 -1 -4 -2 -3 -12 -5
right_child=1 2 6 13 5 -7 7 -9 -10 -11 12 -13 -14 -15
leaf_value=-0.05323122754442932 -0.055539400978589504 -0.051083026982322956 -0.013216992778341125 0.022543614562413307 0.0018817962678585631 0.02677816495410372 0.031601977084582782 -0.064919800449163734 -0.0075850654676415559 0.044163576078740246 -0.022856749172593827 -0.014807357764590846 -0.059212033599695173 -0.066248831009872708
leaf_weight=2827.9586172613126 513.13537459869258 269.05988943116972 290.41381668709801 390.71704392723041 1871.36198103075 1036.6139722591615 5771.1014722768741 27.655292290321086 145.07306703994982 83.666395836975425 603.29569716949482 216.49064924959384 125.28148418736237 12.47085640041041
leaf_count=2035404 732018 249157 24045 9913 339301 35506 86949 28456 10581 631 300395 61365 110862 2236
internal_value=2.5593e-10 0.0135464 0.0203285 -0.0258387 0.00416179 0.0107874 0.0292056 0.0310861 -0.0510203 2.9922e-05 -0.0404222 -0.0352247 -0.0294691 0.0190194
internal_weight=14184.3 11211.3 9566.36 1644.9 3393.53 2907.98 6172.84 5798.76 2973.03 374.08 1241.71 485.551 728.577 403.188
internal_count=4026819 1980834 825410 1155424 685329 374807 140081 115405 2045985 24676 1143275 310522 411257 12149
is_linear=0
shrinkage=0.05


Tree=22
num_leaves=15
num_cat=0
split_feature=3 9 5 5 12 2 9 5 7 2 12 9 9 7
split_gain=3687.57 1090.73 538.532 397.302 283.306 264.17 143.352 107.136 75.7772 62.7249 55.6032 50.098 49.5733 42.1118
threshold=0.75545504606331337 0.81952745268246663 0.0064656215614499789 0.025082482337882937 1.0000000180025095e-35 1.0000000180025095e-35 0.87913301857985127 0.019235268406880484 0.29166666666666669 1.0000000180025095e-35 1.0000000180025095e-35 0.80090909090909101 0.80090909090909101 1.9166666666666667
decision_type=2 2 2 2 2 2 2 2 2 2 2 2 2 2
left_child=7 3 6 8 5 -4 -3 -1 -2 -8 12 -10 -5 -9
right_child=1 2 4 10 -6 -7 9 13 11 -11 -12 -13 -14 -15
leaf_value=-0.052767687416976274 -0.054841997159505385 -0.042472758600974353 -0.0076718085730851848 0.025235202012762172 -0.07740838535862439 0.02666735495582942 -0.057417732053036366 -0.055262027602409572 -0.022464280814556117 0.0035296025030529181 -0.072862922303585875 -0.058183329739049855 -0.05396422149843963 0.0063138344374173705
leaf_weight=2716.1827936476911 485.12416030556778 341.67818883420114 600.72680918039987 373.803342374973 64.382874802133301 7889.3987390509137 40.968381137063261 31.378723185975105 588.52988783095498 512.49071583802288 11.517074003524611 117.27273834645894 16.243075105652679 113.90647504184744
leaf_count=2035404 732018 282817 82009 6683 69654 286033 26813 3951 300395 78084 3191 110862 2275 6630
internal_value=7.61073e-10 0.013112 0.0195637 -0.0251128 0.0234248 0.0242346 -0.017261 -0.0505326 -0.0395734 -0.00145555 0.0177324 -0.0287667 0.0212958 -0.00838144
internal_weight=13903.6 11042.1 9449.65 1592.49 8554.51 8490.13 895.137 2861.47 1190.93 553.459 401.563 705.803 390.046 145.285
internal_count=4026819 1980834 825410 1155424 437696 368042 387714 2045985 1143275 104897 12149 411257 8958 10581
is_linear=0
shrinkage=0.05


Tree=23
num_leaves=15
num_cat=0
split_feature=3 9 9 9 9 5 12 5 9 2 9 9 3 2
split_gain=3463.27 1037.61 823.641 654.672 488.149 203.916 123.381 101.556 91.7196 71.8024 57.0794 52.9594 40.2168 40.1233
threshold=0.75545504606331337 0.8783184218083816 0.86060534822215717 0.85853031175750594 0.84016393442622961 0.006913922433489028 1.0000000180025095e-35 0.019235268406880484 0.87985343283963358 1.0000000180025095e-35 0.95673159541188746 0.85996884124507644 0.60009053479551133 1.0000000180025095e-35
decision_type=2 2 2 2 2 2 2 2 2 2 2 2 2 2
left_child=7 2 3 4 -2 9 8 -1 -7 -3 -11 -5 -9 -14
right_child=1 5 -4 11 -6 6 -8 12 -10 10 -12 -13 13 -15
leaf_value=-0.052343105941924206 -0.0037778425675876813 -0.057644639589976759 -0.079821906434450418 0.038553842524532395 -0.07070876822648324 0.042420409069166894 -0.065550118118679654 -0.051541423966745853 0.02640732515395593 -0.00099181726350478015 0.050819434316220338 -0.0155846506383042 -0.048993665401668572 0.021582532361178242
leaf_weight=2607.1967676506902 3115.3563283719923 46.034393343987176 335.80611588782631 965.84894269416691 293.60226144738408 1146.7208734903543 29.630388173842221 35.478404172637966 4365.2756928137387 532.81406928246724 54.02841289358912 44.814188726741122 20.753278868738562 88.245800624252297
leaf_count=2035404 1435078 29897 113464 29766 155904 11389 33226 4675 78769 86224 906 6211 2743 3163
internal_value=-4.63524e-10 0.0126261 -0.00492649 0.000847893 -0.0096375 0.0261377 0.0292058 -0.0500843 0.0297741 -0.000745413 0.00416729 0.0360884 -0.008935 0.00658543
internal_weight=13681.6 10929.9 4755.43 4419.62 3408.96 6174.5 5541.63 2751.67 5512 632.877 586.842 1010.66 144.477 108.999
internal_count=4026819 1980834 1740423 1626959 1590982 240411 123384 2045985 90158 117027 87130 35977 10581 5906
is_linear=0
shrinkage=0.05


Tree=24
num_leaves=15
num_cat=0
split_feature=3 9 5 5 5 9 9 9 9 10 7 0 9 6
split_gain=3318.88 797.239 738.569 372.514 314.974 226.254 513.812 159.193 115.633 86.1473 75.75 73.0924 97.451 54.3684
threshold=0.86303578372723544 0.81952745268246663 0.017555461459510761 0.017964693842742626 0.025082482337882937 0.91721108664779505 0.90052559257986953 0.83962254137664216 0.9196762849881911 1.0000000180025095e-35 0.29166666666666669 1.5000000000000002 0.87876017029044262 0.33109348253578813
decision_type=2 2 2 2 2 2 2 2 2 2 2 2 2 2
left_child=2 4 -1 5 10 6 -3 -4 -7 13 -2 12 -5 -9
right_child=1 3 7 11 -6 8 -8 9 -10 -11 -12 -13 -14 -15
leaf_value=-0.051099684047526878 -0.053799666389029992 0.0070413214015707928 -0.04225256107623946 0.01429423969032655 0.017748652325197501 0.043386507703685989 -0.090364421456165328 0.030178163128179693 0.01378398986080019 -0.069005016758488538 -0.024608594095890408 0.044364281116128397 0.03301984275324911 -0.032431502293124789
leaf_weight=3009.7250225418102 353.66215699561144 2775.9967234197975 118.74281006793899 981.29225588588452 386.38058235406061 598.05123437513248 137.31771233942709 448.73109469181509 743.91464471508516 20.618574402382364 632.3919979568891 838.1626863367419 2476.0936480883101 33.510365518566687
leaf_count=2287227 615178 572561 18891 35742 11570 14039 27206 9975 31304 2000 374305 7286 16211 3324
internal_value=-2.24828e-10 0.0149678 -0.0408665 0.0206454 -0.0203529 0.0101422 0.00230319 0.0086938 0.0270885 0.0210216 -0.035297 0.0310263 0.0277334 0.0255393
internal_weight=13554.6 9923.26 3631.33 8550.83 1372.43 4255.28 2913.31 621.603 1341.97 502.86 986.054 4295.55 3457.39 482.241
internal_count=4026819 1705402 2321417 704349 1001053 645110 599767 34190 45343 15299 989483 59239 51953 13299
is_linear=0
shrinkage=0.05


Tree=25
num_leaves=15
num_cat=0
split_feature=3 9 5 5 7 9 9 12 9 5 4 5 3 2
split_gain=3141.25 1057.3 392.068 355.98 310.284 294.908 335.927 179.154 120.843 100.336 67.1371 61.4069 38.2469 37.9039
threshold=0.75545504606331337 0.83897827363476229 0.01136377145058322 0.020939651203355527 1.0000000180025095e-35 0.81999668242514734 0.81975246368688992 1.0000000180025095e-35 0.83996479752902908 0.019235268406880484 0.29166666666666669 0.025082482337882937 0.60009053479551133 1.0000000180025095e-35
decision_type=2 2 2 2 2 2 2 2 2 2 2 2 2 2
left_child=9 2 -2 4 8 6 -4 -6 -3 -1 11 -5 -11 -14
right_child=1 3 5 10 7 -7 -8 -9 -10 12 -12 -13 13 -15
leaf_value=-0.05163560748307168 -0.044959496634280845 0.05156108096643696 -0.0095174935719093811 0.019073927958421343 0.01682657683682225 -0.067285723555979116 0.048357973919307989 -0.076795058821446188 -0.032668960653149538 -0.049760737116542768 0.043877109756196069 0.0352746271479943 -0.047569163790902258 0.022491724341559351
leaf_weight=2458.8499064502539 852.19603481330705 42.353350856894394 961.03421823393728 1084.4078570358106 4555.1527545203571 150.72906442002568 333.68772126929252 46.823766586356214 465.79857934627216 34.381258613837417 963.18843613934587 1329.9464245265408 19.668033302528784 85.055527797143441
leaf_count=2035404 1055255 5096 287679 17943 301019 54550 2184 53925 191148 4675 3594 8441 2743 3163
internal_value=-1.77435e-10 0.0118931 -0.0181675 0.0200365 0.0116934 -0.00227124 0.00552736 0.0157917 -0.0252146 -0.0493016 0.0326235 0.0280525 -0.00768589 0.00776557
internal_weight=13383.3 10785.3 2297.65 8487.67 5110.13 1445.45 1294.72 4601.98 508.152 2597.95 3377.54 2414.35 139.105 104.724
internal_count=4026819 1980834 1399668 581166 551188 344413 289863 354944 196244 2045985 29978 26384 10581 5906
is_linear=0
shrinkage=0.05


Tree=26
num_leaves=15
num_cat=0
split_feature=3 9 5 5 9 9 2 6 9 9 9 5 4 7
split_gain=2970.52 965.284 376.174 352.188 253.331 322.202 209.042 156.436 106.921 725.122 158.777 97.4979 70.1606 35.3685
threshold=0.75545504606331337 0.83897827363476229 0.01136377145058322 0.013258394768962253 0.81999668242514734 0.81975246368688992 1.0000000180025095e-35 0.20478012139378513 0.89801093933908993 0.8804088443888195 0.90052559257986953 0.019235268406880484 0.003384104443426478 1.9166666666666667
decision_type=2 2 2 2 2 2 2 2 2 2 2 2 2 2
left_child=11 2 -2 6 5 -4 12 -8 9 -5 -10 -1 -3 -13
right_child=1 3 4 8 -6 -7 7 -9 10 -11 -12 13 -14 -15
leaf_value=-0.051279125714923282 -0.04452217716870599 -0.0092779080752985969 -0.0097914181946051893 0.025600867736621388 -0.065086534731463586 0.04708569783076709 0.015913149308342242 -0.014683365449626529 0.047497748683923813 -0.087108773947020712 0.023505661871553632 -0.052248199249596283 -0.058317996898593696 0.0059762605256530772
leaf_weight=2369.5257060633739 816.72914877728181 142.96003681628645 956.27642415478476 2553.6562786494032 138.39459908589197 331.10914689366473 1990.3948100842535 524.16365224735637 1168.1761915228853 146.29540533559339 1725.5403429187136 28.992703129013535 148.82463614094013 108.65354769508122
leaf_count=2035404 1055255 43675 287679 73340 54550 2184 261530 93085 6447 17106 17980 3951 68003 6630
internal_value=3.95436e-10 0.0115389 -0.017577 0.0193176 -0.00204041 0.00496266 0.00485163 0.00951878 0.0265644 0.019344 0.0332563 -0.0489061 -0.0348519 -0.00768919
internal_weight=13149.7 10642.5 2242.51 8400.01 1425.78 1287.39 2806.34 2514.56 5593.67 2699.95 2893.72 2507.17 291.785 137.646
internal_count=4026819 1980834 1399668 581166 344413 289863 466293 354615 114873 90446 24427 2045985 111678 10581
is_linear=0
shrinkage=0.05


Tree=27
num_leaves=15
num_cat=0
split_feature=3 9 9 9 5 5 2 12 9 4 5 9 9 9
split_gain=2830.61 938.672 675.707 577.712 420.454 203.523 131.763 109.583 100.926 98.6605 91.0113 79.3113 49.1474 33.517
threshold=0.75545504606331337 0.8783184218083816 0.86060534822215717 0.85890958452577737 0.020319018342061113 0.0060976627033537617 1.0000000180025095e-35 1.0000000180025095e-35 0.93661833775781111 0.75000000000000011 0.019235268406880484 0.91989394814336622 0.85996884124507644 0.81952745268246663
decision_type=2 2 2 2 2 2 2 2 2 2 2 2 2 2
left_child=10 2 3 4 -2 8 9 -8 11 -7 -1 -3 -5 -12
right_child=1 5 -4 12 -6 6 7 -9 -10 -11 13 -13 -14 -15
leaf_value=-0.050950989262602601 -0.022442375084505545 -0.011267666537820797 -0.075638761787784184 0.038547051940651701 0.014461549813032354 -0.020115361106806527 0.02960261132347964 -0.062029813854699661 0.030368096424319958 0.046171193643050085 -0.04351114535283019 -0.082915843709148493 -0.015472774744467323 0.0079736005029643515
leaf_weight=2292.5612851526384 2236.9293119200956 318.4612005942472 316.48513949898188 824.50803285572329 1172.8313103078253 236.10417777513794 5108.34434554982 28.345330403783009 130.79712350599584 68.213681028690189 41.447568956762552 39.367758267850149 41.795619383061421 95.306716848281212
leaf_count=2035404 1521060 84328 113464 23853 75835 27188 77493 34216 7507 135 5097 9544 6211 5484
internal_value=1.85835e-10 0.0112361 -0.00573059 -0.000474163 -0.0097462 0.0243706 0.0271447 0.0290371 -0.00648171 -0.00475089 -0.0485903 -0.0201843 0.035867 -0.00861477
internal_weight=12951.5 10522.2 4592.55 4276.06 3409.76 5929.63 5441.01 5136.69 488.626 304.318 2429.32 357.829 866.304 136.754
internal_count=4026819 1980834 1740423 1626959 1596895 240411 139032 111709 101379 27323 2045985 93872 30064 10581
is_linear=0
shrinkage=0.05


Tree=28
num_leaves=15
num_cat=0
split_feature=3 9 2 5 5 9 4 5 7 12 7 9 6 9
split_gain=2695.5 922.699 439.035 312.345 297.084 202.369 120.039 89.3836 77.6469 61.8618 61.8599 49.565 141.062 73.8049
threshold=0.75545504606331337 0.81952745268246663 1.0000000180025095e-35 0.025082482337882937 0.017964693842742626 0.89801093933908993 0.75000000000000011 0.019235268406880484 0.29166666666666669 1.0000000180025095e-35 0.29166666666666669 0.79909090909090918 0.31854980699365026 0.80090909090909101
decision_type=2 2 2 2 2 2 2 2 2 2 2 2 2 2
left_child=7 3 6 10 5 -4 8 -1 -3 -6 -2 12 -5 -13
right_child=1 2 4 11 9 -7 -8 -9 -10 -11 -12 13 -14 -15
leaf_value=-0.050673232252077788 -0.053004778837696824 -0.059639620440048224 2.1228191792068587e-08 0.022691930225047275 0.030181236614379638 0.022490282961353636 0.03893991316307796 -0.0087546307890628543 -0.017517959071825035 -0.05494849205245516 -0.02857257461845213 0.043227111194259392 -0.063835271158504056 -0.052983680496537268
leaf_weight=2217.7208583804677 445.35419561906747 135.67460552164994 2107.8844177748251 153.47205399896484 4140.6846525979345 1898.4044126984663 73.85381688142661 137.34861650303355 529.66185918966949 17.067695942299906 678.02084867194208 160.51340118289227 62.036917546822224 18.368887493707007
leaf_count=2035404 732018 93694 489702 1623 38584 89228 650 10581 95750 17802 411257 1643 5465 3418
internal_value=9.83833e-10 0.0109226 0.0170665 -0.0250553 0.0204084 0.0106719 -0.0197334 -0.0482522 -0.0264881 0.0297662 -0.0384505 0.013103 -0.00309866 0.0321755
internal_weight=12776.1 10421 8903.23 1517.77 8164.04 4006.29 739.19 2355.07 665.336 4157.75 1123.38 394.391 215.509 178.882
internal_count=4026819 1980834 825410 1155424 635316 578930 190094 2045985 189444 56386 1143275 12149 7088 5061
is_linear=0
shrinkage=0.05


Tree=29
num_leaves=15
num_cat=0
split_feature=3 9 5 5 9 9 2 9 5 6 5 4 3 2
split_gain=2548.69 843.302 339.956 323.216 226.67 293.838 189.741 143.811 98.3471 119.595 84.2416 57.885 32.1082 33.7539
threshold=0.75545504606331337 0.83897827363476229 0.01136377145058322 0.014010605320051489 0.81999668242514734 0.81975246368688992 1.0000000180025095e-35 0.91721108664779505 0.026934874422620315 0.22237479531089513 0.019235268406880484 0.003384104443426478 0.60009053479551133 1.0000000180025095e-35
decision_type=2 2 2 2 2 2 2 2 2 2 2 2 2 2
left_child=10 2 -2 6 5 -4 11 -8 9 -5 -1 -3 -12 -14
right_child=1 3 4 8 -6 -7 7 -9 -10 -11 12 -13 13 -15
leaf_value=-0.050377753463447174 -0.043995823751840878 -0.0095615211285402582 -0.0099944270083836412 0.03398075525876279 -0.063205199147181743 0.045122986002675169 -3.0911814788523119e-05 0.023878438353159809 0.037857544692424777 0.015416590918079507 -0.048083149984145916 -0.054063512632014789 -0.046435605995068692 0.019541490210715287
leaf_weight=2129.8973683790646 760.50160122705711 141.93382079014555 936.74969769390009 1300.694121856679 133.51794793645968 320.39676122821402 1669.5775740136305 1004.0024359630188 1228.6094762471039 2641.3478442074265 33.933698445238406 151.50912194987177 19.975603573082481 82.1783265430131
leaf_count=2035404 1055255 43870 287679 18891 54550 2184 326357 37615 5877 78185 4675 70371 2743 3163
internal_value=6.17047e-11 0.0105772 -0.0172358 0.0179355 -0.00249661 0.00417592 0.00476958 0.00897552 0.0254784 0.0215772 -0.0479438 -0.0330594 -0.00941413 0.00507529
internal_weight=12554.8 10288.8 2151.17 8137.67 1390.66 1257.15 2967.02 2673.58 5170.65 3942.04 2265.98 293.443 136.088 102.154
internal_count=4026819 1980834 1399668 581166 344413 289863 478213 363972 102953 97076 2045985 114241 10581 5906
is_linear=0
shrinkage=0.05


Tree=30
num_leaves=15
num_cat=0
split_feature=3 9 5 5 5 6 5 12 9 9 4 10 7 2
split_gain=2420.95 587.264 554.4 328.026 259.131 175.737 171.663 138.293 124.068 103.889 76.564 62.8935 59.8968 55.548
threshold=0.86303578372723544 0.81952745268246663 0.017555461459510761 0.010769848843185359 0.025082482337882937 1.0000000180025095e-35 0.0060976627033537617 1.0000000180025095e-35 0.83962254137664216 0.91721108664779505 0.0033389074693422525 1.0000000180025095e-35 0.29166666666666669 1.0000000180025095e-35
decision_type=2 2 2 2 2 2 2 2 2 2 2 2 2 2
left_child=2 4 -1 5 12 6 -3 9 -4 -5 -7 13 -2 -10
right_child=1 3 8 7 -6 10 -8 -9 11 -11 -12 -13 -14 -15
leaf_value=-0.048961787669378101 -0.051696334039514659 -0.014422609344126511 -0.040741582449770837 0.020094969030233806 0.016009095229345006 -0.0072510518755564456 0.01769118492826878 -0.067672048802957616 -0.029288047850408529 0.03502443706919655 -0.059647609547126702 -0.063042907959552044 -0.023985967523343556 0.027313714208383646
leaf_weight=2467.9363452159851 305.76569156788901 641.51440602423099 110.15315632655984 4312.724864094751 365.88900286803255 129.26605203228246 1164.2982104894763 36.588841100863647 44.498198412737111 1615.6804315873305 150.43166238041158 18.47890766497585 575.63258810240222 394.98094762341498
leaf_count=2287227 615178 265769 18891 149825 11570 43734 120545 41929 3724 8402 74145 2000 374305 9575
internal_value=4.0891e-10 0.0126603 -0.0387287 0.0176067 -0.0192088 0.000534391 0.00627445 0.0235701 0.00576426 0.0241898 -0.0359845 0.0172696 -0.0338363 0.0213177
internal_weight=12333.8 9297.79 3036.05 8050.5 1247.29 2085.51 1805.81 5964.99 568.111 5928.41 279.698 457.958 881.398 439.479
internal_count=4026819 1705402 2321417 704349 1001053 504193 386314 200156 34190 158227 117879 15299 989483 13299
is_linear=0
shrinkage=0.05


Tree=31
num_leaves=15
num_cat=0
split_feature=2 9 5 5 3 12 9 10 9 5 6 5 4 5
split_gain=2295.05 784.38 424.22 310.95 206.519 201.762 178.773 173.941 139.718 107.216 80.8875 67.0713 51.5315 48.674
threshold=1.0000000180025095e-35 0.81952745268246663 0.006913922433489028 0.025082482337882937 0.8329330341608181 1.0000000180025095e-35 0.91806030175696174 1.0000000180025095e-35 0.79909090909090918 0.026934874422620315 0.41211278936557644 0.005388481319525437 0.0033389074693422525 0.010379922662753383
decision_type=2 2 2 2 2 2 2 2 2 2 2 2 2 2
left_child=4 3 6 13 -1 7 -3 -4 -6 11 -5 -10 -8 -2
right_child=1 2 5 10 8 -7 12 -9 9 -11 -12 -13 -14 -15
leaf_value=-0.052480524678840637 -0.049466185038780586 -0.02853080284278077 0.022972273895584067 0.023619715976385087 -0.064451979434617931 -0.068432221869505858 0.024380906353044692 -0.035202008948250603 -0.056417893678355903 0.03319223781779173 -0.070022418576781931 -0.013622799546513518 -0.02910122970557882 -0.026599999304607422
leaf_weight=1651.9614456648669 510.70802732528682 662.67216556599305 7080.4017894174758 312.3513146925834 159.96685284951673 57.591223945542879 283.23143472685842 126.60286618435202 106.40993860871822 101.56112823379226 20.057404562539887 548.60943150463572 49.015506510320847 468.99393331453393
leaf_count=1593698 871241 434607 300798 6632 140664 68836 19758 31636 109810 1906 4089 136601 11504 295039
internal_value=3.56443e-10 0.011265 0.0169711 -0.024582 -0.0419198 0.0211637 -0.0135949 0.0219267 -0.0227038 -0.0135117 0.0170155 -0.0209497 0.0161764 -0.0387105
internal_weight=12140.1 9571.63 8259.51 1312.11 2568.51 7264.6 994.919 7207 916.547 756.58 332.409 655.019 332.247 979.702
internal_count=4026819 2044140 867139 1177001 1982679 401270 465869 332434 388981 248317 10721 246411 31262 1166280
is_linear=0
shrinkage=0.05


Tree=32
num_leaves=15
num_cat=0
split_feature=3 9 9 9 5 5 2 9 9 9 9 9 9 5
split_gain=2169.6 775.094 555.666 484.613 330.229 149.04 123.563 95.1548 71.9403 1053.16 107.976 43.4569 39.379 32.9388
threshold=0.7125367404868731 0.8783184218083816 0.86060534822215717 0.85890958452577737 0.012925980269730271 0.013258394768962253 1.0000000180025095e-35 0.87992121412429924 0.90052559257986953 0.91721108664779505 0.89844229106956019 0.85996884124507644 0.8797551556860449 0.026934874422620315
decision_type=2 2 2 2 2 2 2 2 2 2 2 2 2 2
left_child=13 2 3 4 -2 6 12 -8 10 -10 -7 -5 -3 -1
right_child=1 5 -4 11 -6 8 7 -9 9 -11 -12 -13 -14 -15
leaf_value=-0.049340704140419876 -0.029844867648931274 0.012082755244615077 -0.072181017237261336 0.034991587198964266 0.0026448422010232498 0.02262010922804961 0.038084547631405619 0.0076309975515929515 -0.096044700511212319 0.033067000973890183 0.045059330046232381 -0.016898795094590382 -0.058666150039020593 0.021825452153740692
leaf_weight=1896.5807929415969 1301.2631560479895 23.778341048135189 295.26336901746981 785.24254858551285 1947.2596805605426 1178.4079085211852 307.06836455169832 1464.7690891991442 172.41297875535383 1443.3764612011582 1011.9479398789845 39.677776814787649 78.192003767806455 13.785225078812799
leaf_count=1945043 1364460 5027 118671 24560 316856 26238 17201 132801 6941 11476 5843 6402 44819 481
internal_value=4.92788e-10 0.00929168 -0.00653869 -0.00169795 -0.0103954 0.0214626 0.00988284 0.0130011 0.0271429 0.0190363 0.0330661 0.0324089 -0.0423747 -0.0487715
internal_weight=11959 10048.7 4368.71 4073.44 3248.52 5679.95 1873.81 1771.84 3806.15 1615.79 2190.36 824.92 101.97 1910.37
internal_count=4026819 2081295 1830949 1712278 1681316 250346 199848 150002 50498 18417 32081 30962 49846 1945524
is_linear=0
shrinkage=0.05


Tree=33
num_leaves=15
num_cat=0
split_feature=3 9 9 9 7 5 7 12 9 3 1 2 7 5
split_gain=2087.44 770.122 456.971 481.321 308.067 235.929 166.273 120.969 72.3211 57.487 50.4605 51.0931 33.791 42.5215
threshold=0.7125367404868731 0.85853031175750594 0.84016393442622961 0.83897827363476229 0.29166666666666669 0.018796284373825072 1.0000000180025095e-35 1.0000000180025095e-35 0.83996479752902908 0.88974513662052768 0.32255244755244761 1.0000000180025095e-35 4.2916666666666679 0.0081522895959427726
decision_type=2 2 2 2 2 2 2 2 2 2 2 2 2 2
left_child=12 2 3 4 -2 6 9 -8 -5 -3 11 -7 -1 -14
right_child=1 5 -4 8 -6 10 7 -9 -10 -11 -12 -13 13 -15
leaf_value=-0.050516921199643086 -0.049208005279972468 -0.058480024589832452 -0.068029090260604649 0.036163213428600287 -0.005703837104750786 0.0035928153543772707 0.014137619164014709 -0.072427744849116835 -0.0080359921138041523 -0.011233426295583002 -0.061183861312301802 0.030252568093689265 -0.049313430282387244 0.0035967374187397074
leaf_weight=1716.3295380065501 549.06873138308219 83.608658441378793 315.35806805823086 626.4953336933977 1538.5632165814677 192.55660502190585 3243.8889843649449 35.982247546955477 106.54048910857819 248.16761332727765 11.200246148277072 3031.9331450774043 74.64496265573689 71.361308025407197
leaf_count=1821421 930624 37065 163438 22789 544186 5210 207320 45314 14152 84596 264 26337 94062 30041
internal_value=4.42411e-10 0.00907148 -0.0114364 -0.00499998 -0.0172361 0.0184654 0.0096602 0.0130791 0.0297283 -0.0238312 0.0282636 0.0286686 -0.0485232 -0.0241905
internal_weight=11845.7 9983.36 3136.03 2820.67 2087.63 6847.34 3611.65 3279.87 733.036 331.776 3235.69 3224.49 1862.34 146.006
internal_count=4026819 2081295 1675189 1511751 1474810 406106 374295 252634 36941 121661 31811 31547 1945524 124103
is_linear=0
shrinkage=0.05


Tree=34
num_leaves=15
num_cat=0
split_feature=2 9 5 5 3 12 9 5 9 5 9 6 5 6
split_gain=1980.01 692.486 349.625 270.554 205.905 173.269 167.913 155.498 111.433 88.9423 69.805 65.2482 43.925 83.8049
threshold=1.0000000180025095e-35 0.81952745268246663 0.006913922433489028 0.025082482337882937 0.8329330341608181 1.0000000180025095e-35 0.91806030175696174 0.020939651203355527 0.79909090909090918 0.0065789772496372429 0.80090909090909101 0.41211278936557644 0.010379922662753383 0.21133323030462067
decision_type=2 2 2 2 2 2 2 2 2 2 2 2 2 2
left_child=4 3 6 12 -1 7 -3 -4 -6 -10 -11 -5 -2 -14
right_child=1 2 5 11 8 -7 -8 -9 9 10 -12 -13 13 -15
leaf_value=-0.051890132550107132 -0.048637119915981422 -0.027528102569517422 0.014045332958322715 0.020614645664263152 -0.061012881200351525 -0.065836790510315879 0.016712851085342217 0.029168224692806506 -0.049072358058639812 0.037638866224965539 -0.01157394760414859 -0.066377635420441547 0.0021621062600575532 -0.042065423964703981
leaf_weight=1497.5718758132862 466.76880281703416 628.02742313321869 4064.3598933161011 310.1375336862402 142.88965358405403 53.986040004216193 320.29583057932177 2941.0522254272364 136.2192819378688 78.373549249663483 528.56766403259826 18.302889908285579 165.79114818151356 295.19963559354801
leaf_count=1593698 871241 434607 310775 6632 140664 68836 31262 21659 135162 13857 99298 4089 56145 238894
internal_value=-8.73878e-10 0.0104607 0.0158765 -0.0239887 -0.0405921 0.0197049 -0.0125765 0.0204106 -0.0213125 -0.0133225 -0.00496355 0.0148442 -0.037742 -0.0263069
internal_weight=11647.5 9263.92 8007.72 1256.2 2383.62 7059.4 948.323 7005.41 886.05 743.16 606.941 328.44 927.76 460.991
internal_count=4026819 2044140 867139 1177001 1982679 401270 465869 332434 388981 248317 113155 10721 1166280 295039
is_linear=0
shrinkage=0.05


Tree=35
num_leaves=15
num_cat=0
split_feature=3 5 9 9 9 9 9 9 9 9 10 7 2 7
split_gain=1877.81 546.623 409.603 782.676 389.59 483.367 154.703 913.428 172.485 136.85 68.8295 68.007 104.597 200.625
threshold=0.90647176557959208 0.018334069402790903 0.89801093933908993 0.8804088443888195 0.8783184218083816 0.86060534822215717 0.90052559257986953 0.91721108664779505 0.91989394814336622 0.83962254137664216 1.0000000180025095e-35 1.9166666666666667 1.0000000180025095e-35 2.3666666666666671
decision_type=2 2 2 2 2 2 2 2 2 2 2 2 2 2
left_child=1 11 3 4 5 -2 -4 -8 -9 -3 -11 -1 -13 -14
right_child=2 9 6 -5 -6 -7 7 8 -10 10 -12 12 13 -15
leaf_value=-0.052357969580950375 0.0037435509617324116 -0.040548687664330847 0.039295729686418118 -0.082053015689464992 0.032577780849080022 -0.07140062566753734 -0.088508110130017928 0.03904690503908928 0.011054482742952646 0.022909074229559758 -0.057576306257890876 -0.048634739608359609 0.051553185776008481 -0.038082161321026341
leaf_weight=1557.8217560478042 3424.0729993804489 117.34181285934756 1185.4697058019956 255.05315169455571 1131.5116643495858 223.25192742754007 183.71182481487631 1189.0818679899239 1030.7691388450185 467.12089318915969 23.441358645417495 413.84379387497756 88.251155981371994 184.2688446790271
leaf_count=1757996 1323634 17650 27021 61192 29766 92591 29166 17882 30151 11854 1835 449934 50074 126073
internal_value=2.42976e-10 -0.0351334 0.0116342 0.00242642 0.00701625 -0.000947457 0.0245276 0.0171773 0.0261029 0.00688118 0.018521 -0.0465043 -0.032936 -0.00864937
internal_weight=11475 2852.09 8622.92 5033.89 4778.84 3647.32 3589.03 2403.56 2219.85 607.904 490.562 2244.19 686.364 272.52
internal_count=4026819 2415416 1611403 1507183 1445991 1416225 104220 77199 48033 31339 13689 2384077 626081 176147
is_linear=0
shrinkage=0.05


Tree=36
num_leaves=15
num_cat=0
split_feature=3 5 9 9 9 5 5 9 12 2 6 5 7 2
split_gain=1811.56 510.916 445.998 410.629 296.695 191.701 167.933 128.985 88.0593 82.552 71.0644 92.9756 69.0314 102.018
threshold=0.90647176557959208 0.018334069402790903 0.85853031175750594 0.84016393442622961 0.83931532534497422 0.0072092558130125352 0.013440890237077922 0.87876017029044262 1.0000000180025095e-35 1.0000000180025095e-35 0.21235353771178253 0.025082482337882937 1.9166666666666667 1.0000000180025095e-35
decision_type=2 2 2 2 2 2 2 2 2 2 2 2 2 2
left_child=1 12 3 4 5 -2 8 -3 9 -4 -8 -12 -1 -14
right_child=2 7 6 -5 -6 -7 10 -9 -10 -11 11 -13 13 -15
leaf_value=-0.052087815094718104 -0.044667992427107762 -0.022252256151325797 -0.029649734718983075 -0.067166799215767126 0.031605748316259979 -0.0018929028954868109 0.03652099037545424 0.024535479202226231 -0.072007198690387103 0.0115362892679923 0.013254035510429982 0.031934515305180475 -0.048233271488172857 -0.008482901898814444
leaf_weight=1519.4111610218424 312.79950746968098 241.29216082590574 124.7594100837814 241.7934332122677 577.98207444894069 1492.6945457490219 1031.7046292283194 361.97937246994115 29.074779155402211 2009.5462685850071 1617.4235713932721 1143.3585920344922 400.60475830103314 272.28788105953208
leaf_count=1757996 598146 23797 47850 127698 23925 542277 10547 7542 41608 167961 45330 6061 449934 176147
internal_value=5.60776e-10 -0.0349198 0.0113899 -0.00577173 0.000584108 -0.00940652 0.0189531 0.00579258 0.00781202 0.00906512 0.0252897 0.0210342 -0.0461106 -0.0323294
internal_weight=11376.7 2795.58 8581.14 2625.27 2383.48 1805.49 5955.87 603.272 2163.38 2134.31 3792.49 2760.78 2192.3 672.893
internal_count=4026819 2415416 1611403 1292046 1164348 1140423 319357 31339 257419 215811 61938 51391 2384077 626081
is_linear=0
shrinkage=0.05


Tree=37
num_leaves=15
num_cat=0
split_feature=3 9 9 9 7 5 2 9 9 2 6 4 9 5
split_gain=1710.54 671.216 372.487 401.172 269.822 213.438 118.553 93.8327 69.9479 65.0389 43.1865 41.1197 38.1021 34.7236
threshold=0.7125367404868731 0.85853031175750594 0.84016393442622961 0.83897827363476229 0.29166666666666669 0.017964693842742626 1.0000000180025095e-35 0.89801093933908993 0.83996479752902908 1.0000000180025095e-35 0.21344212291210093 0.75000000000000011 0.85988378061092996 0.026934874422620315
decision_type=2 2 2 2 2 2 2 2 2 2 2 2 2 2
left_child=13 2 3 4 -2 6 12 -8 -5 11 -11 -7 -3 -1
right_child=1 5 -4 8 -6 9 7 -9 -10 10 -12 -13 -14 -15
leaf_value=-0.048150090351237518 -0.048423013899435152 0.007491553422581983 -0.065270230601362653 0.03294700409091552 -0.006449755795988419 -0.015215633842985464 -0.0001337096382924028 0.017812153311766617 -0.011036734088573769 0.038060078408331081 0.024250622763565811 0.035058566834596114 -0.037132128567355212 0.022457078680565064
leaf_weight=1605.4102396825183 506.76063998125755 62.872623556904728 285.34073209722555 607.48068402345234 1528.459787093474 146.63971789946663 1211.1637085652255 1822.0921563363663 103.53329500155814 780.68090266486979 2306.6666790111194 50.59110017423518 177.03933182681067 14.905408587190321
leaf_count=1945043 930624 6964 163438 22789 544186 5824 189210 91276 14152 3369 27727 180 81556 481
internal_value=7.60536e-10 0.00803542 -0.0114077 -0.00570285 -0.016994 0.0170256 0.00797116 0.010658 0.02651 0.0260228 0.0277984 -0.00177199 -0.0255236 -0.0474335
internal_weight=11209.6 9589.32 3031.58 2746.23 2035.22 6557.75 3273.17 3033.26 711.014 3284.58 3087.35 197.231 239.912 1620.32
internal_count=4026819 2081295 1675189 1511751 1474810 406106 369006 280486 36941 37100 31096 6004 88520 1945524
is_linear=0
shrinkage=0.05


Tree=38
num_leaves=15
num_cat=0
split_feature=3 9 9 9 5 5 5 6 9 5 7 7 3 7
split_gain=1617.52 623.584 450.492 397.451 252.101 139.84 65.2201 88.0065 57.7357 67.9052 40.0063 33.0697 40.1983 40.1404
threshold=0.7125367404868731 0.8783184218083816 0.86060534822215717 0.85890958452577737 0.0072092558130125352 0.010379922662753383 0.025082482337882937 0.21235353771178253 0.95673159541188746 0.0040328903190923445 3.5500000000000003 4.2916666666666679 0.50468130297553793 7.9166666666666679
decision_type=2 2 2 2 2 2 2 2 2 2 2 2 2 2
left_child=11 2 3 4 -2 8 7 -7 9 -3 -5 -1 -13 -14
right_child=1 5 -4 10 -6 6 -8 -9 -10 -11 -12 12 13 -15
leaf_value=-0.049490977193940203 -0.040727834258914811 -0.026121379458761796 -0.068478933315921739 0.023360581161884109 -0.0037376641506133238 0.029918945787987417 0.033360320427946552 0.012029576206974535 0.040768247650452748 0.0066567329307024928 0.052024874442570729 -0.045750856160982095 0.034082744846821104 -0.045525195671073354
leaf_weight=1417.7531005745877 559.22671142936451 181.99632371809275 271.61403090692329 628.73720122437226 2515.4694113333098 1169.1312346072955 1202.9666244476539 1688.2545229558018 97.067461592305335 1014.690393021825 153.69281680266431 75.132006876301602 41.805063475709176 19.027944483881583
leaf_count=1821421 922320 55289 118671 29079 758996 23475 5350 49250 1777 115205 1883 88305 22453 13345
internal_value=1.1159e-10 0.00775499 -0.00684179 -0.00241835 -0.0105206 0.019007 0.023564 0.0193887 0.00466933 0.00158378 0.0292857 -0.0472043 -0.0224505 0.00761576
internal_weight=11036.6 9482.85 4128.74 3857.13 3074.7 5354.11 4060.35 2857.39 1293.75 1196.69 782.43 1553.72 135.965 60.833
internal_count=4026819 2081295 1830949 1712278 1681316 250346 78075 72725 172271 170494 30962 1945524 124103 35798
is_linear=0
shrinkage=0.05


Tree=39
num_leaves=15
num_cat=0
split_feature=2 9 5 5 3 3 7 6 9 5 9 12 6 1
split_gain=1554.19 579.599 269.804 223.052 215.918 192.02 154.388 120.263 105.649 80.9799 75.1022 61.4675 57.2056 51.4193
threshold=1.0000000180025095e-35 0.81952745268246663 0.017964693842742626 0.025082482337882937 0.99602594540369516 0.8329330341608181 1.9166666666666667 0.24165612587958382 0.79909090909090918 0.0065789772496372429 0.80090909090909101 1.0000000180025095e-35 0.41211278936557644 0.057189542483660136
decision_type=2 2 2 2 2 2 2 2 2 2 2 2 2 2
left_child=5 3 4 -2 6 -1 -3 -6 -7 -10 -11 13 -5 -4
right_child=1 2 11 12 7 8 -8 -9 9 10 -12 -13 -14 -15
leaf_value=-0.05105576661640196 -0.036347042809700122 -0.053107780004179185 0.025237088981978413 0.018037820399338815 0.015155237790783736 -0.059670287318299098 0.0061185460167900232 -0.0055039337540709393 -0.04804487031014338 0.035565406279665333 -0.012265582782371789 -0.055699554472044888 -0.064277538162677506 -0.038990547857503832
leaf_weight=1242.3895903681369 863.89354884100248 248.53808265726184 3580.7662526021595 299.22592137783067 2548.2172646382824 137.70894003746071 192.74376821808255 969.85274320752796 126.56273511696781 92.614899282219994 512.18495686627284 19.388470663274347 17.81091798475245 27.186535375018138
leaf_count=1593698 1166280 215392 40906 6632 344706 140664 98864 147352 135162 13857 99298 18571 4089 1348
internal_value=-4.97951e-10 0.00927826 0.0143519 -0.0232394 0.00531591 -0.0384579 -0.0274601 0.00946024 -0.0202595 -0.012484 -0.00470951 0.024194 0.0124872 0.0246998
internal_weight=10879.1 8767.62 7586.69 1180.93 3959.35 2111.46 441.282 3518.07 869.072 731.363 604.8 3627.34 317.037 3607.95
internal_count=4026819 2044140 867139 1177001 806314 1982679 314256 492058 388981 248317 113155 60825 10721 42254
is_linear=0
shrinkage=0.05


Tree=40
num_leaves=15
num_cat=0
split_feature=2 9 5 5 3 12 9 9 9 5 9 6 4 5
split_gain=1453.09 530.672 271.192 210.625 192.751 159.634 133.848 115.143 96.9844 78.367 67.9044 49.9159 40.3671 39.8373
threshold=1.0000000180025095e-35 0.81952745268246663 0.006913922433489028 0.025082482337882937 0.8329330341608181 1.0000000180025095e-35 0.81999668242514734 0.91806030175696174 0.79909090909090918 0.0065789772496372429 0.80090909090909101 0.41211278936557644 0.0033389074693422525 0.010379922662753383
decision_type=2 2 2 2 2 2 2 2 2 2 2 2 2 2
left_child=4 3 7 13 -1 6 -4 -3 -6 -10 -11 -5 -9 -2
right_child=1 2 5 11 8 -7 -8 12 9 10 -12 -13 -14 -15
leaf_value=-0.050878372076095017 -0.047323404412909199 -0.025048417037107591 0.049885901966189083 0.017224365471609659 -0.058600577195312788 -0.065409802281540572 0.016368713175205784 0.019430496294168705 -0.048480357866272111 0.031575576640780333 -0.012379558267470354 -0.061915508696410063 -0.028980330623811945 -0.024876549248451008
leaf_weight=1187.9588031233034 396.18384393845554 582.82155789863828 309.29870573366497 296.3407749645412 130.06657764394913 53.110832610567741 6267.2720916390426 273.71427006822705 119.4097044601076 101.14365292208822 507.31157717118913 16.468285715265665 46.35884712799816 436.9096177197498
leaf_count=1593698 871241 434607 6962 6632 140664 68836 325472 19758 135162 13857 99298 4089 11504 295039
internal_value=-1.98256e-11 0.00894029 0.0137644 -0.022693 -0.0378532 0.0172649 0.0179817 -0.0118922 -0.0196273 -0.0123107 -0.00487508 0.0121494 0.0120809 -0.03577
internal_weight=10724.4 8678.48 7532.58 1145.9 2045.89 6629.68 6576.57 902.895 857.932 727.865 608.455 312.809 320.073 833.093
internal_count=4026819 2044140 867139 1177001 1982679 401270 332434 465869 388981 248317 113155 10721 31262 1166280
is_linear=0
shrinkage=0.05


Tree=41
num_leaves=15
num_cat=0
split_feature=3 9 9 9 5 5 2 9 9 9 9 7 3 7
split_gain=1373.2 540.039 398.871 350.387 245.364 124.778 83.0257 71.7239 63.1603 161.555 37.0179 33.4966 38.5354 36.4682
threshold=0.7125367404868731 0.8783184218083816 0.86060534822215717 0.85922992036498702 0.020319018342061113 0.013440890237077922 1.0000000180025095e-35 0.87992121412429924 0.95673159541188746 0.94274920081371694 0.85996884124507644 4.2916666666666679 0.50468130297553793 7.9166666666666679
decision_type=2 2 2 2 2 2 2 2 2 2 2 2 2 2
left_child=11 2 3 4 -2 6 -3 -8 9 -7 -5 -1 -13 -14
right_child=1 5 -4 10 -6 8 7 -9 -10 -11 -12 12 13 -15
leaf_value=-0.048932304215750365 -0.019984943772098088 -0.038442000183290456 -0.066887413428587214 0.033547548396336391 0.0096091854447276966 0.022847886817828112 0.030815322403979991 0.0047205198095589089 0.053987934815623077 -0.08627693109615206 -0.014603224055702177 -0.04503964122624949 0.033002594221442479 -0.044237234043890641
leaf_weight=1251.4418919355885 2016.0253900512616 90.172739324174472 253.785014263427 610.92103037045308 1068.1024564021136 3181.9624781231541 318.31263965264952 1433.8508351057026 156.95322562818183 29.483381328333053 39.966604541958077 69.477694798180892 41.82854006261914 17.802783501087106
leaf_count=1821421 1610371 50002 118671 18331 77174 47722 17404 133752 387 1079 6402 88305 22453 13345
internal_value=4.58807e-10 0.0069855 -0.0068561 -0.00269316 -0.00973687 0.0175776 0.00708938 0.00953531 0.0232951 0.0217135 0.0305022 -0.0464063 -0.0210106 0.00830451
internal_weight=10580.1 9199.54 3988.8 3735.02 3084.13 5210.74 1842.34 1752.16 3368.4 3211.45 650.888 1380.55 129.109 59.6313
internal_count=4026819 2081295 1830949 1712278 1687545 250346 201158 151156 49188 48801 24733 1945524 124103 35798
is_linear=0
shrinkage=0.05


Tree=42
num_leaves=15
num_cat=0
split_feature=2 9 5 7 5 3 12 3 9 5 9 12 5 6
split_gain=1309.43 478.349 236.623 247.234 187.141 184.363 118.597 94.6732 90.3301 70.729 64.1125 41.8764 38.455 70.0106
threshold=1.0000000180025095e-35 0.81952745268246663 0.020939651203355527 1.0000000180025095e-35 0.025082482337882937 0.8329330341608181 1.0000000180025095e-35 0.99602594540369516 0.79909090909090918 0.0065789772496372429 0.80090909090909101 1.0000000180025095e-35 0.010379922662753383 0.21133323030462067
decision_type=2 2 2 2 2 2 2 2 2 2 2 2 2 2
left_child=5 4 3 7 12 -1 -5 -3 -7 -10 -11 -6 -2 -14
right_child=1 2 -4 6 11 8 -8 -9 9 10 -12 -13 13 -15
leaf_value=-0.050583284682522656 -0.046816718162804631 -0.053404632427306087 0.025180051815842319 0.011331832478807318 0.014539650922578508 -0.057940956177156756 -0.067764197364874573 -0.0094806142136634151 -0.047771447473923229 0.029264656096322752 -0.01288421919500219 -0.070460758653547936 0.0023753766918724892 -0.039492604151156602
leaf_weight=1091.5777456975993 369.50417986232242 190.37910993217156 2602.0963617332382 4216.126475579611 300.04834270884749 124.13000580977678 43.019247723583248 337.20401529537048 113.32797711075909 104.72549843952584 505.22417964922352 10.297697894464362 156.50349377884777 268.20497715564488
leaf_count=1593698 871241 169686 33318 419488 7620 140664 60849 183798 135162 13857 99298 3101 56145 238894
internal_value=7.43218e-10 0.00846819 0.0130579 0.00644875 -0.0221544 -0.0370198 0.0104544 -0.0256832 -0.0193539 -0.0123792 -0.00546835 0.0106467 -0.0349582 -0.0242163
internal_weight=10432.4 8493.38 7388.83 4786.73 1104.56 1938.99 4259.15 527.583 847.408 723.278 609.95 310.346 794.213 424.708
internal_count=4026819 2044140 867139 833821 1177001 1982679 480337 353484 388981 248317 113155 10721 1166280 295039
is_linear=0
shrinkage=0.05


Tree=43
num_leaves=15
num_cat=0
split_feature=3 9 9 9 9 5 9 9 9 9 9 9 7 3
split_gain=1225.91 484.941 322.043 333.906 273.99 168.751 93.135 197.776 110.671 63.9094 81.9901 58.5159 32.7935 36.0409
threshold=0.7125367404868731 0.85853031175750594 0.84016393442622961 0.83897827363476229 0.81999668242514734 0.014412447229089459 0.91721108664779505 0.90052559257986953 0.92035063528021277 0.95673159541188746 0.94274920081371694 0.83996479752902908 4.2916666666666679 0.50468130297553793
decision_type=2 2 2 2 2 2 2 2 2 2 2 2 2 2
left_child=12 2 3 4 -2 6 7 -3 -8 10 -7 -5 -1 -14
right_child=1 5 -4 11 -6 9 8 -9 -10 -11 -12 -13 13 -15
leaf_value=-0.048546733281436168 -0.0077202212534001197 0.00084646792850042959 -0.063221753493105173 0.031284930071531637 -0.059947480123545151 0.020106593055823564 0.029760194212248282 -0.072692889978035344 -0.0036284417694534814 0.052518876156014783 -0.076284574060654364 -0.010332963907264136 -0.044473442405781417 0.0080729060940433351
leaf_weight=1146.5435806190635 1593.2016581350981 1334.3564883838008 259.7861286677653 564.92688086083217 293.59065785815983 3597.2180037225407 580.22344683803385 93.143742158827081 429.23573159379885 150.28032970731147 17.404723971500061 96.666404486364627 65.254644039516279 58.487825088195677
leaf_count=1821421 1230195 253200 163438 22789 244615 66777 20272 33522 31172 370 793 14152 88305 35798
internal_value=1.80792e-10 0.00649089 -0.0107348 -0.00527089 -0.0159839 0.014293 0.00402961 -0.00418892 0.015615 0.0209221 0.0195377 0.0251722 -0.0458843 -0.0202881
internal_weight=10280.3 9010.03 2808.17 2548.39 1886.79 6201.86 2436.96 1427.5 1009.46 3764.9 3614.62 661.593 1270.29 123.742
internal_count=4026819 2081295 1675189 1511751 1474810 406106 338166 286722 51444 67940 67570 36941 1945524 124103
is_linear=0
shrinkage=0.05


Tree=44
num_leaves=15
num_cat=0
split_feature=2 9 5 3 5 9 9 9 9 9 7 9 4 6
split_gain=1177.49 427.349 208.117 175.852 166.974 129.259 751.186 134.538 95.5387 83.8101 65.9436 66.6232 54.9964 42.2716
threshold=1.0000000180025095e-35 0.81952745268246663 0.006913922433489028 0.8329330341608181 0.025082482337882937 0.89801093933908993 0.8804088443888195 0.90052559257986953 0.91806030175696174 0.79909090909090918 0.29166666666666669 0.80090909090909101 0.75000000000000011 0.41211278936557644
decision_type=2 2 2 2 2 2 2 2 2 2 2 2 2 2
left_child=3 4 8 -1 -2 6 -4 -7 -3 -5 12 -12 -11 -6
right_child=1 2 5 9 13 7 -8 -9 -10 10 11 -13 -14 -15
leaf_value=-0.050297392781957065 -0.034041520634060733 -0.023365312858935755 0.014932184112121119 -0.057120225770627156 0.014331803343679199 0.036538490540338565 -0.0801312824561623 0.014775442588025664 0.011129774490280568 -0.056265684866778243 0.029696617729700614 -0.013031705654214541 0.03088395174140637 -0.059982887056030089
leaf_weight=1003.6945928612313 758.14328409626978 542.96758899715496 3110.734675065356 118.20370548829305 288.82859437007573 1129.9608973822978 217.70432006213377 1932.059862191898 312.96523084530781 113.11942079085929 108.14792150711583 467.62432840551628 18.080473293550313 15.562930332060203
leaf_count=1593698 1166280 434607 295732 140664 6632 19541 38981 47016 31262 140337 11773 95919 288 4089
internal_value=-1.18845e-10 0.00799915 0.0123432 -0.0362645 -0.0215458 0.0154437 0.00860347 0.022853 -0.0107611 -0.0189956 -0.0122649 -0.00481943 -0.0435628 0.00962428
internal_weight=10137.8 8308.93 7246.39 1828.87 1062.53 6390.46 3328.44 3062.02 855.933 825.176 706.972 575.772 131.2 304.392
internal_count=4026819 2044140 867139 1982679 1177001 401270 334713 66557 465869 388981 248317 107692 140625 10721
is_linear=0
shrinkage=0.05


Tree=45
num_leaves=15
num_cat=0
split_feature=2 9 9 3 9 3 12 1 9 9 7 5 4 7
split_gain=1111.56 429.647 364.599 317.792 175.717 173.401 115.628 111.008 93.4541 78.3769 73.2676 62.9084 59.7087 16.4374
threshold=1.0000000180025095e-35 0.8783184218083816 0.86060534822215717 0.90647176557959208 0.85922992036498702 0.8329330341608181 1.0000000180025095e-35 1.0000000180025095e-35 0.8804088443888195 0.79909090909090918 1.9166666666666667 0.0065789772496372429 0.0033389074693422525 7.9166666666666679
decision_type=2 2 2 2 2 2 2 2 2 2 2 2 2 2
left_child=5 2 3 10 -5 13 7 8 -3 -7 -2 -11 -13 -1
right_child=1 6 -4 4 -6 9 -8 -9 -10 11 -12 12 -14 -15
leaf_value=-0.051506650254200516 -0.050908844444443116 0.031744326662309419 -0.065378546807122601 -0.00066670273598981263 0.031066290571947177 -0.056480964472424768 -0.062955119531492271 -0.057469083774483024 0.014993078353926565 -0.046868419690414102 -0.0141996951440578 0.027700021321385972 -0.013060404390812961 -0.016424881989734665
leaf_weight=923.334884812155 318.49438468693552 1084.9309607610448 233.84143374439009 2073.8717941069335 547.38918359673698 112.526313623639 39.624678176234738 43.392387885680364 3638.3502261928297 105.38989675337871 243.38140620456397 104.91584803562728 489.98894452770764 40.684557616434176
leaf_count=1546105 506535 28769 120997 1007875 16773 140664 53070 15254 161360 135162 133507 14949 98206 47593
internal_value=-4.01216e-10 0.00775347 -0.00579667 -0.00132396 0.00600652 -0.0358044 0.0173828 0.0181159 0.0188703 -0.018625 -0.0352735 -0.0121848 -0.00570105 -0.0501185
internal_weight=10000.1 8223.28 3416.98 3183.14 2621.26 1776.84 4806.3 4766.67 4723.28 812.821 561.876 700.295 594.905 964.019
internal_count=4026819 2044140 1785687 1664690 1024648 1982679 258453 205383 190129 388981 640042 248317 113155 1593698
is_linear=0
shrinkage=0.05


Tree=46
num_leaves=15
num_cat=0
split_feature=2 9 10 3 1 12 5 4 9 7 8 4 9 5
split_gain=1045 393.619 193.628 172.803 170.6 162.279 151.184 78.8916 74.9964 60.5793 62.7222 51.8756 37.8661 37.0088
threshold=1.0000000180025095e-35 0.81952745268246663 1.0000000180025095e-35 0.8329330341608181 1.0000000180025095e-35 1.0000000180025095e-35 0.025082482337882937 0.75000000000000011 0.79909090909090918 0.29166666666666669 0.18638766328642051 0.75000000000000011 0.80090909090909101 0.010379922662753383
decision_type=2 2 2 2 2 2 2 2 2 2 2 2 2 2
left_child=3 6 4 -1 5 -3 13 -4 -5 11 -11 -10 -8 -2
right_child=1 2 7 8 -6 -7 12 -9 9 10 -12 -13 -14 -15
leaf_value=-0.050004312377397657 -0.045964701162263866 0.01459110192253644 -0.057788485363142475 -0.055954037959831074 -0.050732153920233919 -0.067732120805751181 0.013344985945346924 0.040176275291672697 -0.055729246319126936 0.0043429565300283921 -0.034366288886767883 0.030314981436057431 -0.051432300436813787 -0.022836220843180509
leaf_weight=923.17638455004817 329.70369408234183 6798.9788818721827 129.9365687203117 108.19092580822326 98.928308244852815 55.538740579919249 282.48656690301141 20.585388379520737 106.33936459503821 437.99702617002185 132.14832286578167 17.491799041396007 19.578424275197904 400.66715024670884
leaf_count=1593698 871241 627590 107293 140664 47424 84769 7553 63 140337 64032 43660 288 3168 295039
internal_value=-3.55284e-10 0.00749977 0.0116944 -0.035287 0.0129202 0.0138752 -0.0212795 -0.0435299 -0.0181448 -0.0118922 -0.00484984 -0.0428702 0.00837731 -0.0335184
internal_weight=9861.75 8136.4 7103.97 1725.34 6953.45 6854.52 1032.44 150.522 802.167 693.977 570.145 123.831 302.065 730.371
internal_count=4026819 2044140 867139 1982679 759783 712359 1177001 107356 388981 248317 107692 140625 10721 1166280
is_linear=0
shrinkage=0.05


Tree=47
num_leaves=15
num_cat=0
split_feature=3 9 9 9 5 5 9 9 6 7 7 2 7 3
split_gain=995.197 407.982 327.516 266.243 185.413 100.993 98.8539 601.901 55.229 38.8169 34.7942 79.2444 71.4131 71.2353
threshold=0.7125367404868731 0.8783184218083816 0.86060534822215717 0.85922992036498702 0.0072092558130125352 0.025082482337882937 0.87992121412429924 0.89801093933908993 0.31141240642329898 3.5500000000000003 1.9166666666666667 1.0000000180025095e-35 2.0833333333333335 0.15815589367834768
decision_type=2 2 2 2 2 2 2 2 2 2 2 2 2 2
left_child=10 2 3 4 -2 6 8 -8 -3 -5 -1 -12 13 -13
right_child=1 5 -4 9 -6 -7 7 -9 -10 -11 11 12 -14 -15
leaf_value=-0.050966978781083062 -0.03838805462260602 0.032398030845343477 -0.064508562213321463 0.020153286720218471 -0.0038680655565460926 0.028646621906051956 -0.057903232266104811 0.014639031407500265 -0.0011055434523078449 0.05208093504649608 -0.049402662197989909 -0.024592211745929154 -0.01144206274894804 0.19548459047036856
leaf_weight=755.09741114984172 459.76291082430544 688.01957229449181 226.1790593861042 499.57239893463702 2395.1826630723044 1068.2341970556736 314.28682919940911 2737.666511639316 149.1564020873775 117.61325985427538 207.67871881145948 4.6404808343795576 120.14099970319876 3.7511933084097109
leaf_count=1415283 925017 26022 118671 23178 762528 5350 83712 131078 4184 1555 421108 2782 91446 14905
internal_value=-4.38304e-10 0.00568143 -0.00688137 -0.00304009 -0.00948459 0.0150511 0.0112848 0.00708622 0.0264577 0.0266072 -0.0448824 -0.0306705 0.000312819 0.110042
internal_weight=9746.98 8655.67 3698.31 3472.13 2854.95 4957.36 3889.13 3051.95 837.176 617.186 1091.31 336.211 128.533 8.39167
internal_count=4026819 2081295 1830949 1712278 1687545 250346 244996 214790 30206 24733 1945524 530241 109133 17687
is_linear=0
shrinkage=0.05


Tree=48
num_leaves=15
num_cat=0
split_feature=2 9 9 9 9 3 5 7 9 6 9 9 8 3
split_gain=949.991 357.012 282.19 243.871 238.376 165.038 146.106 131.54 85.1372 70.7007 70.6581 56.5621 62.4899 45.1226
threshold=1.0000000180025095e-35 0.85853031175750594 0.84016393442622961 0.83897827363476229 0.81999668242514734 0.8329330341608181 0.020939651203355527 1.0000000180025095e-35 0.83996479752902908 0.28736875116976079 0.79909090909090918 0.80090909090909101 1.0000000180025095e-35 0.99602594540369516
decision_type=2 2 2 2 2 2 2 2 2 2 2 2 2 2
left_child=5 2 3 4 -2 -1 7 13 -5 -9 -7 -12 -13 -3
right_child=1 6 -4 8 -6 10 -8 9 -10 -11 11 12 -14 -15
leaf_value=-0.049812073284432101 -0.0052463038425967223 -0.05293213135107782 -0.061658622518706234 0.030873322080310156 -0.058390267177433813 -0.055481278132308409 0.024856532642327525 0.014464253618829621 -0.02649908288166207 -0.0034644573061589998 0.018844863914348076 -0.009229146017235566 -0.048863835822818662 -0.01049639117665316
leaf_weight=853.83665922496766 1287.2656433621269 87.91622593023385 226.63105470867959 514.45192636753927 247.6763331922466 103.22905315430035 1981.459522908779 2674.3656206722753 69.97511645925988 689.73107977035033 119.58590394826751 433.87373053576084 125.39125093096663 202.89597975893412
leaf_count=1593698 1191493 67485 161467 23765 237152 140664 18973 229329 13835 38217 33780 142980 71557 62424
internal_value=5.90122e-10 0.00711864 -0.00925779 -0.00352247 -0.0139833 -0.0346509 0.0139371 0.00799139 0.0238374 0.0107887 -0.0178873 -0.0118067 -0.0184698 -0.0240031
internal_weight=9618.29 7982.37 2346 2119.37 1534.94 1635.92 5636.37 3654.91 584.427 3364.1 782.08 678.851 559.265 290.812
internal_count=4026819 2044140 1627712 1466245 1428645 1982679 416428 397455 37600 267546 388981 248317 214537 129909
is_linear=0
shrinkage=0.05


Tree=49
num_leaves=15
num_cat=0
split_feature=2 9 5 3 5 7 6 3 9 9 9 5 4 7
split_gain=894.281 348.73 174.69 162.097 133.069 131.098 89.1444 70.6705 66.6279 56.5435 160.856 53.9628 52.9134 36.7445
threshold=1.0000000180025095e-35 0.81952745268246663 0.017964693842742626 0.8329330341608181 0.025082482337882937 1.0000000180025095e-35 0.29524212789278409 0.99602594540369516 0.79909090909090918 0.81999668242514734 0.83897827363476229 0.0065789772496372429 0.0033389074693422525 0.29166666666666669
decision_type=2 2 2 2 2 2 2 2 2 2 2 2 2 2
left_child=3 4 5 -1 13 7 -7 -3 -5 -4 -11 -10 -13 -2
right_child=1 2 9 8 -6 6 -8 -9 11 10 -12 12 -14 -15
leaf_value=-0.049640372730725191 -0.047834298250495011 -0.050903816639164039 0.049732173984051144 -0.054984702306406022 0.0072823371599769595 0.010359389284256698 -0.012497855335753122 -0.0078905606227365303 -0.045429737546013274 -0.059448004544112025 0.019636026059288384 0.024944572009244562 -0.013090828281489662 -0.023486748613082139
leaf_weight=816.16552588307968 254.2155205375002 139.72530806476425 143.78366155584808 98.758643952027342 294.50489910677425 2806.6538702901071 498.48832682058128 287.60614617959436 96.545473485119146 60.983971345944155 2977.1529434638433 108.27808189425559 472.44789815361219 440.73458206681789
leaf_count=1593698 752046 168574 941 140664 10721 401221 55920 180599 135162 12711 47173 14949 98206 414234
internal_value=-5.48135e-10 0.00689175 0.010867 -0.0341259 -0.0208025 0.00352072 0.00689834 -0.0223807 -0.0175958 0.0194653 0.0179535 -0.0117808 -0.00584662 -0.0326713
internal_weight=9496.04 7903.85 6914.39 1592.2 989.455 3732.47 3305.14 427.331 776.03 3181.92 3038.14 677.271 580.726 694.95
internal_count=4026819 2044140 867139 1982679 1177001 806314 457141 349173 388981 60825 59884 248317 113155 1166280
is_linear=0
shrinkage=0.05


Tree=50
num_leaves=15
num_cat=0
split_feature=3 9 3 5 6 5 9 9 9 9 9 4 7 2
split_gain=855.754 340.569 214.978 157.718 133.064 103.682 75.0689 308.474 49.3155 96.0278 62.808 44.7976 36.6101 75.1315
threshold=0.7125367404868731 0.87876017029044262 0.90647176557959208 0.0065789772496372429 1.0000000180025095e-35 0.010379922662753383 0.87985343283963358 0.89801093933908993 0.91721108664779505 0.90052559257986953 0.91989394814336622 0.29166666666666669 1.9166666666666667 1.0000000180025095e-35
decision_type=2 2 2 2 2 2 2 2 2 2 2 2 2 2
left_child=12 2 11 -4 -5 8 -7 -8 9 -3 -10 -2 -1 -14
right_child=1 5 3 4 -6 6 7 -9 10 -11 -12 -13 13 -15
leaf_value=-0.050832552779083232 -0.043352086845298565 -0.0020509147939871543 -0.034246431692756422 0.016225136592604987 -0.0059820749703120586 0.033351103535733076 -0.034582705372291765 0.020290067523205464 0.025097167519134458 -0.067235365379009843 -0.0057032852554745562 0.019285443634896773 -0.049230640513947238 0.00032756132349004283
leaf_weight=667.15129664937376 404.04572101399935 489.8300818171665 330.63399258396021 1043.1088163944005 1887.8957212615805 677.5621079436678 280.1862722788137 2543.4016765667475 346.73875112083624 58.919643853590969 309.74519428726853 27.926771871483652 183.81609611633758 128.42993443233536
leaf_count=1415283 414430 97412 678071 230067 512188 8312 28051 39832 13894 28851 29033 1154 421108 109133
internal_value=1.31287e-10 0.00516586 -0.00619421 -0.0017792 0.00193537 0.0140784 0.0184273 0.0147935 0.00142125 -0.00959371 0.0106315 -0.0391283 -0.0441072 -0.029163
internal_weight=9379.39 8399.99 3693.61 3261.64 2931 4706.38 3501.15 2823.59 1205.23 548.75 656.484 431.972 979.397 312.246
internal_count=4026819 2081295 1835910 1420326 742255 245385 76195 67883 169190 126263 42927 415584 1945524 530241
is_linear=0
shrinkage=0.05


Tree=51
num_leaves=15
num_cat=0
split_feature=2 9 9 9 3 12 5 9 7 9 4 9 9 12
split_gain=826.087 314.417 159.352 413.82 151.743 138.923 120.664 60.0019 49.5347 50.3307 43.9158 35.0599 149.863 34.7756
threshold=1.0000000180025095e-35 0.81952745268246663 0.81999668242514734 0.83897827363476229 0.8329330341608181 1.0000000180025095e-35 0.025082482337882937 0.79909090909090918 0.29166666666666669 0.80090909090909101 0.75000000000000011 0.780701144198508 0.78000614968329141 1.0000000180025095e-35
decision_type=2 2 2 2 2 2 2 2 2 2 2 2 2 2
left_child=4 6 -3 -4 -1 -5 11 -6 10 -10 -9 12 -2 -8
right_child=1 2 3 5 7 -7 13 8 9 -11 -12 -13 -14 -15
leaf_value=-0.049500306481020682 -0.028998155080561989 0.046742005772415773 -0.057292917548303672 0.011869046051923401 -0.054221219315386295 -0.065228935347734385 0.010312523908805323 -0.05437943755692163 0.023976907444947987 -0.013380896231386301 0.027378715216466329 -0.041837059365358566 0.096931526922362427 -0.068460435338978609
leaf_weight=755.19239700552134 261.89981365722815 283.79900893351441 223.92065246135462 6241.8213393052429 93.877308602497578 54.087310277096549 281.30270702127018 96.228348064681995 107.63166506153357 450.13446512562223 16.419460390199674 379.83466355015844 21.04210145435718 9.7693124889192386
leaf_count=1593698 413492 14492 237152 534035 140664 81460 7620 140337 11773 95919 288 740100 12688 3101
internal_value=2.37529e-10 0.00660857 0.0103799 0.00876254 -0.03365 0.0111555 -0.0202058 -0.0177684 -0.0123004 -0.00602301 -0.0418053 -0.0319203 -0.0181123 0.00655715
internal_weight=9276.96 7757.48 6803.63 6519.83 1519.48 6295.91 953.849 764.291 670.414 557.766 112.648 662.777 282.942 291.072
internal_count=4026819 2044140 867139 852647 1982679 615495 1177001 388981 248317 107692 140625 1166280 426180 10721
is_linear=0
shrinkage=0.05


Tree=52
num_leaves=15
num_cat=0
split_feature=2 9 10 3 9 9 5 4 9 7 9 9 7 6
split_gain=777.24 290.058 153.423 149.039 138.339 363.956 109.866 60.6912 57.961 47.6076 44.292 42.0983 36.339 34.9721
threshold=1.0000000180025095e-35 0.81952745268246663 1.0000000180025095e-35 0.8329330341608181 0.81999668242514734 0.83897827363476229 0.025082482337882937 0.75000000000000011 0.79909090909090918 0.29166666666666669 0.80090909090909101 0.91943609523658665 0.29166666666666669 0.41211278936557644
decision_type=2 2 2 2 2 2 2 2 2 2 2 2 2 2
left_child=3 6 4 -1 -3 -6 12 -4 -5 11 -11 -10 -2 -8
right_child=1 2 7 8 5 -7 13 -9 9 10 -12 -13 -14 -15
leaf_value=-0.049331879822676221 -0.04716171075425056 0.045013326213414195 -0.056662298021105742 -0.05405570476966215 -0.056955379355678917 0.01164394587838137 0.010358496101165746 0.037894624300026492 -0.054763275158337704 0.021749629951545564 -0.01302991980399437 0.024657720991647116 -0.021895646379028362 -0.058516461559479406
leaf_weight=723.57817919809168 226.69984311742155 282.08189375880465 110.32900077212253 89.867820973262496 194.71645193026961 6158.5924797413336 274.12357459260966 16.31429699290311 91.030993725280496 110.27288800191309 443.11583435181092 17.154270462924615 418.87623429285304 14.774940204384619
leaf_count=1593698 752046 12416 107293 140664 210471 536896 6632 63 138216 11773 95919 2409 414234 4089
internal_value=2.22125e-10 0.00637729 0.00998798 -0.0331852 0.0110409 0.00949838 -0.0196645 -0.0435048 -0.0174139 -0.0120684 -0.00596676 -0.041637 -0.0310623 0.00590048
internal_weight=9171.53 7696.51 6762.03 1475.02 6635.39 6353.31 934.475 126.643 751.442 661.574 553.389 108.185 645.576 288.899
internal_count=4026819 2044140 867139 1982679 759783 747367 1177001 107356 388981 248317 107692 140625 1166280 10721
is_linear=0
shrinkage=0.05


Tree=53
num_leaves=15
num_cat=0
split_feature=2 9 5 3 12 9 5 9 9 5 4 3 9 7
split_gain=725.899 268.36 147.901 147.662 112.33 117.611 104.208 65.4475 54.6902 45.566 42.5716 35.1928 36.4363 33.5352
threshold=1.0000000180025095e-35 0.81952745268246663 0.006913922433489028 0.8329330341608181 1.0000000180025095e-35 0.81999668242514734 0.025082482337882937 0.91806030175696174 0.79909090909090918 0.005388481319525437 0.0033389074693422525 0.99602594540369516 0.80090909090909101 2.3666666666666671
decision_type=2 2 2 2 2 2 2 2 2 2 2 2 2 2
left_child=3 6 7 -1 5 -4 11 13 -5 -10 -11 -2 -13 -3
right_child=1 2 4 8 -6 -7 -8 -9 9 10 -12 12 -14 -15
leaf_value=-0.049167252443306914 -0.047212259989851096 -0.016264413917094957 0.044328017661057206 -0.053472952870089963 -0.062583536415239879 0.011310465897175605 0.0057120487585976473 0.0075838816277210164 -0.051104330582970627 0.018554094402990991 -0.014092337039226618 -0.013958190377240826 -0.050787341651378617 -0.053551571793303977
leaf_weight=692.56199087766709 210.91542311747799 420.97356662757466 279.17496516934261 85.111846219204381 44.819883222615317 5605.2767278253286 285.20388098750846 300.55168273524578 61.155197532514649 122.05314514194833 466.91065146395522 332.95992307224151 81.504963230361682 67.574969805886212
leaf_count=1593698 460539 370648 6962 140664 68836 325472 10721 31262 109810 22710 115797 482869 222872 63959
internal_value=5.79128e-10 0.00612913 0.00958394 -0.0326562 0.0122903 0.0129132 -0.0192739 -0.0107007 -0.0168763 -0.0117136 -0.00722766 -0.0306236 -0.0217197 -0.0219122
internal_weight=9056.75 7628.96 6718.37 1427.79 5929.27 5884.45 910.584 789.1 735.231 650.119 588.964 625.38 414.465 488.549
internal_count=4026819 2044140 867139 1982679 401270 332434 1177001 465869 388981 248317 138507 1166280 705741 434607
is_linear=0
shrinkage=0.05


Tree=54
num_leaves=15
num_cat=0
split_feature=3 9 9 9 5 5 9 9 6 9 7 2 7 3
split_gain=685.705 292.216 296.437 207.254 127.461 80.4038 82.0511 616.741 52.7256 41.0282 39.8965 69.6586 68.9239 62.9977
threshold=0.7125367404868731 0.8783184218083816 0.86060534822215717 0.85922992036498702 0.0072092558130125352 0.025082482337882937 0.8804088443888195 0.89801093933908993 0.31141240642329898 0.85996884124507644 1.9166666666666667 1.0000000180025095e-35 2.0833333333333335 0.15815589367834768
decision_type=2 2 2 2 2 2 2 2 2 2 2 2 2 2
left_child=10 2 3 4 -2 6 8 -8 -3 -5 -1 -12 13 -13
right_child=1 5 -4 9 -6 -7 7 -9 -10 -11 11 12 -14 -15
leaf_value=-0.050541489078907792 -0.035426411951453525 0.028414830187537633 -0.06325638425266418 0.027524155135524309 -0.0042784641155761806 0.025157126812416011 -0.07194484112849768 0.011964719262064265 -0.0033500329297553458 -0.025133282868749135 -0.048590804262958504 -0.024428344772970373 -0.011093504612349765 0.17776206327519695
leaf_weight=563.56768976489002 381.1859779151564 705.02429521537488 212.23967105309384 542.20061528139195 2210.0244901532114 986.56977787775395 233.72211218013035 2646.7135561161376 158.88426788682409 35.867446267289779 153.23853814795257 4.5975633288617228 115.67999543403312 4.7926319153921213
leaf_count=1415283 925017 28885 118671 18331 762528 5350 80423 131078 4610 6402 421108 2782 91446 14905
internal_value=-2.32914e-10 0.00446664 -0.006752 -0.00287435 -0.00891996 0.0124841 0.00911583 0.00504332 0.0225872 0.0240694 -0.0428134 -0.0265484 0.00128809 0.104676
internal_weight=8954.31 8112.43 3381.52 3169.28 2591.21 4730.91 3744.34 2880.44 863.909 578.068 841.876 278.309 125.07 9.3902
internal_count=4026819 2081295 1830949 1712278 1687545 250346 244996 211501 33495 24733 1945524 530241 109133 17687
is_linear=0
shrinkage=0.05


Tree=55
num_leaves=15
num_cat=0
split_feature=2 9 3 10 1 12 5 9 6 4 9 5 9 6
split_gain=658.103 248.589 138.66 137.965 132.04 129.869 92.1573 78.0339 56.3371 53.0005 49.8613 40.4847 38.673 36.8062
threshold=1.0000000180025095e-35 0.81952745268246663 0.8329330341608181 1.0000000180025095e-35 1.0000000180025095e-35 1.0000000180025095e-35 0.011625786862663042 0.80090909090909101 0.38301501880650018 0.75000000000000011 0.79909090909090918 0.005388481319525437 0.80090909090909101 0.43790844142340252
decision_type=2 2 2 2 2 2 2 2 2 2 2 2 2 2
left_child=2 6 -1 4 5 -3 13 8 -8 -5 -4 -12 -13 -2
right_child=1 3 10 9 -6 -7 7 -9 -10 -11 11 12 -14 -15
leaf_value=-0.04893078211476623 -0.044833410523517851 0.01163279688728831 -0.052779174311813927 -0.056097961425907054 -0.05056085864780329 -0.065483767030024106 0.005090579776569285 -0.053144288851726118 -0.045644411367344963 0.036602708271386362 -0.050458455465388088 0.018135739333424734 -0.014007770458815759 0.06704583463767716
leaf_weight=635.83371707745118 277.96198316349 6342.510553723353 80.362520317556118 102.38345622907582 83.512939955100592 50.171249711938799 469.80194703031157 77.22654702501859 56.844983854220118 14.468853068538008 56.714145744506823 111.8756493799483 471.71139098177446 3.292346148955402
leaf_count=1593698 911550 627590 140664 107293 47424 84769 123534 77512 46661 63 109810 17494 121013 17744
internal_value=-2.83256e-10 0.00581757 -0.031975 0.00916026 0.0101449 0.0109769 -0.0189927 -0.00784355 -0.000763403 -0.0435887 -0.0167811 -0.0118891 -0.00774403 -0.0423755
internal_weight=8834.67 7478.17 1356.5 6593.05 6476.19 6392.68 885.128 603.873 526.647 116.852 720.664 640.301 583.587 281.254
internal_count=4026819 2044140 1982679 867139 759783 712359 1177001 247707 170195 107356 388981 248317 138507 929294
is_linear=0
shrinkage=0.05


Tree=56
num_leaves=15
num_cat=0
split_feature=2 9 9 3 3 9 1 12 7 10 9 7 8 4
split_gain=618.166 238.345 274.452 195.235 135.592 117.52 79.4069 69.7115 61.615 60.2627 47.1955 39.9168 43.1123 39.4502
threshold=1.0000000180025095e-35 0.8783184218083816 0.86060534822215717 0.90647176557959208 0.8329330341608181 0.85922992036498702 1.0000000180025095e-35 1.0000000180025095e-35 1.9166666666666667 1.0000000180025095e-35 0.79909090909090918 0.29166666666666669 0.18638766328642051 0.75000000000000011
decision_type=2 2 2 2 2 2 2 2 2 2 2 2 2 2
left_child=4 2 3 8 -1 -5 7 9 -2 -3 -6 13 -13 -12
right_child=1 6 -4 5 10 -7 -8 -9 -10 -11 11 12 -14 -15
leaf_value=-0.048757527229691788 -0.050187140135212631 0.014736219061624825 -0.062067665601867973 -0.0014210692311286601 -0.052346821002847543 0.025851636413026003 -0.055868675489613273 -0.056906392910233666 -0.012263802301085997 -0.037254840405559028 -0.053329900928950374 0.0014655921385506574 -0.032044036544851454 0.028183268010797513
leaf_weight=607.68269006067931 220.58945709035288 4343.3311565327313 194.17952496868384 1839.8829173204431 76.714508972787371 497.82126094674459 36.774801782499708 30.042608335355908 212.03702242578402 51.835050267724 82.975329402190255 416.72303678006574 119.55559690683003 14.575882899604037
leaf_count=1593698 506535 159432 120997 1007875 140664 16773 15883 52441 133507 30697 140337 64032 43660 288
internal_value=-4.05003e-10 0.00560635 -0.00537764 -0.00129943 -0.0314863 0.00442952 0.0129019 0.0135358 -0.0319528 0.0140814 -0.0164779 -0.0117609 -0.00623189 -0.0403701
internal_weight=8744.72 7426.49 2964.51 2770.33 1318.23 2337.7 4461.98 4425.21 432.626 4395.17 710.544 633.83 536.279 97.5512
internal_count=4026819 2044140 1785687 1664690 1982679 1024648 258453 242570 640042 190129 388981 248317 107692 140625
is_linear=0
shrinkage=0.05


Tree=57
num_leaves=15
num_cat=0
split_feature=2 9 3 5 6 5 4 5 6 5 9 6 9 4
split_gain=582.664 214.178 131.748 127.813 97.786 95.5625 94.0839 86.7381 83.9314 78.4544 72.8297 50.8571 45.2401 43.3242
threshold=1.0000000180025095e-35 0.81952745268246663 0.8329330341608181 0.014010605320051489 0.20478012139378513 0.0060976627033537617 0.0049383017119445944 0.011625786862663042 0.20362677408573845 0.025082482337882937 0.80090909090909101 1.0000000180025095e-35 0.79909090909090918 0.018693221523410204
decision_type=2 2 2 2 2 2 2 2 2 2 2 2 2 2
left_child=2 7 -1 4 5 -3 -6 -2 13 -10 11 -9 -4 -5
right_child=1 3 12 8 6 -7 -8 10 9 -11 -12 -13 -14 -15
leaf_value=-0.048526254071843064 -0.041663222297720112 -0.012368211012710545 -0.052099913732448405 0.039770641962751221 -0.0013390461906361241 0.011866257306396032 -0.041913079455666247 0.030440674814019554 0.0038700339457896291 0.020852475015307115 -0.052642937740960141 -0.008283150812546148 -0.011639160193928575 0.017871723715483505
leaf_weight=582.51926291911877 262.43197607434649 557.2975535437854 73.586052999238746 396.06097255065106 350.50294422683419 1468.7800128819999 236.59376369887104 100.81904830258281 1870.5585408025181 1066.2683316345283 72.147193196609805 421.64890917185221 626.26773425535248 553.9165507609614
leaf_count=1593698 929294 338099 140664 7495 115878 187377 99556 19589 96149 10867 77512 150606 248317 11718
internal_value=2.04392e-10 0.00542675 -0.0310336 0.00852701 -2.61004e-05 0.00518623 -0.0179058 -0.0179992 0.0142701 0.0100608 -0.00729476 -0.00059301 -0.0162328 0.0271622
internal_weight=8639.4 7357.03 1282.37 6499.98 2613.17 2026.08 587.097 857.047 3886.8 2936.83 594.615 522.468 699.854 949.978
internal_count=4026819 2044140 1982679 867139 740910 525476 215434 1177001 126229 107016 247707 170195 388981 19213
is_linear=0
shrinkage=0.05


Tree=58
num_leaves=15
num_cat=0
split_feature=2 9 9 9 9 3 1 12 10 7 8 6 4 7
split_gain=553.167 219.22 245.189 178.685 143.986 125.65 75.8076 63.3708 59.5438 43.9168 41.0068 39.3603 36.9344 32.174
threshold=1.0000000180025095e-35 0.8783184218083816 0.85996884124507644 0.85922992036498702 0.83996479752902908 0.8329330341608181 1.0000000180025095e-35 1.0000000180025095e-35 1.0000000180025095e-35 0.29166666666666669 0.18638766328642051 0.45597551297777661 0.75000000000000011 3.5500000000000003
decision_type=2 2 2 2 2 2 2 2 2 2 2 2 2 2
left_child=5 2 3 4 -2 -1 7 8 -3 12 -11 -4 -7 -5
right_child=1 6 11 13 -6 9 -8 -9 -10 10 -12 -13 -14 -15
leaf_value=-0.048300286298864917 -0.00096453827175432447 0.014073766289003371 -0.062402172510320708 0.019218867104217371 -0.033035248855338373 -0.052946063925418951 -0.055785310361065765 -0.055552526470855283 -0.037978362888618389 -0.0028345187793381433 -0.034198887151820942 0.013863707354986814 0.024914974873537402 0.051438740068824186
leaf_weight=555.95749860737942 1771.2815323948644 4291.5173206919808 197.33487327234707 385.78349526221609 431.25945149170548 107.17466016064191 35.70327704108422 28.737510876873785 50.993708460347989 440.58033218749188 131.9392290603937 16.67706383705081 14.617418335343244 96.765009692608146
leaf_count=1593698 1452410 159432 125219 17501 187272 242980 15883 52441 30697 85589 59713 1716 699 1569
internal_value=-2.41332e-10 0.00526477 -0.00540813 -0.00125652 -0.00730461 -0.0306636 0.0122841 0.0129032 0.0134195 -0.0162969 -0.0102961 -0.0562783 -0.0429872 0.0261412
internal_weight=8556.32 7306.05 2899.1 2685.09 2202.54 1250.27 4406.95 4371.25 4342.51 694.312 572.52 214.012 121.792 482.549
internal_count=4026819 2044140 1785687 1658752 1639682 1982679 258453 242570 190129 388981 145302 126935 243679 19070
is_linear=0
shrinkage=0.05


Tree=59
num_leaves=15
num_cat=0
split_feature=2 9 10 3 1 9 3 9 7 4 5 9 4 9
split_gain=522.626 203.043 125.263 122.745 114.811 113.106 84.7123 74.9444 49.329 48.1084 41.2967 37.5535 34.8388 33.8339
threshold=1.0000000180025095e-35 0.81952745268246663 1.0000000180025095e-35 0.78712920303154099 1.0000000180025095e-35 0.81999668242514734 0.99602594540369516 0.80090909090909101 0.29166666666666669 0.75000000000000011 0.010379922662753383 0.79909090909090918 0.75000000000000011 0.80090909090909101
decision_type=2 2 2 2 2 2 2 2 2 2 2 2 2 2
left_child=3 6 4 -1 5 -3 -2 10 12 -4 -8 -10 -5 -13
right_child=1 2 9 8 -6 -7 7 -9 11 -11 -12 13 -14 -15
leaf_value=-0.050088910354491402 -0.04591517290051364 0.041099712847126102 -0.0567208365006895 -0.052644124215321345 -0.050398180575555451 0.0083422417100085557 -0.03248933566288794 -0.05162708022285141 -0.051408676324523644 0.03527432917560875 0.00395135890880274 0.017388227773991384 0.02270688827480756 -0.013241443110461219
leaf_weight=472.15640268174866 200.5365313244838 271.16870135850331 93.793999722023727 122.03035694980554 75.344629225943208 5966.7411767780422 88.103510248696693 83.541623552961028 48.04256147245178 13.136544153559951 466.94189322225066 107.63744724050412 14.615649841449338 453.86617094512258
leaf_count=1535177 461858 11621 107293 285822 47424 700738 328104 225733 41527 63 161306 12737 770 106646
internal_value=-3.54837e-10 0.00509155 0.00811728 -0.0302339 0.0090403 0.00979802 -0.0179695 -0.0089051 -0.0174207 -0.0443483 -0.00207137 -0.0111372 -0.0440675 -0.00726824
internal_weight=8477.66 7259.31 6420.19 1218.35 6313.25 6237.91 839.124 638.587 746.192 106.931 555.045 609.546 136.646 561.504
internal_count=4026819 2044140 867139 1982679 759783 712359 1177001 715143 447502 107356 489410 160910 286592 119383
is_linear=0
shrinkage=0.05


Tree=60
num_leaves=15
num_cat=0
split_feature=2 9 3 3 9 9 9 9 9 9 7 7 0 8
split_gain=494.789 193.503 178.416 119.143 100.894 111.932 95.2914 79.8606 637 153.205 50.605 45.944 39.3562 37.1387
threshold=1.0000000180025095e-35 0.87876017029044262 0.90647176557959208 0.78712920303154099 0.85996884124507644 0.85922992036498702 0.8783184218083816 0.8804088443888195 0.89801093933908993 0.90052559257986953 1.9166666666666667 0.29166666666666669 1.5000000000000002 1.0000000180025095e-35
decision_type=2 2 2 2 2 2 2 2 2 2 2 2 2 2
left_child=3 2 10 -1 5 -4 -6 13 -9 -10 -2 -5 -12 -3
right_child=1 7 4 11 6 -7 -8 8 9 -11 12 -13 -14 -15
leaf_value=-0.049992661916584198 -0.050531056051850244 0.03208716898340342 -0.0018119701649386092 -0.043719481941452282 -0.053683601675064634 0.025714187374513038 0.0047749821932075096 -0.071413967980618318 0.029745374033975615 0.0062951689331647593 0.0015013995789865814 -0.011264164046399981 -0.039635781314608057 0.0099229824880230442
leaf_weight=450.87460785932581 220.99570500453865 602.37942468889196 1783.5303379432335 129.86441926468706 152.51454908501546 460.58721016869822 123.69870373536833 228.76089489541664 1043.9860409636294 2083.9502187283197 131.0431814301146 605.02684241349561 99.011617657015449 283.02526042963473
leaf_count=1535177 536880 18371 1007875 286592 80338 12333 2825 82084 35699 104100 82884 160910 67055 13696
internal_value=3.34076e-13 0.00492597 -0.00485425 -0.0298615 0.000352437 0.00388216 -0.0278842 0.0117742 0.00822768 0.0141569 -0.0336325 -0.0172561 -0.0166698 0.0250978
internal_weight=8399.25 7213.48 2971.38 1185.77 2520.33 2244.12 276.213 4242.1 3356.7 3127.94 451.051 734.891 230.055 885.405
internal_count=4026819 2044140 1790190 1982679 1103371 1020208 83163 253950 221883 139799 686819 447502 149939 32067
is_linear=0
shrinkage=0.05


Tree=61
num_leaves=15
num_cat=0
split_feature=2 9 9 3 3 12 1 5 9 7 5 4 5 9
split_gain=469.416 188.637 203.495 152.11 116.747 87.0064 79.2762 58.5238 62.6626 55.4888 43.0955 58.6719 72.3942 21.6713
threshold=1.0000000180025095e-35 0.8783184218083816 0.86060534822215717 0.90647176557959208 0.78712920303154099 1.0000000180025095e-35 1.0000000180025095e-35 0.025082482337882937 0.95673159541188746 1.9166666666666667 0.005388481319525437 0.003384104443426478 0.011894397466205979 0.9385539303799969
decision_type=2 2 2 2 2 2 2 2 2 2 2 2 2 2
left_child=4 2 3 9 -1 -5 7 8 -3 -2 -6 -12 -13 -9
right_child=1 6 -4 5 10 -7 -8 13 -10 -11 11 12 -14 -15
leaf_value=-0.04990021168000533 -0.049690749553680996 0.0073168484691464629 -0.058985369350243094 0.0043054422192399062 -0.050960717653347323 -0.074309681057851337 -0.058349778775400346 0.021117893373005611 0.03536254707699981 -0.011875207006758837 0.015729766219345256 -0.05541475780234778 -0.010182937955146236 0.050652973863222261
leaf_weight=432.45485053422908 188.57977757198387 3241.6615220720796 160.99228241625224 2234.6379689324276 78.441277804902711 30.76464677000331 35.58322387154476 783.89748941902508 207.77355542744408 202.79561687267869 139.82615036817333 109.92001337039164 398.9766344870477 66.203758447780274
leaf_count=1535177 506535 235204 120997 989979 201790 34669 15883 4493 2593 133507 33831 134429 77452 280
internal_value=6.14504e-10 0.00478984 -0.00527598 -0.00191668 -0.029439 0.00307653 0.011331 0.0119748 0.00905489 -0.0304932 -0.0170127 -0.0125494 -0.020397 0.0237007
internal_weight=8312.51 7152.89 2817.77 2656.78 1159.62 2265.4 4335.12 4299.54 3449.44 391.375 727.164 648.723 508.897 850.101
internal_count=4026819 2044140 1785687 1664690 1982679 1024648 258453 242570 237797 640042 447502 245712 211881 4773
is_linear=0
shrinkage=0.05


Tree=62
num_leaves=15
num_cat=0
split_feature=2 7 4 12 3 9 9 3 9 8 9 5 4 9
split_gain=443.89 191.002 209.434 139.484 114.106 104.75 184.041 59.746 47.1736 43.7611 42.042 37.708 44.7818 7.31945
threshold=1.0000000180025095e-35 1.0000000180025095e-35 0.75000000000000011 1.0000000180025095e-35 0.78712920303154099 0.8783184218083816 0.86060534822215717 0.99602594540369516 0.95673159541188746 0.19915245765058259 0.79909090909090918 0.005388481319525437 0.003384104443426478 0.83897827363476229
decision_type=2 2 2 2 2 2 2 2 2 2 2 2 2 2
left_child=4 2 7 5 -1 6 -3 -2 -7 -9 -6 -12 -13 -4
right_child=1 3 13 -5 10 8 -8 9 -10 -11 11 12 -14 -15
leaf_value=-0.049810378247083134 -0.053505097753859011 0.0029974632448548796 -0.013692426086741625 -0.06895385401669421 -0.051327495538624548 0.011618966798445395 -0.058812584154348216 -0.030215543477095343 0.035290208296228434 0.0065643871423349993 -0.049925488883410876 0.016331001257130908 -0.015998681872475051 0.046785836567713075
leaf_weight=413.96542506872993 201.85630828914873 2217.9529623889248 3.1673223021571166 54.39862169312255 73.912440219900418 3786.6864792654578 122.32881222113247 278.30935665482139 219.5211955973864 110.99902003122952 55.92392265667695 135.61181829250381 450.61304536791977 99.187834784810548
leaf_count=1535177 517380 648744 2552 81557 157921 139090 66727 456052 1360 130090 130461 25046 134074 588
internal_value=-5.93176e-10 0.00464176 -0.0201914 0.00734602 -0.0290334 0.00805379 -0.000351905 -0.0316469 0.0129584 -0.0197786 -0.0167599 -0.0124153 -0.00844497 0.0443638
internal_weight=8224.43 7094.41 693.52 6400.89 1130.03 6346.49 2340.28 591.165 4006.21 389.308 716.061 642.149 586.225 102.355
internal_count=4026819 2044140 1106662 937478 1982679 855921 715471 1103522 140450 586142 447502 289581 159120 3140
is_linear=0
shrinkage=0.05


Tree=63
num_leaves=15
num_cat=0
split_feature=2 9 1 3 9 9 5 9 6 7 6 4 9 9
split_gain=423.441 172.122 120.738 110.591 106.987 322.556 73.5386 60.7863 46.5837 39.8246 36.8093 32.9503 32.3755 30.4747
threshold=1.0000000180025095e-35 0.81952745268246663 1.0000000180025095e-35 0.78712920303154099 0.81999668242514734 0.83897827363476229 0.011625786862663042 0.80090909090909101 0.38301501880650018 0.29166666666666669 0.43790844142340252 0.75000000000000011 0.79909090909090918 0.80090909090909101
decision_type=2 2 2 2 2 2 2 2 2 2 2 2 2 2
left_child=3 6 4 -1 -3 -6 10 8 -8 11 -2 -5 -11 -14
right_child=1 2 -4 9 5 -7 7 -9 -10 12 -12 -13 13 -15
leaf_value=-0.049718608863451447 -0.043420633921953666 0.03858132204759674 -0.053308657810635776 -0.052004106789934272 -0.057160673782133721 0.0088474334348078998 0.0037406281985370203 -0.051317842979007156 -0.043866485861876289 -0.050339281917947842 0.070255479887194466 0.02317968127011125 0.016142029810150005 -0.013340660572518521
leaf_weight=396.68694197190598 229.38582786345614 270.97964744185265 76.055987937856116 104.42673036319593 186.34366564169522 5693.6402574273061 464.72564426554163 64.443590448514442 52.701758529339713 43.579823332609521 3.0074072250008603 13.898246720767927 104.57543829644783 441.35425109185962
leaf_count=1535177 911550 13647 50645 285822 224716 578131 123534 77512 46661 41527 17744 770 12737 106646
internal_value=7.38269e-11 0.00452086 0.00735038 -0.0287108 0.00814311 0.00670877 -0.0170304 -0.0073914 -0.00148175 -0.0166714 -0.0405008 -0.0425914 -0.0111543 -0.00759787
internal_weight=8145.81 7041.28 6227.02 1104.52 6150.96 5879.98 814.264 581.871 517.427 707.834 232.393 118.325 589.51 545.93
internal_count=4026819 2044140 867139 1982679 816494 802847 1177001 247707 170195 447502 929294 286592 160910 119383
is_linear=0
shrinkage=0.05


Tree=64
num_leaves=15
num_cat=0
split_feature=2 9 9 9 3 9 5 7 9 6 7 3 7 9
split_gain=398.198 166.512 264.209 169.732 108.436 104.888 84.6391 76.8596 60.7956 53.5552 38.3382 35.8847 31.8067 31.616
threshold=1.0000000180025095e-35 0.85853031175750594 0.84016393442622961 0.83931532534497422 0.78712920303154099 0.81999668242514734 0.021543168157390633 1.0000000180025095e-35 0.83996479752902908 0.28736875116976079 0.29166666666666669 0.99602594540369516 4.2916666666666679 0.91943609523658665
decision_type=2 2 2 2 2 2 2 2 2 2 2 2 2 2
left_child=4 2 3 5 -1 -2 7 11 -5 -9 13 -3 -8 -6
right_child=1 6 -4 8 10 -7 12 9 -10 -11 -12 -13 -14 -15
leaf_value=-0.049620144800789467 -0.0034967798558560464 -0.052687818194144191 -0.061129660982530289 0.033235426717301189 -0.05215954175186243 -0.038900357087730569 0.016688060698218682 0.010235248469722314 -0.02128291697694747 -0.0056599152742199477 -0.011017657640663484 -0.0099947787599633207 0.042300267264138561 0.021201025687766949
leaf_weight=378.34835025737993 1071.9274736660627 62.255924563941335 204.0612106982544 364.97239649349649 99.077158790637441 255.31022897955518 1385.9238396002511 2594.8617438384008 55.837056209224102 662.11445008442206 588.22742364665828 196.34170542285574 131.09974075394712 14.311201390748463
leaf_count=1535177 1191493 67639 161467 16067 283094 244850 14815 230298 13835 39491 160910 62451 1734 3498
internal_value=7.72984e-10 0.00437457 -0.0080069 -0.00164887 -0.0281825 -0.0104275 0.00918044 0.00490786 0.0258364 0.00700018 -0.0163528 -0.0210773 0.0190331 -0.0423961
internal_weight=8064.67 6984.71 1952.11 1748.05 1079.96 1327.24 5032.6 3515.57 420.809 3256.98 701.616 258.598 1517.02 113.388
internal_count=4026819 2044140 1627712 1466245 1982679 1436343 416428 399879 29902 269789 447502 130090 16549 286592
is_linear=0
shrinkage=0.05


Tree=65
num_leaves=15
num_cat=0
split_feature=2 9 5 3 6 5 3 9 4 6 4 9 9 5
split_gain=380.071 167.989 106.441 105.001 78.4563 87.2968 68.754 62.588 57.9718 55.5121 50.6493 39.1397 37.7168 34.3261
threshold=1.0000000180025095e-35 0.81952745268246663 0.017964693842742626 0.78712920303154099 0.23993746855002648 0.006913922433489028 0.99602594540369516 0.80090909090909101 0.010695493022191719 0.21235353771178253 0.016001024065540197 0.79909090909090918 0.79909090909090918 0.005388481319525437
decision_type=2 2 2 2 2 2 2 2 2 2 2 2 2 2
left_child=3 6 4 -1 5 -3 -2 11 -6 -4 -11 -8 -5 -14
right_child=1 2 9 12 8 -7 7 -9 -10 10 -12 -13 13 -15
leaf_value=-0.049536800903111355 -0.044753034351554921 -0.0093665213988786793 0.028092977404593322 -0.050746838004320172 -0.0037718706600592504 0.011485928853584714 -0.012114187435097821 -0.050596534394727916 -0.032390242678951631 0.025868354702268243 0.0066805229104696245 0.016405050007304724 -0.049551846209915193 -0.0085186895205004616
leaf_weight=362.17166849733985 171.99502134549857 684.77105827367996 587.68963546391024 66.79738410743812 687.92954161027592 1843.112906365448 385.61328798434806 75.408499051359286 234.01424405300349 431.10474177838478 1657.3473763037618 168.99081407610538 51.393642933938281 576.63278320295285
leaf_count=1535177 461858 387748 6386 157921 176194 184434 388605 225733 57938 9694 44745 100805 130461 159120
internal_value=-2.62245e-10 0.00426673 0.00708668 -0.0278543 0.00127681 0.00582993 -0.0171833 -0.00936363 -0.0111715 0.0145599 0.0106937 -0.00335529 -0.0162793 -0.0122414
internal_weight=7984.97 6927.98 6125.97 1057 3449.83 2527.88 802.008 630.013 921.944 2676.14 2088.45 554.604 694.824 628.026
internal_count=4026819 2044140 867139 1982679 806314 572182 1177001 715143 234132 60825 54439 489410 447502 289581
is_linear=0
shrinkage=0.05


Tree=66
num_leaves=15
num_cat=0
split_feature=2 9 5 3 6 5 4 5 7 6 5 5 12 5
split_gain=359.318 154.573 105.18 101.138 77.2026 76.2784 69.6174 66.0663 53.7988 51.8695 46.4521 37.6616 36.8219 35.511
threshold=1.0000000180025095e-35 0.81952745268246663 0.010267523839089212 0.78712920303154099 0.20478012139378513 0.025082482337882937 0.0033389074693422525 0.011625786862663042 2.3666666666666671 1.0000000180025095e-35 0.0039702935584434345 0.023909401607346017 1.0000000180025095e-35 0.005388481319525437
decision_type=2 2 2 2 2 2 2 2 2 2 2 2 2 2
left_child=3 7 6 -1 12 -6 10 -2 -8 -9 -3 -11 -4 -5
right_child=1 2 4 13 5 -7 8 9 -10 11 -12 -13 -14 -15
leaf_value=-0.04943326441703081 -0.039795868314781206 -0.016295813971830161 0.021494503472092964 -0.049979634093661622 0.0010043684034918489 0.017980614291324883 -0.0095628871109350311 0.022491752254309418 -0.047548763247942799 -0.03045439936423526 0.01090830420414772 -0.0016969610942190909 -0.052247715767970139 -0.012252623350820765
leaf_weight=343.92956440509988 217.97353982124423 193.89444352989995 1366.9438984602511 65.391212542926951 2088.925322730779 963.91096008797467 638.24218070688221 110.50639443343789 105.09874361131187 207.61100744480791 742.67307415408231 246.45282074309944 12.539942539598995 621.96101074411035
leaf_count=1535177 929294 115706 46785 201790 160261 10867 316251 28540 36867 202569 162324 16598 18078 245712
internal_value=3.13675e-10 0.00412315 0.0068047 -0.0274527 0.0108393 0.00638513 -0.00384093 -0.0167319 -0.0152154 -0.00755606 0.0052197 -0.0150342 0.0206379 -0.0161768
internal_weight=7926.05 6894.77 6112.23 1031.28 4432.32 3052.84 1679.91 782.544 743.341 564.57 936.568 454.064 1379.48 687.352
internal_count=4026819 2044140 867139 1982679 235991 171128 631148 1177001 353118 247707 278030 219167 64863 447502
is_linear=0
shrinkage=0.05


Tree=67
num_leaves=15
num_cat=0
split_feature=2 9 3 3 9 9 9 9 9 9 7 9 3 0
split_gain=338.992 145.687 141.228 97.4305 75.9448 78.6253 76.2659 68.0566 539.765 135.361 41.975 35.3292 32.6575 31.7611
threshold=1.0000000180025095e-35 0.87876017029044262 0.90647176557959208 0.78712920303154099 0.85996884124507644 0.85922992036498702 0.8783184218083816 0.8804088443888195 0.89801093933908993 0.90052559257986953 1.9166666666666667 0.79909090909090918 0.86591164706635171 1.5000000000000002
decision_type=2 2 2 2 2 2 2 2 2 2 2 2 2 2
left_child=3 2 10 -1 5 -4 -6 12 -9 -10 -2 -5 -3 -12
right_child=1 7 4 11 6 -7 -8 8 9 -11 13 -13 -14 -15
leaf_value=-0.049323157006930893 -0.050330079687413966 0.049320016644665669 -0.0021096952568236869 -0.050427850476644921 -0.051440627854087373 0.021475297274803309 0.0034091209429837378 -0.069319210118018573 0.02695374682010503 0.0045492415549495454 -8.2222669955053538e-05 -0.01217589192069558 0.018776468309766606 -0.03862108079003615
leaf_weight=325.96224787121173 176.81719081646952 97.386102817396932 1691.7900851385612 62.906792785267498 131.95172188977813 441.43374870817206 116.87528845347697 213.07373731504504 1015.9261630492947 1992.6086821933868 122.06863858109682 618.38480413513662 754.36953604786686 90.149087684236292
leaf_count=1535177 536880 11078 1007875 157921 80338 12333 2825 82084 35699 104100 82884 289581 20989 67055
internal_value=8.01532e-11 0.00399138 -0.00484779 -0.0270078 -0.000260492 0.00280962 -0.0261178 0.0100032 0.00665984 0.012147 -0.032576 -0.0160495 0.0225361 -0.0169655
internal_weight=7851.7 6844.45 2771.09 1007.25 2382.05 2133.22 248.827 4073.36 3221.61 3008.53 389.035 681.292 851.756 212.218
internal_count=4026819 2044140 1790190 1982679 1103371 1020208 83163 253950 221883 139799 686819 447502 32067 149939
is_linear=0
shrinkage=0.05


Tree=68
num_leaves=15
num_cat=0
split_feature=2 9 12 9 9 3 9 3 9 7 4 9 9 9
split_gain=322.416 140.077 101.48 103.554 283.053 94.6393 62.0926 56.4692 37.2852 34.0287 29.271 26.7868 26.708 17.128
threshold=1.0000000180025095e-35 0.81952745268246663 1.0000000180025095e-35 0.81999668242514734 0.83897827363476229 0.78712920303154099 0.80090909090909101 0.99602594540369516 0.79909090909090918 0.29166666666666669 0.75000000000000011 0.79909090909090918 0.80090909090909101 0.81975246368688992
decision_type=2 2 2 2 2 2 2 2 2 2 2 2 2 2
left_child=5 6 3 13 -5 -1 7 -2 -9 10 -7 -11 -13 -3
right_child=1 2 -4 4 -6 9 -8 8 -10 11 -12 12 -14 -15
leaf_value=-0.04922309110556642 -0.04105431958906159 0.0046799416062770901 -0.06273346358726696 -0.056075985296886732 0.0076469598639059043 -0.051469452053557956 -0.050640402041184376 -0.012072759743087066 0.015936523375080527 -0.049065464840474186 0.022150006694825787 0.014307273178813036 -0.013315194313595822 0.042927811416496202
leaf_weight=311.89077799223651 116.50323724517102 35.135613059668685 47.583091317022991 174.96440427491962 5539.1395308055744 90.3538288537884 107.13333481942709 373.28830719327834 168.3683730855937 37.815613761176792 12.849944769259308 105.20741768601874 429.3719470959586 220.86949841599926
leaf_count=1535177 319571 5678 89474 230157 534035 285822 368020 388605 100805 41527 770 12737 106646 7795
internal_value=-1.42912e-10 0.00389195 0.00645713 0.00706063 0.00564846 -0.0266184 -0.0161897 -0.0102424 -0.00330023 -0.015898 -0.0417031 -0.0109245 -0.00779678 0.0378687
internal_weight=7770.47 6782.99 6017.69 5970.11 5714.1 987.49 765.293 658.16 541.657 675.599 103.204 572.395 534.579 256.005
internal_count=4026819 2044140 867139 777665 764192 1982679 1177001 808981 489410 447502 286592 160910 119383 13473
is_linear=0
shrinkage=0.05


Tree=69
num_leaves=15
num_cat=0
split_feature=2 7 4 12 3 9 9 9 0 5 4 5 3 9
split_gain=304.41 135.54 158.894 116.247 92.2791 80.8331 350.48 93.1014 54.1121 32.7613 46.3679 64.5327 31.8916 15.1309
threshold=1.0000000180025095e-35 1.0000000180025095e-35 0.75000000000000011 1.0000000180025095e-35 0.78712920303154099 0.89801093933908993 0.8804088443888195 0.90052559257986953 1.0000000180025095e-35 0.005388481319525437 0.003384104443426478 0.011894397466205979 0.99602594540369516 0.8797551556860449
decision_type=2 2 2 2 2 2 2 2 2 2 2 2 2 2
left_child=4 2 8 5 -1 6 -3 -7 -2 -6 13 -12 -10 -11
right_child=1 3 -4 -5 9 7 -8 -9 12 10 11 -13 -14 -15
leaf_value=-0.049130339142521642 -0.046388149765802217 0.0051173925691618168 0.043298932173028298 -0.0660657299859497 -0.049544403070569808 0.025507956578784359 -0.068636019640245932 0.0062967902791500573 -0.048524207789349148 0.017804692484845126 -0.05469544345622155 -0.0095867466259916961 -0.0057046370385821594 -0.038639945199073912
leaf_weight=298.03542520007886 238.55587759730315 3114.3900137010287 84.117178032138327 50.502231444977951 59.964856439928553 955.07795475481544 164.85124791408089 1852.1043187433861 48.972406513967144 129.93537178505358 96.880303821807502 371.88897517497026 233.09630152357659 8.3355106347044039
leaf_count=1535177 595110 739233 3140 81557 201790 21123 43188 52377 141272 27466 134429 77452 367140 6365
internal_value=2.56037e-10 0.00376559 -0.0187237 0.00599516 -0.0261898 0.00664683 0.00131087 0.0128667 -0.0290613 -0.0156501 -0.0119246 -0.0193882 -0.0138546 0.0131722
internal_weight=7706.71 6741.67 604.742 6136.93 965.04 6086.42 3279.24 2807.18 520.625 667.005 607.04 468.769 282.069 138.271
internal_count=4026819 2044140 1106662 937478 1982679 855921 782421 73500 1103522 447502 245712 211881 508412 33831
is_linear=0
shrinkage=0.05


Tree=70
num_leaves=15
num_cat=0
split_feature=5 9 3 6 0 9 9 9 9 9 5 2 9 7
split_gain=291.522 158.07 111.749 93.0204 106.526 87.9673 63.945 226.477 159.189 101.825 56.7264 42.9421 42.5343 39.1902
threshold=0.0061479705471764552 0.87876017029044262 0.92212790887345675 1.0000000180025095e-35 1.5000000000000002 0.93661833775781111 0.87985343283963358 0.89801093933908993 0.8804088443888195 0.90052559257986953 0.01136377145058322 1.0000000180025095e-35 0.87949874608002809 1.9166666666666667
decision_type=2 2 2 2 2 2 2 2 2 2 2 2 2 2
left_child=5 2 13 10 -5 11 12 8 -8 -9 -4 -1 -3 -2
right_child=1 6 3 4 -6 -7 7 9 -10 -11 -12 -13 -14 -15
leaf_value=-0.048134316339625172 -0.048498871588959248 0.013639024047444437 -0.0012614970426831848 -0.014062606528421584 0.023930977597436596 0.014201814682787407 0.0085658485391133347 0.024115547080193651 -0.065785530728309352 0.0043418764807775989 0.022954456018284546 -0.02341800518375501 0.038871117597759096 -0.016186844655765909
leaf_weight=271.14578817128813 159.43157963089652 422.97389881542404 478.20920964524248 1326.9110988561597 209.51620665891824 115.70166816176561 122.62619854385321 1024.6880251530383 165.84513712969328 1778.3029902871131 483.2434703753861 546.33894630963823 281.13015075707699 237.48850954910995
leaf_count=1400362 421963 15297 212211 496542 28907 38499 6197 35060 66754 91308 47939 980241 7635 177904
internal_value=1.04344e-09 0.00365763 -0.00513781 -0.00119812 -0.00882076 -0.0261027 0.0103637 0.00724325 -0.0345721 0.0116006 0.0109657 -0.0318588 0.0239166 -0.0296076
internal_weight=7623.55 6690.37 2894.8 2497.88 1536.43 933.186 3795.57 3091.46 288.471 2802.99 961.453 817.485 704.104 396.92
internal_count=4026819 1607717 1385466 785599 525449 2419102 222251 199319 72951 126368 260150 2380603 22932 599867
is_linear=0
shrinkage=0.05


Tree=71
num_leaves=15
num_cat=0
split_feature=2 1 10 12 5 3 9 4 4 9 9 7 4 4
split_gain=279.167 125.83 123.599 120.473 96.3503 86.0676 30.2945 29.1493 26.7622 40.4646 11.7032 11.1663 3.1935 1.15303
threshold=1.0000000180025095e-35 1.0000000180025095e-35 1.0000000180025095e-35 1.0000000180025095e-35 0.021543168157390633 0.78712920303154099 0.79909090909090918 0.75000000000000011 0.75000000000000011 0.89990809998782983 0.91943609523658665 6.2916666666666679 0.75000000000000011 0.41666666666666669
decision_type=2 2 2 2 2 2 2 2 2 2 2 2 2 2
left_child=5 2 3 4 -2 12 -7 -4 9 -8 -10 -3 -1 -13
right_child=1 11 7 -5 -6 6 8 -9 10 -11 -12 13 -14 -15
leaf_value=-0.049296089636820667 0.0019981984149410798 -0.056425842802784724 -0.054211125739879511 -0.065529715828285012 0.015433981109114221 -0.049442488597604056 -0.010556690602135639 0.029901425667604831 -0.01628977502335946 -0.057186578239540369 0.038258823788441337 -0.01009969462619386 0.0090227637646717717 0.021653627291026885
leaf_weight=273.11869309627309 4464.9407501983351 88.555473202201028 101.99180955921474 54.414771376182216 1899.2031433852899 55.423256234665132 507.99050757911664 8.2496347169508208 10.226966789094147 46.783301507997749 31.581761281006038 0.80266520089207816 0.9303500224777953 3.454756885766983
leaf_count=1535143 1567379 94503 236063 100994 44723 157921 269177 78 900 19413 91 366 34 34
internal_value=-9.82553e-11 0.00360205 0.00444211 0.00535962 0.00601671 -0.0256369 -0.0155444 -0.0468925 -0.0120104 -0.0149646 0.0246008 -0.0526973 -0.04894 0.0134455
internal_weight=7547.67 6621.61 6528.8 6418.56 6364.14 926.055 652.006 110.241 596.583 554.774 41.8087 92.8129 274.049 4.25742
internal_count=4026819 2044140 1949237 1713096 1612102 1982679 447502 236141 289581 288590 991 94903 1535177 400
is_linear=0
shrinkage=0.05


Tree=72
num_leaves=15
num_cat=0
split_feature=7 4 9 9 5 9 5 4 0 3 9 0 8 4
split_gain=267.044 185.09 129.233 166.796 112.029 89.051 65.6885 97.9378 57.0621 51.4945 49.338 35.6702 28.8884 21.6497
threshold=1.0000000180025095e-35 0.75000000000000011 0.8783184218083816 0.86060534822215717 0.0049689589558181389 0.85922992036498702 0.026934874422620315 0.13392857142857145 2.5000000000000004 0.99602594540369516 0.95673159541188746 1.0000000180025095e-35 0.23271335681323799 0.044466403162055343
decision_type=2 2 2 2 2 2 2 2 2 2 2 2 2 2
left_child=1 9 3 4 -2 -6 7 10 -9 -1 -4 -11 -13 -8
right_child=2 -3 6 -5 5 -7 13 8 -10 11 -12 12 -14 -15
leaf_value=-0.05095821638934666 -0.044639222120575535 0.04026142558541454 0.0065978015525927948 -0.05733821306293984 -0.004583899649483008 0.01930592963430007 -0.011999718209538672 -0.052010538026425836 0.039238131888924138 -0.042308176409080321 0.032557760701429399 -0.021962324178155416 0.014272364846016237 0.028787482887817541
leaf_weight=304.68146707147025 141.8155845808833 86.902037294479669 3236.6601544774062 140.47203715538672 1875.0883368604791 487.20207987813501 32.334835777641274 99.019878170714946 16.701220968650887 153.63404850414281 189.52155798711328 192.10566751513579 72.334229279130341 457.47679255856929
leaf_count=1477513 469893 3929 421848 136031 684633 22590 285 1695 106 322741 8714 384520 89839 2482
internal_value=-2.5299e-10 -0.0270266 0.00329538 -0.00528784 -0.00225955 0.000373542 0.00892506 0.00653032 -0.0377615 -0.0353381 0.00807915 -0.0234868 -0.0119699 0.0260009
internal_weight=7485.95 809.657 6676.29 2644.58 2504.11 2362.29 4031.71 3541.9 115.721 722.755 3426.18 418.074 264.44 489.812
internal_count=4026819 2278542 1748277 1313147 1177116 707223 435130 432363 1801 2274613 430562 797100 474359 2767
is_linear=0
shrinkage=0.05


Tree=73
num_leaves=15
num_cat=0
split_feature=2 9 9 9 5 3 9 5 6 7 9 8 9 7
split_gain=257.891 121.595 91.3034 251.174 87.333 79.5211 56.2499 45.9603 45.4165 28.3568 24.9481 23.6548 17.4578 16.4287
threshold=1.0000000180025095e-35 0.81952745268246663 0.81999668242514734 0.83897827363476229 0.021543168157390633 0.78712920303154099 0.80090909090909101 0.010379922662753383 1.0000000180025095e-35 0.29166666666666669 0.91943609523658665 0.18638766328642051 0.79909090909090918 6.8333333333333339
decision_type=2 2 2 2 2 2 2 2 2 2 2 2 2 2
left_child=5 6 -3 -4 -5 -1 7 -2 -9 10 -7 12 -11 -13
right_child=1 2 3 4 -6 9 -8 8 -10 11 -12 13 -14 -15
leaf_value=-0.048754244280476776 -0.036552167206056654 0.035222926175200023 -0.05577425322638984 0.0023971876065127561 0.016531213582395631 -0.051143877532177952 -0.050251511353566695 0.023710736798345521 -0.011298158502769365 -0.044632450086116993 0.020025668709790237 -0.035504688118112186 -0.0026184427353020336 0.018964506847444787
leaf_weight=251.79942724437751 125.49693947996366 248.70890569051335 162.46571358131405 3853.0257508143477 1521.8946602770266 76.747769474834968 96.601537413943788 115.34472500114134 398.22983659438478 21.421431322425633 11.746238925541546 114.28681712925572 399.81765881774845 12.508346405345945
leaf_count=1535177 598378 14492 237152 592599 22896 283094 368020 30641 179962 23950 3498 62749 72495 1716
internal_value=6.05625e-10 0.00344858 0.00588592 0.00453768 0.00641084 -0.0251957 -0.0156316 -0.0100489 -0.00328264 -0.0155691 -0.0411314 -0.0111068 -0.0052535 -0.0296157
internal_weight=7410.1 6521.77 5786.1 5537.39 5374.92 888.328 735.673 639.072 513.575 636.528 88.494 548.034 421.239 126.795
internal_count=4026819 2044140 867139 852647 615495 1982679 1177001 808981 210603 447502 286592 160910 96445 64465
is_linear=0
shrinkage=0.05


Tree=74
num_leaves=15
num_cat=0
split_feature=2 9 5 3 6 5 4 5 8 9 3 9 7 9
split_gain=243.073 113.246 80.4522 76.8173 64.2657 63.9909 57.0322 81.1042 55.7868 53.0384 43.7917 32.027 26.6717 23.6855
threshold=1.0000000180025095e-35 0.81952745268246663 0.017964693842742626 0.78712920303154099 0.23993746855002648 0.0060976627033537617 0.016261237440507673 0.023909401607346017 0.35505856985357015 0.80090909090909101 0.99602594540369516 0.79909090909090918 0.29166666666666669 0.91943609523658665
decision_type=2 2 2 2 2 2 2 2 2 2 2 2 2 2
left_child=3 9 4 -1 5 -3 -4 -8 -6 10 -2 -12 13 -5
right_child=1 2 6 12 8 -7 7 -9 -10 -11 11 -13 -14 -15
leaf_value=-0.048640698016560263 -0.039303931615937697 -0.010913288668048214 0.027281630668232755 -0.050941239313610158 -0.018490272039286559 0.0089499375093911957 -0.0038544682051534713 0.017042278255597103 0.0096466638714674483 -0.049952762702541231 -0.012277902947508133 0.013917078770043749 -0.011089213637221589 0.01917155753331868
leaf_weight=239.35100245483409 100.72363786528376 508.26092011865831 514.99335594000877 72.811130699085879 645.64713724846979 1932.3148338413193 779.02423534847003 1138.7803464938952 237.97538461805652 91.05743527939967 363.22154303468324 166.06481931913459 543.44489973118107 11.553065744235935
leaf_count=1535177 319571 344979 10633 283094 190447 227203 34192 16000 43685 368020 388605 100805 160910 3498
internal_value=8.80548e-10 0.00333387 0.00567644 -0.0247818 0.000615987 0.00479948 0.0125756 0.00856594 -0.0109008 -0.0152795 -0.00991421 -0.00400584 -0.0153732 -0.0408043
internal_weight=7345.22 6478.06 5757 867.16 3324.2 2440.58 2432.8 1917.8 883.623 721.067 630.01 529.286 627.809 84.3642
internal_count=4026819 2044140 867139 1982679 806314 572182 60825 50192 234132 1177001 808981 489410 447502 286592
is_linear=0
shrinkage=0.05


Tree=75
num_leaves=13
num_cat=0
split_feature=2 10 12 1 5 3 9 4 5 4 7 4
split_gain=230.683 113.489 112.215 104.137 84.9556 74.1798 25.9946 24.0135 23.2438 34.5507 9.70021 2.98838
threshold=1.0000000180025095e-35 1.0000000180025095e-35 1.0000000180025095e-35 1.0000000180025095e-35 0.010267523839089212 0.78712920303154099 0.79909090909090918 0.75000000000000011 0.005388481319525437 0.003384104443426478 6.2916666666666679 0.75000000000000011
decision_type=2 2 2 2 2 2 2 2 2 2 2 2
left_child=5 2 3 4 -2 11 -7 -3 -8 -10 -5 -1
right_child=1 7 -4 10 -6 6 8 -9 9 -11 -12 -13
leaf_value=-0.048932097631783737 -0.0041889880157446949 -0.054387001302377724 -0.065014579399336039 -0.055453479243374029 0.009009153269711672 -0.048624607171045636 -0.047441942456902718 0.027532647415976427 0.012830835119462203 -0.016268595550572154 0.012345989499308903 0.008581277223857306
leaf_weight=227.1978558130163 1662.9193316282499 95.031896420343401 53.212436318157415 72.552106811491285 4539.957219458538 48.874262831634496 38.100114629555719 6.8269687035935922 131.78959726583525 403.67871160040249 3.9050804308426441 0.88933006537263182
leaf_count=1535143 1173496 242587 102284 86716 438606 157921 130461 78 25046 134074 373 34
internal_value=5.076e-10 0.00324087 0.00410002 0.00473697 0.00547036 -0.0243934 -0.0152331 -0.0478651 -0.0119921 -0.00905419 -0.0514453 -0.0485286
internal_weight=7284.93 6434.41 6332.55 6279.33 6202.88 850.53 622.443 101.859 573.568 535.468 76.4572 228.087
internal_count=4026819 2044140 1801475 1699191 1612102 1982679 447502 242665 289581 159120 87089 1535177
is_linear=0
shrinkage=0.05


Tree=76
num_leaves=15
num_cat=0
split_feature=7 4 12 5 9 9 9 9 3 7 0 8 9 5
split_gain=219.262 152.316 121.658 107.454 92.0168 151.763 55.6719 55.1478 49.4306 38.6504 31.9375 24.3851 13.2778 13.1395
threshold=1.0000000180025095e-35 0.75000000000000011 1.0000000180025095e-35 0.0039702935584434345 0.85922992036498702 0.84016393442622961 0.95673159541188746 0.93661833775781111 0.99602594540369516 0.36666666666666675 1.0000000180025095e-35 0.23271335681323799 0.91896661349564956 0.0025876018301528854
decision_type=2 2 2 2 2 2 2 2 2 2 2 2 2 2
left_child=1 8 3 7 5 -5 -6 9 -1 -2 12 -12 -10 -9
right_child=2 -3 -4 4 6 -7 -8 13 10 -11 11 -13 -14 -15
leaf_value=-0.050647608964427895 -0.0012683004144165371 0.039025994067098807 -0.066952795544476987 0.0018856314593924239 0.0076899081601775887 -0.036957565988983802 0.035759634090642235 0.030165221252497567 -0.046048493710583366 -0.052345432518548389 -0.020730227500687939 0.012810910550436816 0.0020167284998662597 -0.012845691278388374
leaf_weight=257.95447130739831 48.975634571031605 76.694933954240696 56.707578937382095 1541.820694694708 4169.9501721508868 295.37346946986372 179.99467631935568 36.7532993737168 125.9554513749481 150.22706295487023 184.39041275178624 71.994322595721314 15.679143042132635 27.071541389901995
leaf_count=1477513 58063 3929 88452 658337 337308 109542 3930 4618 320781 475423 384520 89839 1960 12604
internal_value=-2.85782e-10 -0.0258356 0.00292667 0.00359241 0.00493141 -0.00444271 0.00889112 -0.027409 -0.0336569 -0.0401262 -0.0221536 -0.0112468 -0.0408403 0.0123141
internal_weight=7239.54 732.669 6506.87 6450.17 6187.14 1837.19 4349.94 263.028 655.974 199.203 398.019 256.385 141.635 63.8248
internal_count=4026819 2278542 1748277 1659825 1109117 767879 341238 550708 2274613 533486 797100 474359 322741 17222
is_linear=0
shrinkage=0.05


Tree=77
num_leaves=15
num_cat=0
split_feature=2 9 9 9 9 5 3 6 9 9 5 7 9 9
split_gain=217.516 109.324 234.644 129.239 90.688 68.1864 67.68 56.4345 52.2457 47.4762 38.9334 25.1096 24.3111 23.9288
threshold=1.0000000180025095e-35 0.85853031175750594 0.84016393442622961 0.83931532534497422 0.81999668242514734 0.021543168157390633 0.78712920303154099 0.28736875116976079 0.87876017029044262 0.83996479752902908 0.010267523839089212 4.2916666666666679 0.79909090909090918 0.9385539303799969
decision_type=2 2 2 2 2 2 2 2 2 2 2 2 2 2
left_child=6 2 3 4 -2 7 -1 10 -9 -5 -3 13 -8 -7
right_child=1 5 -4 9 -6 11 12 8 -10 -11 -12 -13 -14 -15
leaf_value=-0.048321111087321844 -0.002633919215542008 0.00018620696742762958 -0.060264126850173398 0.031277876321340096 -0.038207941164523453 0.012412314674787676 -0.048361096670973262 -0.040624618733481353 -0.0032915957656200188 -0.019215058505068577 0.012375798159619674 0.039361890801029226 -0.012356505581075606 0.038330463794576886
leaf_weight=209.73975508446892 954.59588154003859 1223.9745170332349 183.33786322179913 323.06878527443587 215.79568530326151 1093.1574088673406 47.146649074812558 106.49375614402652 594.74701238658736 50.804911802137212 1404.7181894771456 109.89321575273061 568.66367037961118 93.790048805865808
leaf_count=1535177 1191493 264989 161467 16067 244850 14349 157921 28657 41541 13835 64692 1734 289581 466
internal_value=-1.40139e-10 0.00314289 -0.00757511 -0.00114548 -0.00932765 0.00714877 -0.0240645 0.00334991 -0.00920864 0.0242535 0.0067112 0.0168529 -0.0154803 0.0146125
internal_weight=7179.93 6354.38 1727.6 1544.27 1170.39 4626.77 825.55 3329.93 701.241 373.874 2628.69 1296.84 615.81 1186.95
internal_count=4026819 2044140 1627712 1466245 1436343 416428 1982679 399879 70198 29902 329681 16549 447502 14815
is_linear=0
shrinkage=0.05


Tree=78
num_leaves=15
num_cat=0
split_feature=2 9 9 9 9 5 9 5 6 6 4 5 4 6
split_gain=206.474 108.767 84.8452 214.34 69.1323 65.308 48.3376 39.0552 50.3274 37.075 29.5181 51.9549 27.5537 27.3817
threshold=1.0000000180025095e-35 0.81952745268246663 0.81999668242514734 0.83897827363476229 0.83996479752902908 0.0065789772496372429 0.80090909090909101 0.011625786862663042 1.0000000180025095e-35 0.43790844142340252 0.003384104443426478 0.011894397466205979 0.022474747474747477 1.0000000180025095e-35
decision_type=2 2 2 2 2 2 2 2 2 2 2 2 2 2
left_child=5 6 -3 -4 -5 -1 7 9 -9 -2 13 -12 -13 -7
right_child=1 2 3 4 -6 10 -8 8 -10 -11 11 12 -14 -15
leaf_value=-0.04675726869357319 -0.038268379157552934 0.034034067989812962 -0.054800260882921295 0.026026430672076568 0.0041263163956443095 0.014702921402306935 -0.049638546379238341 0.02521536383095881 -0.012273908047467925 0.081704853544256398 -0.052887939932865224 0.0050002645884445994 -0.022868688573283259 -0.045722356631834549
leaf_weight=218.80844576514596 133.4878026660374 242.38092517733094 145.30789654005457 384.78390162266442 4829.0368773885566 117.29331221009443 84.924748294781011 111.7171857725516 380.05428155589107 2.1691368924366534 94.643411097840726 144.5453802040679 218.41938412350919 17.201120550828591
leaf_count=1489966 626159 14492 237152 23765 591730 55930 368020 19589 150606 12627 221647 61606 60951 92579
internal_value=1.54183e-09 0.00305643 0.00539978 0.0040742 0.00576595 -0.0236707 -0.0152794 -0.0102731 -0.00358929 -0.0335138 -0.0148191 -0.0208199 -0.0118532 0.00561299
internal_weight=7124.77 6313.86 5601.51 5359.13 5213.82 810.911 712.353 627.428 491.771 135.657 592.103 457.608 362.965 134.494
internal_count=4026819 2044140 867139 852647 615495 1982679 1177001 808981 170195 638786 492713 344204 122557 148509
is_linear=0
shrinkage=0.05


Tree=79
num_leaves=15
num_cat=0
split_feature=7 4 12 9 5 6 9 9 3 8 0 8 9 9
split_gain=195.077 132.772 118.132 98.7554 92.9677 86.6311 53.5525 366.269 48.0521 43.9448 32.91 19.9644 11.8739 9.9253
threshold=1.0000000180025095e-35 0.75000000000000011 1.0000000180025095e-35 0.87876017029044262 0.0049689589558181389 1.0000000180025095e-35 0.8804088443888195 0.89801093933908993 0.99602594540369516 1.0000000180025095e-35 1.0000000180025095e-35 0.23271335681323799 0.83897827363476229 0.91896661349564956
decision_type=2 2 2 2 2 2 2 2 2 2 2 2 2 2
left_child=1 8 3 4 -2 -6 9 -8 -1 -5 13 -12 -3 -10
right_child=2 12 -4 6 5 -7 7 -9 10 -11 11 -13 -14 -15
leaf_value=-0.0506540434001021 -0.044193051749918742 -0.023535515217458093 -0.066837933537472555 0.027656051864644333 0.0089255594028098875 -0.010007008092572572 -0.064863405475413666 0.0098179570833286014 -0.045647606398891545 0.0020373570281354831 -0.019192966204322193 0.011306629235743123 0.043148656444494234 -0.0020059431634318081
leaf_weight=231.13360106993696 132.14116097426404 4.2479845480338545 55.472770640835734 557.70660133733668 1053.4515324674226 1403.2210571019714 169.45703626376326 2789.233393145229 118.95905885969341 239.46807517244065 177.30336467621646 72.164749020398631 66.224459399098123 15.085496496791164
leaf_count=1477513 529641 3236 88452 37182 393610 355671 91266 227021 320781 25434 384520 89839 693 1960
internal_value=-4.24693e-10 -0.0252576 0.00272136 0.00338168 -0.00412732 -0.00188685 0.00855604 0.00543842 -0.0327385 0.020021 -0.0214284 -0.0103214 0.0378361 -0.0409849
internal_weight=7085.27 685.119 6400.15 6344.68 2588.81 2456.67 3755.87 2958.69 614.646 797.175 383.513 249.468 70.4724 134.045
internal_count=4026819 2278542 1748277 1659825 1278922 749281 380903 318287 2274613 62616 797100 474359 3929 322741
is_linear=0
shrinkage=0.05


Tree=80
num_leaves=15
num_cat=0
split_feature=2 10 12 1 5 3 5 4 5 9 4 4 7 6
split_gain=190.68 97.0715 92.701 88.1726 70.0849 62.0809 23.5008 31.0282 47.9676 21.0033 18.2725 15.1746 7.94821 5.60163
threshold=1.0000000180025095e-35 1.0000000180025095e-35 1.0000000180025095e-35 1.0000000180025095e-35 0.017964693842742626 0.78712920303154099 0.026934874422620315 0.022474747474747477 0.018796284373825072 0.87876017029044262 0.75000000000000011 0.18333333333333338 6.2916666666666679 0.31141240642329898
decision_type=2 2 2 2 2 2 2 2 2 2 2 2 2 2
left_child=5 2 3 4 -2 -1 7 8 -7 -9 -3 -8 -5 -13
right_child=1 10 -4 12 -6 6 11 9 -10 -11 -12 13 -14 -15
leaf_value=-0.048008741144717371 0.00024285501158498237 -0.053842294800934692 -0.06277951940907267 -0.055110338383519947 0.011120770141283307 -0.01711442221336525 -0.026834976177013005 -0.05131449983823342 0.034488842852264577 -0.012910453064698141 0.024209822141473249 -0.0036222715098989909 0.010054332163583892 0.035689983897434337
leaf_weight=186.21926906943509 3458.7091344123364 81.925211217952892 47.029930330492789 62.440777712885392 2584.4843050704349 339.42293538099966 13.057989611486844 93.589634860075876 47.076151788598509 62.476743950501259 5.4011632438632651 10.578529212391002 3.5143254988943218 35.282775664571091
leaf_count=1535177 1507450 242587 102284 86716 104652 374257 1569 61988 3603 4964 78 138 373 983
internal_value=-3.60354e-10 0.00293067 0.00369097 0.0042536 0.00490035 -0.0231011 -0.0150574 -0.0183152 -0.0104689 -0.0368186 -0.0479651 0.0140283 -0.0511743 0.0271574
internal_weight=7031.21 6243.5 6156.18 6109.15 6043.19 787.704 601.485 542.565 386.499 156.066 87.3264 58.9193 65.9551 45.8613
internal_count=4026819 2044140 1801475 1699191 1612102 1982679 447502 444812 377860 66952 242665 2690 87089 1121
is_linear=0
shrinkage=0.05


Tree=81
num_leaves=15
num_cat=0
split_feature=7 4 9 9 9 9 9 9 9 9 7 3 0 5
split_gain=179.865 115.472 102.486 153.967 81.3698 105.805 54.3671 163.192 352.354 112.122 46.9977 46.9652 31.3365 23.4863
threshold=1.0000000180025095e-35 0.75000000000000011 0.8783184218083816 0.86060534822215717 0.85922992036498702 0.84016393442622961 0.95673159541188746 0.92035063528021277 0.93661833775781111 0.91721108664779505 3.5500000000000003 0.99602594540369516 1.0000000180025095e-35 0.014830894543813582
decision_type=2 2 2 2 2 2 2 2 2 2 2 2 2 2
left_child=1 11 3 4 5 -2 7 9 -9 -4 -6 -1 -13 -8
right_child=2 -3 6 -5 10 -7 13 8 -10 -11 -12 12 -14 -15
leaf_value=-0.050661217100285039 -0.001928523047150698 0.036484695086659309 0.0041542491485629133 -0.057085690029476471 0.0082325339885380676 -0.034672178301188503 0.015194408711106739 -0.086467411794039217 0.0070874272683877282 0.024664393595887631 0.047883312793758473 -0.040388002497441754 -0.010084466417851339 0.049210086400537985
leaf_weight=211.02187357727053 1595.3569946419034 64.724719033296424 2225.5544615371241 130.87582601232543 383.48994737225621 286.99829492454228 111.00675799017927 138.85545115152468 332.85034586426468 947.75684735274672 88.789326093140062 129.22354267833362 247.6151949279265 99.910981181612442
leaf_count=1477513 956632 3929 307373 136031 38502 174267 8297 29165 34361 55434 7715 322741 474359 500
internal_value=-1.10607e-10 -0.0248919 0.00257917 -0.0053314 -0.00233991 -0.0069995 0.00767857 0.00622494 -0.0210703 0.0103091 0.0161105 -0.0319003 -0.0208688 0.0320739
internal_weight=6994.03 652.585 6341.45 2485.51 2354.63 1882.36 3855.93 3645.02 471.706 3173.31 472.279 587.861 376.839 210.918
internal_count=4026819 2278542 1748277 1313147 1177116 1130899 435130 426333 63526 362807 46217 2274613 797100 8797
is_linear=0
shrinkage=0.05


Tree=82
num_leaves=15
num_cat=0
split_feature=2 9 9 9 5 3 9 9 9 4 9 5 4 9
split_gain=177.688 96.2654 78.3058 194.157 65.2539 57.9485 45.2492 34.6109 74.3937 24.0881 21.5599 19.3022 33.5778 16.8599
threshold=1.0000000180025095e-35 0.81952745268246663 0.81999668242514734 0.83897827363476229 0.021543168157390633 0.78712920303154099 0.80090909090909101 0.79909090909090918 0.780701144198508 0.22500000000000003 0.79909090909090918 0.026934874422620315 0.044466403162055343 0.81975246368688992
decision_type=2 2 2 2 2 2 2 2 2 2 2 2 2 2
left_child=5 6 13 -4 -5 -1 7 8 -2 -9 -7 12 -12 -3
right_child=1 2 3 4 -6 10 -8 9 -10 -11 11 -13 -14 -15
leaf_value=-0.047806831731974281 -0.0064620939646036178 0.00045924982130284817 -0.05440339508114355 0.0018647746270167203 0.014536720098551868 -0.047577829709320563 -0.049342534566170486 -0.0010403609266428132 -0.056087420132127669 0.04261297379840423 -0.0091300006924391504 0.015165496178732524 -0.043672092902343279 0.038055929009001455
leaf_weight=172.81044340477956 341.80755053357029 34.900666569859823 134.68229914039148 3695.3775931035098 1397.0859312544544 42.344194610892828 77.903732037985719 153.41445883244273 92.558428495287899 34.726556140936736 411.76346251757332 54.49731588880968 81.033700956973917 204.88595765618811
leaf_count=1535177 430376 6226 237152 592599 22896 157921 368020 161701 215474 1430 268973 1984 18624 8266
internal_value=1.39675e-09 0.00282115 0.00506012 0.00376192 0.00535209 -0.0226896 -0.0145667 -0.00985622 -0.0175546 0.00791162 -0.0149882 -0.0120588 -0.0151916 0.0327049
internal_weight=6929.79 6167.34 5466.93 5227.15 5092.46 762.449 700.411 622.507 434.366 188.141 589.639 547.294 492.797 239.787
internal_count=4026819 2044140 867139 852647 615495 1982679 1177001 808981 645850 163131 447502 289581 287597 14492
is_linear=0
shrinkage=0.05


Tree=83
num_leaves=15
num_cat=0
split_feature=2 9 9 9 9 5 9 9 9 7 9 6 6 4
split_gain=169.85 87.0132 147.461 84.7791 210.177 56.7067 51.9114 340.823 91.0315 44.9756 31.1507 66.7605 26.9505 23.3433
threshold=1.0000000180025095e-35 0.8783184218083816 0.85996884124507644 0.85853031175750594 0.84016393442622961 0.0065789772496372429 0.8804088443888195 0.89801093933908993 0.89980615842523093 3.5500000000000003 0.87949874608002809 0.33906892680262607 0.45597551297777661 0.003384104443426478
decision_type=2 2 2 2 2 2 2 2 2 2 2 2 2 2
left_child=5 2 3 4 -2 -1 10 -8 -9 -5 11 -3 -4 -7
right_child=1 6 12 9 -6 13 7 8 -10 -11 -12 -13 -14 -15
leaf_value=-0.045885339252122452 -0.00095942063854440041 0.016033806671340051 -0.05819593092658934 0.0090793008846190223 -0.059286079714874741 0.0038516211820967174 -0.064498647198194148 0.022688330025925563 0.0026651989057298541 0.047506024507709528 0.028754553946875507 -0.041453929279775342 0.014833194547362788 -0.019818092612859214
leaf_weight=186.95453364030607 1478.4786784309213 443.45473618319193 137.54514847909422 425.84392772998353 167.49124664691999 134.82294501857598 165.2089423174607 790.19787808383944 1989.2639338313948 88.779887344113376 379.6976346071724 52.087734851379537 11.886225163863854 432.3349926874921
leaf_count=1489966 1466245 19327 125219 28646 161467 148509 82084 27794 112005 2394 14793 2450 1716 344204
internal_value=1.64544e-10 0.00276066 -0.00489317 -0.00151586 -0.00705622 -0.0223109 0.00738953 0.0041966 0.00838827 0.0161018 0.018047 0.0096374 -0.0520948 -0.0142069
internal_weight=6884.05 6129.94 2310.03 2160.59 1645.97 754.112 3819.91 2944.67 2779.46 514.624 875.24 495.542 149.431 567.158
internal_count=4026819 2044140 1785687 1658752 1627712 1982679 258453 221883 139799 31040 36570 21777 126935 492713
is_linear=0
shrinkage=0.05


Tree=84
num_leaves=15
num_cat=0
split_feature=2 9 9 9 9 9 9 5 3 6 5 4 8 5
split_gain=163.565 89.8897 543.512 145.44 102.712 230.831 151.466 66.8286 54.2182 43.2979 32.6239 27.4674 21.3101 20.466
threshold=1.0000000180025095e-35 0.91721108664779505 0.90052559257986953 0.89907594537895863 0.91989394814336622 0.93661833775781111 0.92035063528021277 0.010267523839089212 0.78712920303154099 0.31854980699365026 0.0034737959870653101 0.0094788858939802347 0.2055662108883142 0.018796284373825072
decision_type=2 2 2 2 2 2 2 2 2 2 2 2 2 2
left_child=8 2 3 7 10 6 -6 -2 -1 -5 -3 -7 -12 -10
right_child=1 4 -4 9 5 11 -8 -9 13 -11 12 -13 -14 -15
leaf_value=-0.047556152376583873 -0.012904800039178927 -0.042220456342030747 -0.080368067528505435 0.015804104960491804 0.0064057882984108975 0.0032675246717475495 -0.083274238532769357 0.0028827726002585681 -0.021298263598447879 0.044304977622748598 0.030134339660687095 0.026138142717699486 0.012415280647152549 -0.0014499341154224786
leaf_weight=159.00836626855425 878.25572111854262 13.904002075987135 200.51249625569926 417.8385226345049 77.046839889015246 242.49385494216131 113.41410409780929 2775.4934357100901 390.68792293154229 197.99227420558782 637.84725226167211 285.4757592213391 244.68745291269397 194.4777290524853
leaf_count=1535177 1406673 2578 41267 18789 4579 13615 18542 512548 424714 2030 12446 4140 6933 22788
internal_value=1.79064e-10 0.00271205 -0.000943712 0.00287594 0.0128032 -0.00129118 -0.0477603 -0.000924553 -0.022046 0.0252503 0.0240433 0.015763 0.0253193 -0.0147699
internal_weight=6829.14 6084.96 4470.09 4269.58 1614.87 718.431 190.461 3653.75 744.174 615.831 896.439 527.97 882.535 585.166
internal_count=4026819 2044140 1981307 1940040 62833 40876 23121 1919221 1982679 20819 21957 17755 19379 447502
is_linear=0
shrinkage=0.05


end of trees

feature_importances:
quality=427
rrf_raw=221
term_coverage=115
attribute_raw=101
category_match=92
lexical_signal=71
dense_raw=53
novelty_penalty=51
exact_matches=16
partial_matches=14
contradictions=14
profile_match=13

parameters:
[boosting: gbdt]
[objective: lambdarank]
[metric: ndcg]
[tree_learner: serial]
[device_type: cpu]
[data_sample_strategy: bagging]
[data: ]
[valid: ]
[num_iterations: 300]
[learning_rate: 0.05]
[num_leaves: 15]
[num_threads: 4]
[seed: 20260830]
[deterministic: 1]
[force_col_wise: 1]
[force_row_wise: 0]
[histogram_pool_size: -1]
[max_depth: 5]
[min_data_in_leaf: 40]
[min_sum_hessian_in_leaf: 0.001]
[bagging_fraction: 1]
[pos_bagging_fraction: 1]
[neg_bagging_fraction: 1]
[bagging_freq: 0]
[bagging_seed: 3520]
[bagging_by_query: 0]
[feature_fraction: 1]
[feature_fraction_bynode: 1]
[feature_fraction_seed: 25582]
[extra_trees: 0]
[extra_seed: 14767]
[early_stopping_round: 0]
[early_stopping_min_delta: 0]
[first_metric_only: 0]
[max_delta_step: 0]
[lambda_l1: 0]
[lambda_l2: 5]
[linear_lambda: 0]
[min_gain_to_split: 0]
[drop_rate: 0.1]
[max_drop: 50]
[skip_drop: 0.5]
[xgboost_dart_mode: 0]
[uniform_drop: 0]
[drop_seed: 20645]
[top_rate: 0.2]
[other_rate: 0.1]
[min_data_per_group: 100]
[max_cat_threshold: 32]
[cat_l2: 10]
[cat_smooth: 10]
[max_cat_to_onehot: 4]
[top_k: 20]
[monotone_constraints: ]
[monotone_constraints_method: basic]
[monotone_penalty: 0]
[feature_contri: ]
[forcedsplits_filename: ]
[refit_decay_rate: 0.9]
[cegb_tradeoff: 1]
[cegb_penalty_split: 0]
[cegb_penalty_feature_lazy: ]
[cegb_penalty_feature_coupled: ]
[path_smooth: 0]
[interaction_constraints: ]
[verbosity: -1]
[saved_feature_importance_type: 0]
[use_quantized_grad: 0]
[num_grad_quant_bins: 4]
[quant_train_renew_leaf: 0]
[stochastic_rounding: 1]
[linear_tree: 0]
[max_bin: 255]
[max_bin_by_feature: ]
[min_data_in_bin: 3]
[bin_construct_sample_cnt: 200000]
[data_random_seed: 4792]
[is_enable_sparse: 1]
[enable_bundle: 1]
[use_missing: 1]
[zero_as_missing: 0]
[feature_pre_filter: 1]
[pre_partition: 0]
[two_round: 0]
[header: 0]
[label_column: ]
[weight_column: ]
[group_column: ]
[ignore_column: ]
[categorical_feature: ]
[forcedbins_filename: ]
[precise_float_parser: 0]
[parser_config_file: ]
[objective_seed: 28250]
[num_class: 1]
[is_unbalance: 0]
[scale_pos_weight: 1]
[sigmoid: 1]
[boost_from_average: 1]
[reg_sqrt: 0]
[alpha: 0.9]
[fair_c: 1]
[poisson_max_delta_step: 0.7]
[tweedie_variance_power: 1.5]
[lambdarank_truncation_level: 13]
[lambdarank_norm: 1]
[label_gain: ]
[lambdarank_position_bias_regularization: 0]
[eval_at: 10]
[multi_error_top_k: 1]
[auc_mu_weights: ]
[num_machines: 1]
[local_listen_port: 12400]
[time_out: 120]
[machine_list_filename: ]
[machines: ]
[gpu_platform_id: -1]
[gpu_device_id: -1]
[gpu_device_id_list: ]
[gpu_use_dp: 0]
[num_gpu: 1]

end of parameters

pandas_categorical:null
