sample_id,split,scenario_type,difficulty_bucket,subtype,category_bucket,parent_asin
tcsv1_dev_0001,dev,intent_override,hard,brand_change,undershirts_tanks_camisoles,B00TEA446S
tcsv1_dev_0002,dev,buying,easy,standard,girls_hoodies,B07WL87Q5Z
tcsv1_dev_0003,dev,buying,hard,standard,men_shirts,B07B4S2KRJ
tcsv1_dev_0004,dev,boundary,hard,unit_or_size_ambiguity,women_accessories,B01IFMGPMG
tcsv1_dev_0005,dev,buying,medium,standard,baby_girls_jackets_coats,B00NXWX4XW
tcsv1_dev_0006,dev,browsing,medium,standard,girls_underwear,B01JZOJHWI
tcsv1_dev_0007,dev,buying,easy,standard,work_safety_school_uniforms,B07FNTKNLS
tcsv1_dev_0008,dev,buying,hard,standard,bags_wallets_accessories,B07D5DJ271
tcsv1_dev_0009,dev,buying,easy,standard,women_pants,B075DG31HT
tcsv1_dev_0010,dev,buying,easy,standard,team_sports_soccer,B077THDT16
tcsv1_dev_0011,dev,browsing,medium,standard,suiting_blazers_suit_sets,B093H2CXZP
tcsv1_dev_0012,dev,browsing,hard,standard,shoes_flats,B0B6FPCHY8
tcsv1_dev_0013,dev,intent_override,easy,budget_change,sleepwear_robes_pajama_sets,B09WQ2BPX7
tcsv1_dev_0014,dev,intent_override,hard,key_attribute_change,shoes_jewelry_men_s_halloween_costumes,B00EW6WZ5Q
tcsv1_dev_0015,dev,browsing,easy,standard,socks_tights_tights,B00ARY8VQ4
tcsv1_dev_0016,dev,browsing,medium,standard,shoes_jewelry_women_s_plus_size_apparel,B093FJ739C
tcsv1_dev_0017,dev,browsing,medium,standard,active_active_shorts,B0095D6I0E
tcsv1_dev_0018,dev,browsing,hard,standard,coats_jackets_vests,B004YFBP88
tcsv1_dev_0019,dev,buying,medium,standard,fashion_chukka,B088WDSWWT
tcsv1_dev_0020,dev,buying,hard,standard,fashion_western,B077131H59
tcsv1_dev_0021,dev,intent_override,easy,budget_change,base_layers_compression_compression_shorts,B00C4OLMAC
tcsv1_dev_0022,dev,buying,medium,standard,sweaters_cardigans,B08MVFNKJ1
tcsv1_dev_0023,dev,boundary,medium,exact_threshold,shapewear_tops,B0047O3RT6
tcsv1_dev_0024,dev,browsing,easy,standard,kids_shoes_girls_sneakers_no_fs,B001AB1QF6
tcsv1_dev_0025,dev,buying,medium,standard,card_id_cases_card_cases,B09GKY1YG3
tcsv1_dev_0026,dev,browsing,hard,standard,dresses_special_occasion,B076Y31HYG
tcsv1_dev_0027,dev,buying,hard,standard,sunglasses_eyewear_accessories_sunglasses,B0B8212D6H
tcsv1_dev_0028,dev,browsing,easy,standard,boots_knee_high,B0C7S2XNL4
tcsv1_dev_0029,dev,buying,hard,standard,boys_clothing_sets,B0B8HYNTS3
tcsv1_dev_0030,dev,browsing,easy,standard,outdoor_snow_boots,B07C8QNKC2
tcsv1_dev_0031,dev,buying,medium,standard,boots_mid_calf,B09Q9FP9HS
tcsv1_dev_0032,dev,browsing,medium,standard,boys_gloves,B074FVT9LQ
tcsv1_dev_0033,dev,buying,medium,standard,jackets_vests_active_performance,B00PSWU85W
tcsv1_dev_0034,dev,intent_override,medium,brand_change,sport_specific_clothing_basketball,B007HRG7QA
tcsv1_dev_0035,dev,buying,medium,standard,socks_hosiery_socks,B07LFDNTDK
tcsv1_dev_0036,dev,browsing,medium,standard,sleep_lounge_sleep_tops,B07CGGVRX6
tcsv1_dev_0037,dev,buying,medium,standard,dresses_work,B0791K4Z6J
tcsv1_dev_0038,dev,buying,hard,standard,accessories_belt_buckles,B005DIN4VQ
tcsv1_dev_0039,dev,buying,hard,standard,healthcare_uniforms_healthcare_uniforms,B00XRBNJ7K
tcsv1_dev_0040,dev,buying,easy,standard,athletic_running,B09H5571SL
tcsv1_dev_0041,dev,browsing,hard,standard,kids_shoes_union_boys_athletic,B08VJ5VMNL
tcsv1_dev_0042,dev,browsing,easy,standard,work_utility_industrial_construction_boots,B00VV1IWKW
tcsv1_dev_0043,dev,boundary,easy,exact_threshold,scarves_wraps_neck_gaiters,B08M64XYLL
tcsv1_dev_0044,dev,intent_override,medium,category_or_use_case_change,jewelry_necklaces,B07BVWL1PF
tcsv1_dev_0045,dev,buying,hard,standard,pants_wear_to_work,B07G9NNMDG
tcsv1_dev_0046,dev,browsing,hard,standard,gloves_mittens_gloves,B08P5GMJ28
tcsv1_dev_0047,dev,intent_override,medium,category_or_use_case_change,accessories_scarves,B077878YYL
tcsv1_dev_0048,dev,buying,medium,standard,shoes_jewelry_costumes_accessories,B07QXRWLF1
tcsv1_dev_0049,dev,boundary,hard,exact_threshold,soccer_futsal_boys,B07SFV1VTG
tcsv1_dev_0050,dev,browsing,easy,standard,luggage_travel_gear_backpacks,B09M3JMP24
tcsv1_dev_0051,dev,buying,hard,standard,women_masks,B01540Y1U0
tcsv1_dev_0052,dev,browsing,medium,standard,handbags_wallets_totes,B088P3GWL9
tcsv1_dev_0053,dev,buying,medium,standard,women_shirts,B09FK9D24F
tcsv1_dev_0054,dev,browsing,hard,standard,jewelry_boxes_organizers_jewelry_armoires,B09NFRZ8GW
tcsv1_dev_0055,dev,browsing,medium,standard,jackets_coats_vests,B01D5IXWLW
tcsv1_dev_0056,dev,buying,hard,standard,panties_bikinis,B08S3YZM5L
tcsv1_dev_0057,dev,buying,hard,standard,women_shoes,B0B7GDKBBR
tcsv1_dev_0058,dev,intent_override,easy,category_or_use_case_change,novelty_more_novelty,B09QCSDHBJ
tcsv1_dev_0059,dev,buying,medium,standard,work_utility_tops,B06X1B6JCQ
tcsv1_dev_0060,dev,browsing,hard,standard,shorts_trunks_trunks,B00W6ZU1NS
tcsv1_dev_0061,dev,browsing,medium,standard,work_utility_safety_overalls_coveralls,B0043VAV2E
tcsv1_dev_0062,dev,browsing,medium,standard,women_tops,B08PPLBKPY
tcsv1_dev_0063,dev,buying,medium,standard,base_layers_compression_shirts,B01EFHY87O
tcsv1_dev_0064,dev,intent_override,hard,brand_change,shoes_jewelry_our_favorite_casual_boots,B01MT8QN5V
tcsv1_dev_0065,dev,intent_override,medium,budget_change,hats_caps_cold_weather_headbands,B07Z4XCC52
tcsv1_dev_0066,dev,buying,medium,standard,necklaces_pearl_strands,B00G64803I
tcsv1_dev_0067,dev,intent_override,medium,key_attribute_change,earrings_hoop,B00SW0PNS4
tcsv1_dev_0068,dev,browsing,hard,standard,sunglasses_eyewear_accessories_eyewear_frames,B073QTLF7G
tcsv1_dev_0069,dev,buying,easy,standard,girls_dresses,B08MF59XGZ
tcsv1_dev_0070,dev,buying,easy,standard,work_utility_safety_pants,B09R13HXNF
tcsv1_dev_0071,dev,browsing,medium,standard,women_sleepwear_robes_sets,B004M17ZX8
tcsv1_dev_0072,dev,intent_override,hard,brand_change,lingerie_bustiers_corsets,B0178RMBY0
tcsv1_dev_0073,dev,browsing,medium,standard,costumes_cosplay_apparel_bottoms,B00GMR714S
tcsv1_dev_0074,dev,buying,medium,standard,tights_pants_shorts,B006904IHQ
tcsv1_dev_0075,dev,buying,hard,standard,sunglasses_eyewear_accessories_sunglasses,B07BL5B9D6
tcsv1_dev_0076,dev,buying,hard,standard,team_sports_soccer,B00328GZ7O
tcsv1_dev_0077,dev,buying,easy,standard,card_cases_money_organizers_wallets,B08423FV4B
tcsv1_dev_0078,dev,browsing,medium,standard,jewelry_rings,B00LE5Y100
tcsv1_dev_0079,dev,intent_override,medium,budget_change,piercing_jewelry_plugs,B077XLJ9VB
tcsv1_dev_0080,dev,browsing,medium,standard,athletic_baseball_softball,B098CXJQR6
tcsv1_dev_0081,dev,buying,hard,standard,base_layers_compression_compression_pants_tights,B08HGHTMBT
tcsv1_dev_0082,dev,browsing,easy,standard,shoes_health_care_food_service,B017M0RMAQ
tcsv1_dev_0083,dev,boundary,medium,negation_scope,dresses_special_occasion,B01EY6I1KG
tcsv1_dev_0084,dev,buying,easy,standard,jackets_vests_casual_jackets,B0B8D9MYQ7
tcsv1_dev_0085,dev,buying,medium,standard,active_performance_insulated_shells,B096FY1MWR
tcsv1_dev_0086,dev,buying,easy,standard,hats_caps_headbands,B0041P7KEO
tcsv1_dev_0087,dev,browsing,hard,standard,wedding_engagement_engagement_rings,B07PT4G87K
tcsv1_dev_0088,dev,browsing,medium,standard,girls_swimwear,B074CLF54J
tcsv1_dev_0089,dev,boundary,hard,negation_scope,sport_specific_clothing_golf,B07CP4FM1D
tcsv1_dev_0090,dev,browsing,medium,standard,accessories_hats_caps,B07XC384LH
tcsv1_dev_0091,dev,browsing,hard,standard,work_utility_safety_pants,B00IMYMHL6
tcsv1_dev_0092,dev,buying,hard,standard,necklaces_lockets,B00BSNP9YK
tcsv1_dev_0093,dev,buying,hard,standard,kids_breeches,B007ETI0AC
tcsv1_dev_0094,dev,browsing,medium,standard,athletic_equestrian_sport_boots,B08R83115B
tcsv1_dev_0095,dev,browsing,easy,standard,accessories_bandanas,B085FPWP3R
tcsv1_dev_0096,dev,buying,medium,standard,necklaces_lockets,B007YDC0ZE
tcsv1_dev_0097,dev,buying,medium,standard,socks_hosiery_sheers,B084SF5QD4
tcsv1_dev_0098,dev,browsing,hard,standard,piercing_jewelry_barbells,B00P4VGOOQ
tcsv1_dev_0099,dev,buying,medium,standard,sandals_platforms_wedges,B07QDPXGZ7
tcsv1_dev_0100,dev,buying,medium,standard,rings_stacking,B09QHLRZK4
tcsv1_dev_0101,dev,browsing,hard,standard,base_layers_compression_shorts,B09BDVHZ3W
tcsv1_dev_0102,dev,browsing,medium,standard,jewelry_necklaces,B078H34NQZ
tcsv1_dev_0103,dev,intent_override,hard,budget_change,rain_anoraks_anoraks,B0882XY2YX
tcsv1_dev_0104,dev,browsing,medium,standard,men_jerseys,B08T9JTFVS
tcsv1_dev_0105,dev,browsing,medium,standard,jewelry_bracelets,B08B55T3YP
tcsv1_dev_0106,dev,browsing,medium,standard,jewelry_earrings,B009I9J118
tcsv1_dev_0107,dev,buying,hard,standard,intimates_nursing_maternity_bras,B007151768
tcsv1_dev_0108,dev,browsing,medium,standard,jackets_coats_wool_blends,B00C5X96OG
tcsv1_dev_0109,dev,buying,medium,standard,garters_garter_belts_garters,B01ISCQZ50
tcsv1_dev_0110,dev,buying,medium,standard,men_shirts,B083VRZ1P1
tcsv1_dev_0111,dev,buying,medium,standard,hats_caps_sun_hats,B087QP64C5
tcsv1_dev_0112,dev,browsing,medium,standard,swimsuits_cover_ups_rash_guard_shirts,B0BRKJYTRM
tcsv1_dev_0113,dev,browsing,medium,standard,shoe_care_accessories_shoe_horns_boot_jacks,B071QYV1D3
tcsv1_dev_0114,dev,browsing,easy,standard,handbags_shoulder_bags_totes,B06XCL53C7
tcsv1_dev_0115,dev,intent_override,medium,brand_change,bracelets_identification,B07R8WXWM3
tcsv1_dev_0116,dev,browsing,medium,standard,shoes_loafers,B007PKCPJC
tcsv1_dev_0117,dev,intent_override,easy,category_or_use_case_change,men_jackets,B0BS2RKWX8
tcsv1_dev_0118,dev,browsing,hard,standard,sunglasses_eyewear_accessories_eyeglass_chains,B0B2WMDTJM
tcsv1_dev_0119,dev,browsing,hard,standard,suit_separates_suit_pants,B001THF9O0
tcsv1_dev_0120,dev,boundary,medium,hard_soft_conflict,girls_sweaters,B014RWBJYC
tcsv1_dev_0121,dev,browsing,hard,standard,lingerie_panties,B00NIQ2PT2
tcsv1_dev_0122,dev,buying,medium,standard,sleep_lounge_sets,B0BCKN619R
tcsv1_dev_0123,dev,buying,medium,standard,sport_specific_clothing_skiing,B07Z86XGNV
tcsv1_dev_0124,dev,buying,easy,standard,swim_rash_guard_shirts,B07RJTRLG1
tcsv1_dev_0125,dev,buying,easy,standard,cycling_men,B07HFRQXXY
tcsv1_dev_0126,dev,intent_override,medium,brand_change,jewelry_boxes_organizers_jewelry_towers,B002BUDCW0
tcsv1_dev_0127,dev,intent_override,medium,budget_change,sunglasses_eyewear_accessories_sunglasses,B09TKPJ9M5
tcsv1_dev_0128,dev,buying,hard,standard,girls_tops,B07PZSW9ML
tcsv1_dev_0129,dev,buying,medium,standard,women_jeans,B01GXQFO4G
tcsv1_dev_0130,dev,intent_override,hard,category_or_use_case_change,street_surf_skate,B001311MRA
tcsv1_dev_0131,dev,intent_override,medium,key_attribute_change,necklaces_strands,B07Q2Z2FH3
tcsv1_dev_0132,dev,browsing,easy,standard,shoes_jewelry_under_30,B083DTJ9D2
tcsv1_dev_0133,dev,buying,hard,standard,shoes_jewelry_men_s_activewear_under_30,B07VQXQ7KG
tcsv1_dev_0134,dev,browsing,easy,standard,base_layers_compression_compression_shorts,B07BV91P4G
tcsv1_dev_0135,dev,browsing,medium,standard,sweaters_cardigans,B08KRBN1DL
tcsv1_dev_0136,dev,browsing,medium,standard,accessories_scarves,B01N0EPVD0
tcsv1_dev_0137,dev,buying,easy,standard,shoes_jewelry_sport_watches,B003U8X4IE
tcsv1_dev_0138,dev,browsing,medium,standard,wedding_engagement_bridal_sets,B00S5FH1PO
tcsv1_dev_0139,dev,browsing,medium,standard,shoes_jewelry_men_s_off_to_college_essentials,B07DB3PKL5
tcsv1_dev_0140,dev,buying,medium,standard,tops_tees_t_shirts,B074GB2NZ7
tcsv1_dev_0141,dev,buying,easy,standard,snow_rainwear_snow_suits,B08JLF51K2
tcsv1_dev_0142,dev,browsing,easy,standard,work_safety_military,B08DCFLT9F
tcsv1_dev_0143,dev,intent_override,easy,key_attribute_change,earrings_earring_jackets,B07BB1QJWS
tcsv1_dev_0144,dev,intent_override,hard,budget_change,sunglasses_eyewear_accessories_eyeglass_cases,B0BV7DYVMR
tcsv1_dev_0145,dev,browsing,medium,standard,work_safety_civil_service,B00Q5IFRGI
tcsv1_dev_0146,dev,intent_override,medium,category_or_use_case_change,garters_garter_belts_garter_belts,B083XVRDHT
tcsv1_dev_0147,dev,intent_override,easy,key_attribute_change,swimwear_sets_rash_guard_sets,B09QM3BVP3
tcsv1_dev_0148,dev,browsing,easy,standard,women_jewelry,B071H347F2
tcsv1_dev_0149,dev,browsing,easy,standard,fashion_riding,B01M16MTJ3
tcsv1_dev_0150,dev,buying,easy,standard,bracelets_link,B08P3BCCKL
tcsv1_dev_0151,dev,buying,hard,standard,jewelry_accessories_jewelry_boxes_organizers,B009ELPR7W
tcsv1_dev_0152,dev,buying,medium,standard,luggage_carry_ons,B078Y7MLK2
tcsv1_dev_0153,dev,browsing,medium,standard,shoes_health_care_food_service,B09NVX2FB8
tcsv1_dev_0154,dev,browsing,medium,standard,underwear_undershirts,B01G4ZHYVW
tcsv1_dev_0155,dev,browsing,medium,standard,coats_jackets_vests,B0BZVCCPP7
tcsv1_dev_0156,dev,buying,medium,standard,active_active_pants,B0823LNFX6
tcsv1_dev_0157,dev,boundary,medium,unit_or_size_ambiguity,pants_shorts_compression_shorts,B00EOVMEI2
tcsv1_dev_0158,dev,intent_override,hard,key_attribute_change,men_underwear,B07H8B81XL
tcsv1_dev_0159,dev,boundary,medium,negation_scope,cummerbunds_pocket_squares_tie_sets,B06XBYXX9N
tcsv1_dev_0160,dev,buying,medium,standard,sweaters_cardigans,B09BHWL6HZ
tcsv1_dev_0161,dev,intent_override,hard,budget_change,active_shirts_tees_tank_tops,B07L7HLZDP
tcsv1_dev_0162,dev,buying,hard,standard,medical_lab_coats,B088XD4BQS
tcsv1_dev_0163,dev,browsing,hard,standard,cold_weather_hats_caps,B07VPB5DM7
tcsv1_dev_0164,dev,intent_override,medium,brand_change,sleep_lounge_tops,B084SCXZP3
tcsv1_dev_0165,dev,buying,medium,standard,rain_anoraks_trench_coats,B0BMTJCN7X
tcsv1_dev_0166,dev,browsing,hard,standard,dresses_wedding_dresses,B0BWN55BQN
tcsv1_dev_0167,dev,buying,easy,standard,slips_half_slips,B08L2QGSNJ
tcsv1_dev_0168,dev,buying,medium,standard,boots_ankle_bootie,B07G3BQPZH
tcsv1_dev_0169,dev,browsing,hard,standard,dresses_casual,B07T54XFSN
tcsv1_dev_0170,dev,browsing,hard,standard,girls_shoes,B08K7VJ82X
tcsv1_dev_0171,dev,buying,hard,standard,active_active_sweatshirts,B00RV4ZMJM
tcsv1_dev_0172,dev,buying,medium,standard,boys_jeans,B007CX5E04
tcsv1_dev_0173,dev,browsing,medium,standard,watch_accessories_cabinets_cases,B018JF7SH0
tcsv1_dev_0174,dev,intent_override,medium,category_or_use_case_change,bibs_pants_pants,B09BCLTGT1
tcsv1_dev_0175,dev,buying,medium,standard,boots_chukka,B083R4B158
tcsv1_dev_0176,dev,browsing,medium,standard,charm_bracelets_link,B07955RLN5
tcsv1_dev_0177,dev,browsing,hard,standard,robes_capes_jackets,B017PZZ5JI
tcsv1_dev_0178,dev,intent_override,medium,brand_change,tankinis_tankini_sets,B01AWH0DJI
tcsv1_dev_0179,dev,buying,hard,standard,military_outerwear,B007NXCTU6
tcsv1_dev_0180,dev,browsing,hard,standard,shoes_jewelry_off_to_college,B00UJ3ZTV8
tcsv1_dev_0181,dev,browsing,medium,standard,hats_caps_visors,B07BB1NFNJ
tcsv1_dev_0182,dev,browsing,easy,standard,shoes_jewelry_casual_dresses_under_30,B07YY6WN8W
tcsv1_dev_0183,dev,buying,medium,standard,shorts_flat_front,B071KHJFX2
tcsv1_dev_0184,dev,browsing,medium,standard,shoes_jewelry_dresses_under_20,B082KB7S9K
tcsv1_dev_0185,dev,buying,medium,standard,robes_capes_jackets,B0BFJ2QQ27
tcsv1_dev_0186,dev,browsing,hard,standard,gloves_mittens_cold_weather_gloves,B009UXU238
tcsv1_dev_0187,dev,browsing,hard,standard,cummerbunds_pocket_squares_cravats,B07ZRBSDQJ
tcsv1_dev_0188,dev,browsing,medium,standard,women_breeches,B000B9OXD0
tcsv1_dev_0189,dev,browsing,easy,standard,luggage_travel_gear_waist_packs,B09CYV21MT
tcsv1_dev_0190,dev,intent_override,medium,key_attribute_change,men_wigs,B0722PK6LC
tcsv1_dev_0191,dev,buying,medium,standard,earrings_clip_ons,B077L38WRN
tcsv1_dev_0192,dev,buying,medium,standard,shoes_jewelry_mfn_only_v2,B0821SRM42
tcsv1_dev_0193,dev,browsing,hard,standard,piercing_jewelry_screws,B013XEOGOA
tcsv1_dev_0194,dev,buying,medium,standard,bracelets_bangle,B06XCD5XTQ
tcsv1_dev_0195,dev,boundary,easy,hard_soft_conflict,active_performance_shells,B078213NQ3
tcsv1_dev_0196,dev,buying,medium,standard,handbags_wallets_shoulder_bags,B075ZHTLDK
tcsv1_dev_0197,dev,browsing,medium,standard,jewelry_pendants,B00OJDFBQM
tcsv1_dev_0198,dev,browsing,medium,standard,athletic_tennis_racquet_sports,B0B1RYZWQV
tcsv1_dev_0199,dev,buying,hard,standard,sleep_lounge_nightgowns_sleepshirts,B08PB25VH7
tcsv1_dev_0200,dev,buying,medium,standard,socks_liners_ankle_socks,B07B7J3SDR
tcsv1_core_0001,core,buying,hard,standard,men_gloves,B07R71LFMX
tcsv1_core_0002,core,browsing,hard,standard,sleepwear_robes_pajama_sets,B00V3RL72O
tcsv1_core_0003,core,buying,hard,standard,jewelry_accessories_loose_gemstones,B07MGYPBGF
tcsv1_core_0004,core,browsing,hard,standard,tops_tees_t_shirts,B01MQJ8C9D
tcsv1_core_0005,core,browsing,medium,standard,tees_shirts_tees,B095M874CS
tcsv1_core_0006,core,buying,hard,standard,sandals_flip_flops,B0BV3GK68C
tcsv1_core_0007,core,browsing,medium,standard,rain_anoraks_raincoats,B07H3QFY3Z
tcsv1_core_0008,core,buying,medium,standard,school_uniforms_tops,B071VNVBZQ
tcsv1_core_0009,core,intent_override,hard,key_attribute_change,fashion_combat,B016PDAABY
tcsv1_core_0010,core,buying,easy,standard,jackets_coats_down_down_alternative,B09N8V6DWK
tcsv1_core_0011,core,browsing,medium,standard,charms_charm_bracelets_charm_bracelets,B01CN0LHII
tcsv1_core_0012,core,browsing,medium,standard,body_jewelry_piercing_jewelry,B073V4TXZ7
tcsv1_core_0013,core,browsing,medium,standard,sport_specific_clothing_ice_hockey,B08D6LDZW4
tcsv1_core_0014,core,browsing,medium,standard,women_costumes,B084SFXRFN
tcsv1_core_0015,core,buying,hard,standard,rings_statement,B07BSM4NJT
tcsv1_core_0016,core,browsing,easy,standard,shoes_fashion_sneakers,B00VINVW3C
tcsv1_core_0017,core,buying,medium,standard,men_gloves,B0BQ3C1SNL
tcsv1_core_0018,core,buying,medium,standard,accessories_special_occasion_gloves,B0719BNC81
tcsv1_core_0019,core,browsing,medium,standard,socks_hosiery_leg_warmers,B099JWY26Y
tcsv1_core_0020,core,buying,medium,standard,women_gloves,B005LMS18U
tcsv1_core_0021,core,buying,easy,standard,athletic_running,B07KWTZ7FJ
tcsv1_core_0022,core,boundary,hard,exact_threshold,earrings_cuffs_wraps,B0B1DJPNL9
tcsv1_core_0023,core,browsing,medium,standard,active_active_pants,B06ZYCT4G9
tcsv1_core_0024,core,buying,medium,standard,bracelets_strand,B00LLJ6ONG
tcsv1_core_0025,core,browsing,hard,standard,women_jackets_coats,B00S5IRL2E
tcsv1_core_0026,core,browsing,medium,standard,watches_pocket_watches,B09K3XZZHR
tcsv1_core_0027,core,buying,hard,standard,active_shirts_tees_button_down_shirts,B0BFBBG6NH
tcsv1_core_0028,core,buying,hard,standard,luggage_travel_gear_messenger_bags,B00R296GVO
tcsv1_core_0029,core,intent_override,hard,key_attribute_change,hats_caps_berets,B075SB7FMQ
tcsv1_core_0030,core,buying,easy,standard,jackets_coats_trench_rain,B0B5CJSPJ9
tcsv1_core_0031,core,browsing,easy,standard,shirts_dress_shirts,B076Q1XSVD
tcsv1_core_0032,core,buying,hard,standard,athletic_dance,B098XL8TJX
tcsv1_core_0033,core,browsing,hard,standard,shirts_polos,B018QF1WFC
tcsv1_core_0034,core,intent_override,hard,category_or_use_case_change,lingerie_accessories,B00BNU3FEY
tcsv1_core_0035,core,browsing,medium,standard,athletic_water_shoes,B01MG9CSEI
tcsv1_core_0036,core,browsing,easy,standard,jackets_coats_fleece,B014KOE188
tcsv1_core_0037,core,buying,hard,standard,work_utility_outerwear,B07XGMBJV6
tcsv1_core_0038,core,intent_override,medium,key_attribute_change,women_handbags_wallets,B0855JBQJ2
tcsv1_core_0039,core,buying,medium,standard,clutches_evening_bags_evening_bags,B0B776R23W
tcsv1_core_0040,core,browsing,hard,standard,outdoor_work_snow_cold_weather,B01L7S3MUI
tcsv1_core_0041,core,buying,medium,standard,watches_pocket_watches,B0779T5JH8
tcsv1_core_0042,core,browsing,easy,standard,women_underwear,B06XB59DY6
tcsv1_core_0043,core,browsing,medium,standard,bracelets_wrap,B079Z14165
tcsv1_core_0044,core,browsing,medium,standard,socks_tights_casual_dress_socks,B09CTFM76Y
tcsv1_core_0045,core,buying,hard,standard,women_jerseys,B06Y5XBVDS
tcsv1_core_0046,core,browsing,easy,standard,wedding_engagement_bridal_sets,B01JUSJZBC
tcsv1_core_0047,core,buying,hard,standard,accessories_belts,B079FWTBFL
tcsv1_core_0048,core,buying,medium,standard,bottoms_pants,B01D8F0VXY
tcsv1_core_0049,core,buying,hard,standard,gym_bags_drawstring_bags,B019X19L2Y
tcsv1_core_0050,core,browsing,hard,standard,handbags_wallets_fashion_backpacks,B07D8RVZC8
tcsv1_core_0051,core,browsing,medium,standard,girls_swimwear,B09MRTHYPD
tcsv1_core_0052,core,buying,medium,standard,girls_one_piece_suits,B0CG5YBFDT
tcsv1_core_0053,core,buying,easy,standard,swim_cover_ups_wraps,B00AG8BF96
tcsv1_core_0054,core,browsing,medium,standard,women_sweaters,B09L7VGQ9F
tcsv1_core_0055,core,buying,medium,standard,sleep_lounge_tops,B08WBPPZTX
tcsv1_core_0056,core,buying,medium,standard,luggage_luggage_sets,B0BLNQJTC3
tcsv1_core_0057,core,buying,medium,standard,accessories_bow_ties,B01CJZ9GIK
tcsv1_core_0058,core,boundary,medium,hard_soft_conflict,women_pants,B06XSRFFTK
tcsv1_core_0059,core,browsing,medium,standard,wedding_engagement_bridal_sets,B00FB06PXK
tcsv1_core_0060,core,browsing,medium,standard,socks_calf_socks,B07YQHPB5F
tcsv1_core_0061,core,browsing,medium,standard,baby_boys_layette_sets,B0B4V9L9HC
tcsv1_core_0062,core,intent_override,hard,brand_change,base_layers_compression_compression_socks,B09XQG5DSM
tcsv1_core_0063,core,intent_override,medium,budget_change,sweaters_pullovers,B07H7SGXT9
tcsv1_core_0064,core,buying,medium,standard,baby_boys_hoodies_active,B014WD5H7G
tcsv1_core_0065,core,boundary,medium,unit_or_size_ambiguity,sleepwear_robes_pajama_sets,B07F1MHP62
tcsv1_core_0066,core,browsing,medium,standard,cummerbunds_pocket_squares_neckties,B01GGAKAZW
tcsv1_core_0067,core,intent_override,easy,category_or_use_case_change,shoes_jewelry_mfn_only_v2,B07N6KNRRK
tcsv1_core_0068,core,intent_override,easy,budget_change,girls_boots_clogs_mules,B0078ZJQFA
tcsv1_core_0069,core,browsing,easy,standard,women_active,B00KQSUSN0
tcsv1_core_0070,core,buying,medium,standard,watches_watch_bands,B00O3MDWF6
tcsv1_core_0071,core,buying,hard,standard,boots_knee_high,B09RVBGVBL
tcsv1_core_0072,core,browsing,medium,standard,hats_caps_balaclavas,B013IMUGJG
tcsv1_core_0073,core,browsing,easy,standard,swim_board_shorts,B09634P1QW
tcsv1_core_0074,core,browsing,medium,standard,active_active_shirts_tees,B077XMSB1S
tcsv1_core_0075,core,buying,easy,standard,hats_caps_fedoras,B09W5CVK1B
tcsv1_core_0076,core,buying,medium,standard,girls_leggings,B0BBXY8CNV
tcsv1_core_0077,core,buying,medium,standard,luggage_travel_gear_messenger_bags,B00G262SYW
tcsv1_core_0078,core,buying,hard,standard,necklaces_pendants_pendants,B08R3JXDGZ
tcsv1_core_0079,core,buying,hard,standard,swimsuits_cover_ups_rash_guard_shirts,B07R8H12D2
tcsv1_core_0080,core,browsing,medium,standard,golf_men,B086WMYKFY
tcsv1_core_0081,core,browsing,easy,standard,tops_tees_blouses_button_down_shirts,B09V7DP4X7
tcsv1_core_0082,core,intent_override,hard,brand_change,shoes_jewelry_girls,B077TWKCFG
tcsv1_core_0083,core,browsing,hard,standard,scarves_wraps_fashion_scarves,B00P6RJSN2
tcsv1_core_0084,core,buying,hard,standard,women_pants,B0028SQARO
tcsv1_core_0085,core,buying,medium,standard,shoe_care_accessories_shoe_horns_boot_jacks,B000SOORFM
tcsv1_core_0086,core,buying,medium,standard,costumes_cosplay_apparel_leg_warmers_hosiery,B0B7WVYQFL
tcsv1_core_0087,core,browsing,easy,standard,jackets_coats_wool_blends,B07VXRM23G
tcsv1_core_0088,core,buying,easy,standard,suiting_blazers_blazers,B0B8STVK2J
tcsv1_core_0089,core,buying,hard,standard,earrings_drop_dangle,B0845YYMMK
tcsv1_core_0090,core,buying,medium,standard,rompers_overalls_overalls,B0BQ3DQFCK
tcsv1_core_0091,core,buying,medium,standard,rings_stacking,B01IUJXBRQ
tcsv1_core_0092,core,browsing,hard,standard,accessories_sunglasses_eyewear,B005SLCLZS
tcsv1_core_0093,core,buying,medium,standard,wedding_engagement_wedding_bands,B07BQT4NZN
tcsv1_core_0094,core,buying,medium,standard,necklaces_chains,B074HW9DPM
tcsv1_core_0095,core,buying,hard,standard,kids_watches_girls,B0962NK7VL
tcsv1_core_0096,core,buying,medium,standard,men_breeches,B07P1F3HH1
tcsv1_core_0097,core,intent_override,medium,brand_change,women_dresses,B098XPJ8L4
tcsv1_core_0098,core,buying,medium,standard,kids_baby_girls,B004UUHJU0
tcsv1_core_0099,core,browsing,hard,standard,lightweight_jackets_cotton,B09HV3TPKD
tcsv1_core_0100,core,buying,medium,standard,women_gloves,B07ZXLWJNH
tcsv1_core_0101,core,browsing,hard,standard,shoe_care_treatments_dyes_shoe_care_kits,B08ZSY273R
tcsv1_core_0102,core,buying,medium,standard,fashion_combat,B01724KDPS
tcsv1_core_0103,core,intent_override,medium,brand_change,swim_cover_ups_wraps,B097GYQNVC
tcsv1_core_0104,core,browsing,medium,standard,costumes_cosplay_apparel_tops,B00SSXLU32
tcsv1_core_0105,core,buying,medium,standard,jewelry_watch_accessories_jewelry_accessories,B009MSGQXG
tcsv1_core_0106,core,browsing,medium,standard,tops_tees,B00KB2T7MO
tcsv1_core_0107,core,buying,easy,standard,facial_hair_adhesives_costume_makeup,B008I21EG6
tcsv1_core_0108,core,buying,medium,standard,gloves_mittens_cold_weather_gloves,B0176AZ1OG
tcsv1_core_0109,core,buying,easy,standard,boys_accessories,B0757ZYYK8
tcsv1_core_0110,core,browsing,medium,standard,jewelry_boxes_organizers_jewelry_boxes,B07ZGHP99G
tcsv1_core_0111,core,intent_override,hard,budget_change,scarves_cold_weather_scarves,B00MUYRH00
tcsv1_core_0112,core,browsing,hard,standard,women_active,B08BZHHDRJ
tcsv1_core_0113,core,buying,easy,standard,luggage_luggage_sets,B00K3VA0JW
tcsv1_core_0114,core,intent_override,easy,key_attribute_change,accessories_buttons_pins,B015W5BBTG
tcsv1_core_0115,core,browsing,medium,standard,skiing_boys,B01KX3Y83I
tcsv1_core_0116,core,buying,hard,standard,shoe_care_accessories_shoelaces,B072N3PY41
tcsv1_core_0117,core,browsing,hard,standard,fashion_shearling,B004VJ2M7K
tcsv1_core_0118,core,browsing,easy,standard,lingerie_sleep_lounge,B00JEYXPRI
tcsv1_core_0119,core,browsing,easy,standard,jewelry_brooches_pins,B086JPXR5G
tcsv1_core_0120,core,browsing,medium,standard,sandals_platforms_wedges,B08TT9CWQY
tcsv1_core_0121,core,buying,medium,standard,boots_motorcycle_combat,B0BT18FMGW
tcsv1_core_0122,core,intent_override,medium,budget_change,necklaces_y_necklaces,B07WRN9RBQ
tcsv1_core_0123,core,browsing,hard,standard,medical_scrub_sets,B00K8PHECO
tcsv1_core_0124,core,buying,easy,standard,shoes_flats,B084RM3XT2
tcsv1_core_0125,core,browsing,medium,standard,handbag_accessories_handbag_organizers,B00TQX0LNI
tcsv1_core_0126,core,browsing,medium,standard,outdoor_work_snow_cold_weather,B07YL4DTNM
tcsv1_core_0127,core,buying,hard,standard,luggage_travel_gear_travel_totes,B077FFVPB3
tcsv1_core_0128,core,browsing,hard,standard,accessories_accessory_sets,B08331ZSC9
tcsv1_core_0129,core,intent_override,hard,category_or_use_case_change,women_costumes,B00FPZWR0G
tcsv1_core_0130,core,buying,easy,standard,tees_blouses_tanks_camis,B01D4E83XY
tcsv1_core_0131,core,browsing,hard,standard,boys_overalls,B085N6XMLH
tcsv1_core_0132,core,browsing,medium,standard,active_active_shirts_tees,B09RG5G2ZQ
tcsv1_core_0133,core,buying,medium,standard,wedding_engagement_eternity_rings,B01LWYBHY7
tcsv1_core_0134,core,browsing,hard,standard,sweaters_cardigans,B076GP5GS5
tcsv1_core_0135,core,buying,easy,standard,women_one_piece_suits,B0074DA8JO
tcsv1_core_0136,core,buying,medium,standard,outdoor_work_snow_cold_weather,B09JHH9L2J
tcsv1_core_0137,core,intent_override,hard,brand_change,sweaters_cardigan,B09TVH7H5C
tcsv1_core_0138,core,browsing,medium,standard,active_sets,B08NB22CH3
tcsv1_core_0139,core,buying,medium,standard,shoes_jewelry_mfn_only,B07V5WVT4S
tcsv1_core_0140,core,buying,hard,standard,handbags_wallets_shoulder_bags,B0BX4WJ33C
tcsv1_core_0141,core,browsing,medium,standard,medical_lab_coats,B00SKT5SCI
tcsv1_core_0142,core,buying,hard,standard,costumes_cosplay_apparel_costumes,B08Y665Q27
tcsv1_core_0143,core,buying,hard,standard,swimsuits_cover_ups_board_shorts,B00HWM8GPK
tcsv1_core_0144,core,boundary,easy,hard_soft_conflict,rain_anoraks_trench_coats,B07R4XRKYX
tcsv1_core_0145,core,intent_override,medium,category_or_use_case_change,military_pants,B09ZNF2KTR
tcsv1_core_0146,core,buying,medium,standard,shoes_sandals,B09SXGYSJP
tcsv1_core_0147,core,intent_override,medium,budget_change,shoes_mules_clogs,B08XQSZXQ8
tcsv1_core_0148,core,boundary,hard,hard_soft_conflict,boots_ankle_bootie,B0B6NV5ZQG
tcsv1_core_0149,core,buying,easy,standard,running_men,B01I96HSB0
tcsv1_core_0150,core,browsing,medium,standard,dresses_formal,B095C7CYXW
tcsv1_core_0151,core,buying,hard,standard,jewelry_anklets,B08NT6N535
tcsv1_core_0152,core,buying,medium,standard,active_pants_track_pants,B092HK4MLS
tcsv1_core_0153,core,intent_override,easy,budget_change,backpacks_kids_backpacks,B0BLCNTK1R
tcsv1_core_0154,core,intent_override,medium,budget_change,athletic_cycling,B07BVZPVP6
tcsv1_core_0155,core,browsing,hard,standard,athletic_golf,B0C66J6TCY
tcsv1_core_0156,core,buying,medium,standard,socks_tights_casual_dress_socks,B07Q25DVVQ
tcsv1_core_0157,core,browsing,medium,standard,shorts_casual,B0BVQZHMG1
tcsv1_core_0158,core,browsing,medium,standard,tops_tees_tanks_camis,B06Y57QDGS
tcsv1_core_0159,core,buying,medium,standard,active_underwear_undershorts,B00GLQ62J0
tcsv1_core_0160,core,boundary,medium,unit_or_size_ambiguity,piercing_jewelry_studs,B019VZOUJ6
tcsv1_core_0161,core,browsing,medium,standard,luggage_travel_gear_umbrellas,B0091J958Y
tcsv1_core_0162,core,buying,medium,standard,luggage_garment_bags,B07ZCHVDFZ
tcsv1_core_0163,core,intent_override,medium,category_or_use_case_change,shoes_jewelry_y2k,B0978MPJMR
tcsv1_core_0164,core,boundary,easy,negation_scope,bracelets_charm,B08148TPL9
tcsv1_core_0165,core,buying,medium,standard,handbags_wallets_totes,B074JCKMBF
tcsv1_core_0166,core,intent_override,medium,key_attribute_change,jackets_coats_leather_faux_leather,B07T8NKT91
tcsv1_core_0167,core,buying,easy,standard,girls_skirts,B001U2V5FG
tcsv1_core_0168,core,intent_override,medium,key_attribute_change,jackets_fleece_jackets,B09KMD7F5T
tcsv1_core_0169,core,intent_override,hard,key_attribute_change,tees_blouses_tanks_camis,B08TLVXBJ4
tcsv1_core_0170,core,intent_override,hard,category_or_use_case_change,bracelets_link,B01N6LN8C3
tcsv1_core_0171,core,browsing,hard,standard,charm_bracelets_link,B08HLFCZ7D
tcsv1_core_0172,core,buying,medium,standard,sandals_heeled_sandals,B07LGQ2GJN
tcsv1_core_0173,core,buying,hard,standard,girls_dresses,B095JQM71N
tcsv1_core_0174,core,buying,hard,standard,handbags_shoulder_bags_shoulder_bags,B07K1CVD2D
tcsv1_core_0175,core,intent_override,medium,budget_change,girls_swimwear,B08YRN1NYD
tcsv1_core_0176,core,boundary,hard,unit_or_size_ambiguity,jewelry_pendants_coins,B00HUB0XX6
tcsv1_core_0177,core,buying,easy,standard,backpacks_kids_backpacks,B06W5752TG
tcsv1_core_0178,core,buying,easy,standard,athletic_tennis_racquet_sports,B00Q2JQCT6
tcsv1_core_0179,core,buying,medium,standard,accessories_earmuffs,B07586DLSL
tcsv1_core_0180,core,browsing,hard,standard,soccer_futsal_men,B077P3SVCZ
tcsv1_core_0181,core,boundary,hard,negation_scope,work_safety_fire_safety_boots,B00B5SQNR0
tcsv1_core_0182,core,browsing,medium,standard,bottoms_leggings,B07QYXH9VW
tcsv1_core_0183,core,intent_override,medium,budget_change,clothing_sets_short_sets,B08PWY8WJZ
tcsv1_core_0184,core,browsing,easy,standard,luggage_travel_gear_travel_totes,B0BJW8WS67
tcsv1_core_0185,core,buying,easy,standard,bracelets_tennis,B07SDS5HSY
tcsv1_core_0186,core,intent_override,medium,category_or_use_case_change,active_shirts_tees_t_shirts,B09SH695XH
tcsv1_core_0187,core,buying,medium,standard,pendants_coins_pendants_only,B07KXBFH85
tcsv1_core_0188,core,browsing,easy,standard,tops_tees_knits_tees,B00TO253WA
tcsv1_core_0189,core,browsing,hard,standard,socks_hosiery_socks,B07GWF1TNY
tcsv1_core_0190,core,browsing,medium,standard,active_shirts_tees_tank_tops,B08JGPH9CT
tcsv1_core_0191,core,buying,medium,standard,women_breeches,B01FO93QWU
tcsv1_core_0192,core,browsing,medium,standard,active_performance_insulated_shells,B015A06KSU
tcsv1_core_0193,core,intent_override,hard,budget_change,men_jackets,B07BN4X8W8
tcsv1_core_0194,core,browsing,medium,standard,clothing_sets_short_sets,B094QXHH7L
tcsv1_core_0195,core,browsing,easy,standard,jewelry_cuff_links,B01FPB6QHE
tcsv1_core_0196,core,intent_override,easy,brand_change,active_shirts_tees_polos,B08ZDTBPQC
tcsv1_core_0197,core,buying,medium,standard,handbags_wallets_totes,B0BXM522WT
tcsv1_core_0198,core,intent_override,medium,category_or_use_case_change,rompers_overalls_rompers,B0B4BL45S3
tcsv1_core_0199,core,intent_override,medium,budget_change,shirts_tanks_tops,B01GGWVUOK
tcsv1_core_0200,core,browsing,medium,standard,costumes_accessories_props,B08BKBZGHT
tcsv1_core_0201,core,buying,medium,standard,swim_board_shorts,B08X2R75KJ
tcsv1_core_0202,core,buying,easy,standard,women_wigs,B0023V3OGQ
tcsv1_core_0203,core,browsing,medium,standard,accessories_wallets,B09WWX6T9K
tcsv1_core_0204,core,intent_override,hard,category_or_use_case_change,hats_caps_bucket_hats,B08NP2KR2W
tcsv1_core_0205,core,intent_override,medium,category_or_use_case_change,tops_tees_knits_tees,B07B1YW6VC
tcsv1_core_0206,core,buying,medium,standard,men_swimwear,B088T1WZPH
tcsv1_core_0207,core,buying,medium,standard,scarves_cold_weather_scarves,B013QXC4TW
tcsv1_core_0208,core,browsing,medium,standard,earrings_drop_dangle,B0B12G8S5C
tcsv1_core_0209,core,browsing,hard,standard,sleep_lounge_tops,B0C8F4GZ43
tcsv1_core_0210,core,intent_override,easy,key_attribute_change,bibs_pants_pants,B08RDQPYZR
tcsv1_core_0211,core,buying,hard,standard,charm_bracelets_snake,B01HC4HR4I
tcsv1_core_0212,core,intent_override,medium,key_attribute_change,swim_cover_ups,B07T44TVJH
tcsv1_core_0213,core,buying,hard,standard,trunks_shorts_trunks,B01MD1O6SR
tcsv1_core_0214,core,intent_override,medium,budget_change,underwear_boxer_briefs,B01LYXWPUZ
tcsv1_core_0215,core,buying,hard,standard,gloves_mittens_mittens,B015KZEEK6
tcsv1_core_0216,core,buying,hard,standard,scarves_neck_gaiters,B07T87SXKS
tcsv1_core_0217,core,buying,easy,standard,shoes_health_care_food_service,B0BZ7D6H2F
tcsv1_core_0218,core,intent_override,easy,brand_change,shirts_polos,B00KYKS738
tcsv1_core_0219,core,intent_override,medium,category_or_use_case_change,suits_sport_coats_vests,B07BSP62RX
tcsv1_core_0220,core,buying,easy,standard,earrings_drop_dangle,B004CFHI4U
tcsv1_core_0221,core,browsing,medium,standard,sleep_lounge_sets,B06Y4RC4P2
tcsv1_core_0222,core,browsing,medium,standard,accessories_buttons_pins,B07PPK2Y9Y
tcsv1_core_0223,core,intent_override,hard,category_or_use_case_change,school_uniforms_tops,B00J585EHW
tcsv1_core_0224,core,browsing,hard,standard,luggage_suitcases,B07JXSHB6P
tcsv1_core_0225,core,browsing,easy,standard,active_active_base_layers,B00DPEY680
tcsv1_core_0226,core,browsing,medium,standard,athletic_water_shoes,B093WXQK2F
tcsv1_core_0227,core,buying,hard,standard,handbags_shoulder_bags_shoulder_bags,B09JVCRRD5
tcsv1_core_0228,core,buying,hard,standard,bikinis_tops,B07BX7JMCD
tcsv1_core_0229,core,browsing,medium,standard,work_utility_safety_pants,B0C35GXJ9F
tcsv1_core_0230,core,buying,hard,standard,tops_polos,B01MDRXC5Z
tcsv1_core_0231,core,buying,hard,standard,active_shirts_tees_button_down_shirts,B005ID10YY
tcsv1_core_0232,core,buying,medium,standard,underwear_g_strings_thongs,B011DVVCVA
tcsv1_core_0233,core,buying,easy,standard,cold_weather_hats_caps,B08KSMTZV8
tcsv1_core_0234,core,buying,easy,standard,lightweight_jackets_cotton,B0BGJRRC48
tcsv1_core_0235,core,buying,medium,standard,jewelry_accessories_loose_gemstones,B09ZQTG8RM
tcsv1_core_0236,core,browsing,hard,standard,scarves_wraps_cold_weather_scarves_wraps,B07HQ86ZX4
tcsv1_core_0237,core,browsing,medium,standard,active_active_sweatshirts,B0BRCLP6VJ
tcsv1_core_0238,core,buying,medium,standard,girls_dresses,B0895VVDCX
tcsv1_core_0239,core,browsing,easy,standard,karate_sets,B0B1QBKSFG
tcsv1_core_0240,core,intent_override,medium,key_attribute_change,intimates_belly_bands,B01CKV26IU
tcsv1_core_0241,core,browsing,hard,standard,baby_girls_bodysuits,B06W5L9G12
tcsv1_core_0242,core,intent_override,medium,brand_change,tops_tees_blouses,B083BBBS41
tcsv1_core_0243,core,intent_override,hard,brand_change,pants_casual,B09M8V4J8G
tcsv1_core_0244,core,buying,hard,standard,sandals_flats,B0BWF4YV7S
tcsv1_core_0245,core,buying,medium,standard,bibs_pants_pants,B00FBE1AL8
tcsv1_core_0246,core,intent_override,hard,category_or_use_case_change,women_bras,B08QFTYNFN
tcsv1_core_0247,core,buying,medium,standard,bikinis_tops,B09QPBNJSD
tcsv1_core_0248,core,browsing,easy,standard,athletic_water_shoes,B08RSRYFLJ
tcsv1_core_0249,core,intent_override,hard,category_or_use_case_change,sleep_lounge_nightshirts,B09DCM11PN
tcsv1_core_0250,core,browsing,hard,standard,women_kids_baby,B00EWC4IUK
tcsv1_core_0251,core,intent_override,hard,budget_change,pants_casual,B0BK9X32C5
tcsv1_core_0252,core,browsing,hard,standard,athletic_soccer,B00FIW5L4A
tcsv1_core_0253,core,buying,hard,standard,work_utility_safety_outerwear,B0054SNTGU
tcsv1_core_0254,core,intent_override,hard,budget_change,earrings_ball,B0855KVS6S
tcsv1_core_0255,core,browsing,easy,standard,shapewear_tops,B00K1G1WS2
tcsv1_core_0256,core,intent_override,easy,key_attribute_change,pants_casual,B09Y1GY781
tcsv1_core_0257,core,buying,hard,standard,shoe_care_accessories_shoelaces,B006W21P1S
tcsv1_core_0258,core,buying,medium,standard,sets_tracksuits,B092JF2Z4D
tcsv1_core_0259,core,browsing,easy,standard,hats_caps_newsboy_caps,B07YX4FCP3
tcsv1_core_0260,core,browsing,medium,standard,running_trail_running,B00M07BE7O
tcsv1_core_0261,core,intent_override,easy,key_attribute_change,shorts_trunks_trunks,B08T6YGV6P
tcsv1_core_0262,core,browsing,medium,standard,jewelry_anklets,B00JS31D7Y
tcsv1_core_0263,core,intent_override,easy,key_attribute_change,women_teddies_bodysuits,B09WRG228J
tcsv1_core_0264,core,buying,medium,standard,sandals_slides,B0BX5W3P59
tcsv1_core_0265,core,intent_override,medium,category_or_use_case_change,work_utility_tops,B00FYFVOMY
tcsv1_core_0266,core,browsing,medium,standard,pants_casual,B07T5CHJ4Y
tcsv1_core_0267,core,buying,medium,standard,women_jewelry,B01NAL70OK
tcsv1_core_0268,core,buying,medium,standard,handbags_wallets_crossbody_bags,B09LQZ9L84
tcsv1_core_0269,core,buying,medium,standard,wallets_money_organizers_wallets,B076Q8Q21R
tcsv1_core_0270,core,buying,medium,standard,jackets_coats_wool_blends,B07TPTCQ66
tcsv1_core_0271,core,buying,medium,standard,lingerie_bras,B09DD1SHFM
tcsv1_core_0272,core,browsing,medium,standard,swim_briefs,B07ZR3FMV2
tcsv1_core_0273,core,boundary,medium,hard_soft_conflict,rompers_overalls_rompers,B07DW2DMC6
tcsv1_core_0274,core,browsing,medium,standard,earrings_drop_dangle,B0B2Z38FH7
tcsv1_core_0275,core,buying,medium,standard,luggage_suitcases,B09NX99YMT
tcsv1_core_0276,core,browsing,hard,standard,men_jewelry,B07GWSFP32
tcsv1_core_0277,core,browsing,medium,standard,underwear_sports_bras,B07CJZLT5V
tcsv1_core_0278,core,intent_override,medium,brand_change,novelty_girls,B00FWWVH4Y
tcsv1_core_0279,core,browsing,easy,standard,pants_shorts_bib_shorts,B0CD81KXG8
tcsv1_core_0280,core,buying,hard,standard,dance_boys,B07BN6KFFK
tcsv1_core_0281,core,buying,easy,standard,sunglasses_eyewear_accessories_eyeglass_chains,B07C2LSH3J
tcsv1_core_0282,core,browsing,easy,standard,active_active_sweatshirts,B0CHJWBC2P
tcsv1_core_0283,core,browsing,medium,standard,bracelets_tennis,B07MZDG4BD
tcsv1_core_0284,core,browsing,hard,standard,women_jeans,B078GCTL7B
tcsv1_core_0285,core,browsing,medium,standard,accessories_hats_caps,B00GV0SU2I
tcsv1_core_0286,core,buying,easy,standard,panties_g_strings_thongs,B0BWTZRQ4X
tcsv1_core_0287,core,intent_override,medium,brand_change,tees_blouses_blouses_button_down_shirts,B09Y5PTLHX
tcsv1_core_0288,core,buying,hard,standard,shoes_sandals,B07D8X6BDP
tcsv1_core_0289,core,buying,medium,standard,shoes_jewelry_shop_by_designer,B075WXWRND
tcsv1_core_0290,core,browsing,easy,standard,shorts_cargo,B0952WL3WX
tcsv1_core_0291,core,browsing,medium,standard,shoe_care_accessories_ice_snow_grips,B00QMSRN68
tcsv1_core_0292,core,intent_override,medium,category_or_use_case_change,men_fashion_hoodies_sweatshirts,B07XY19KT8
tcsv1_core_0293,core,browsing,medium,standard,costumes_cosplay_apparel_bodysuits,B08TK16QX3
tcsv1_core_0294,core,buying,medium,standard,jackets_coats_dress_coats,B086ZXTDP2
tcsv1_core_0295,core,buying,easy,standard,shirts_tanks_tops,B09VGFQZC7
tcsv1_core_0296,core,buying,medium,standard,active_active_base_layers,B08NRBLZWN
tcsv1_core_0297,core,buying,medium,standard,novelty_women,B07VRFM9JZ
tcsv1_core_0298,core,browsing,hard,standard,men_jackets,B075H316JH
tcsv1_core_0299,core,browsing,hard,standard,necklaces_pendant_necklaces,B07JP78QXT
tcsv1_core_0300,core,browsing,easy,standard,travel_accessories_travel_wallets,B007XAIFX4
tcsv1_core_0301,core,browsing,hard,standard,pendants_coins_pendants_only,B0002Z7MAE
tcsv1_core_0302,core,browsing,hard,standard,shoes_sandals,B00EXFO0C2
tcsv1_core_0303,core,boundary,medium,negation_scope,men_socks,B01COD9VBO
tcsv1_core_0304,core,browsing,medium,standard,sweaters_cardigans,B08HS7F9J1
tcsv1_core_0305,core,intent_override,easy,budget_change,men_sweatshirts,B07KX4KN5M
tcsv1_core_0306,core,buying,medium,standard,accessories_sunglasses_eyewear,B01CPQKBKU
tcsv1_core_0307,core,buying,hard,standard,cycling_men,B01AXYYGTI
tcsv1_core_0308,core,browsing,hard,standard,girls_apparel_jackets_and_coats,B07GFYDF5W
tcsv1_core_0309,core,boundary,hard,exact_threshold,pants_shorts_bib_shorts,B01NAJLQ8R
tcsv1_core_0310,core,buying,easy,standard,shoe_care_accessories_shoe_dryers,B0BPSKS6HY
tcsv1_core_0311,core,browsing,easy,standard,sleepwear_robes_nightgowns,B0984Q2991
tcsv1_core_0312,core,buying,medium,standard,athletic_skateboarding,B00QVWHVEY
tcsv1_core_0313,core,buying,hard,standard,gloves_mittens_arm_warmers,B07FSLPQG7
tcsv1_core_0314,core,buying,medium,standard,men_sets,B076PM2SBX
tcsv1_core_0315,core,buying,medium,standard,piercing_jewelry_plugs,B07SG1SZPN
tcsv1_core_0316,core,browsing,medium,standard,bottoms_shorts,B083FDSHK8
tcsv1_core_0317,core,buying,medium,standard,lingerie_accessories,B09WMGKM6F
tcsv1_core_0318,core,browsing,medium,standard,tankinis_tops,B07NF19YVH
tcsv1_core_0319,core,intent_override,hard,brand_change,sweaters_pullover,B07P19L9TV
tcsv1_core_0320,core,browsing,hard,standard,swimwear_test_baby_boys_swimwear,B01MAWOF9D
tcsv1_core_0321,core,browsing,medium,standard,athletic_equestrian_sport_boots,B09PZJ97CG
tcsv1_core_0322,core,browsing,medium,standard,jackets_coats_wool_blends,B07T15NGGG
tcsv1_core_0323,core,browsing,hard,standard,fashion_shearling,B0859GTQ72
tcsv1_core_0324,core,browsing,hard,standard,baby_girls_sweaters,B07DB837WN
tcsv1_core_0325,core,browsing,hard,standard,jewelry_jewelry_sets,B074M8RZ4W
tcsv1_core_0326,core,browsing,medium,standard,socks_hosiery_sheers,B077N84GXS
tcsv1_core_0327,core,buying,medium,standard,costumes_cosplay_apparel_leg_warmers_hosiery,B000GIYBIS
tcsv1_core_0328,core,intent_override,hard,brand_change,swimwear_sets_cover_up_sets,B01MUI06OG
tcsv1_core_0329,core,buying,hard,standard,girls_tops_tees,B073P66VT6
tcsv1_core_0330,core,intent_override,medium,budget_change,underwear_briefs,B01D6U1M98
tcsv1_core_0331,core,browsing,medium,standard,panties_bikinis,B08W6D87V3
tcsv1_core_0332,core,buying,medium,standard,shoes_jewelry_mfn_only_v2,B07ZJVJ3QG
tcsv1_core_0333,core,browsing,medium,standard,necklaces_lockets,B079KB7J2F
tcsv1_core_0334,core,buying,medium,standard,work_safety_work_utility_safety,B01A00M750
tcsv1_core_0335,core,browsing,medium,standard,nursing_dresses,B07JLR8CWF
tcsv1_core_0336,core,buying,medium,standard,luggage_travel_gear_briefcases,B00IMTQU0A
tcsv1_core_0337,core,browsing,hard,standard,jewelry_tie_clips,B07YMK44Q2
tcsv1_core_0338,core,buying,easy,standard,gloves_mittens_cold_weather_gloves,B01CSKJ72Q
tcsv1_core_0339,core,buying,medium,standard,active_active_shorts,B0921D72ZX
tcsv1_core_0340,core,intent_override,medium,brand_change,sweaters_vests,B096Z9KTJM
tcsv1_core_0341,core,buying,hard,standard,accessories_earmuffs,B09NLL4V4N
tcsv1_core_0342,core,buying,medium,standard,sets_active_tracksuits,B00Q0BMWKE
tcsv1_core_0343,core,buying,easy,standard,women_pants,B09NZJMJH2
tcsv1_core_0344,core,browsing,medium,standard,sweaters_pullovers,B08MX78F93
tcsv1_core_0345,core,browsing,hard,standard,sandals_slides,B07MK6DMGW
tcsv1_core_0346,core,browsing,medium,standard,jackets_coats_fleece,B07CJN8ZJF
tcsv1_core_0347,core,buying,medium,standard,dresses_club_night_out,B0B9RMXGGH
tcsv1_core_0348,core,buying,hard,standard,taekwondo_sets,B0039GDE14
tcsv1_core_0349,core,browsing,easy,standard,casual_dress_socks_knee_high_socks,B017XKRBX8
tcsv1_core_0350,core,buying,easy,standard,cold_weather_hats_caps,B00LV56UPC
tcsv1_core_0351,core,browsing,hard,standard,women_panties,B01BWTWQMC
tcsv1_core_0352,core,browsing,hard,standard,slips_full_slips,B07XQH8SDL
tcsv1_core_0353,core,browsing,medium,standard,hats_caps_sun_hats,B09TNPT77S
tcsv1_core_0354,core,buying,medium,standard,lightweight_jackets_denim,B0756WN58Y
tcsv1_core_0355,core,browsing,medium,standard,shapewear_thigh_slimmers,B07FPFDFFD
tcsv1_core_0356,core,browsing,hard,standard,jewelry_rings,B09RNHL4B3
tcsv1_core_0357,core,boundary,medium,hard_soft_conflict,shoes_jewelry_free_one_day_shipping_in_shoes_handbags,B00DWFUCAI
tcsv1_core_0358,core,browsing,medium,standard,shoes_military_tactical,B000G60FSA
tcsv1_core_0359,core,browsing,medium,standard,boys_shorts,B09N7C7RZ1
tcsv1_core_0360,core,buying,hard,standard,jewelry_necklaces,B08FYP125T
tcsv1_core_0361,core,browsing,medium,standard,thermal_underwear_tops,B01HTBTVY8
tcsv1_core_0362,core,buying,medium,standard,tees_blouses_tanks_camis,B081QBPNQN
tcsv1_core_0363,core,intent_override,medium,budget_change,pants_casual,B0B6H9VYCT
tcsv1_core_0364,core,browsing,hard,standard,novelty_more_novelty,B07CN4GJH2
tcsv1_core_0365,core,browsing,hard,standard,jackets_vests_vests,B09JWRY88C
tcsv1_core_0366,core,intent_override,easy,brand_change,travel_accessories_luggage_scales,B00STNLOU0
tcsv1_core_0367,core,buying,easy,standard,sweaters_pullovers,B08CPQXWNP
tcsv1_core_0368,core,intent_override,hard,key_attribute_change,athletic_sport_sandals_slides,B002KMIHYC
tcsv1_core_0369,core,buying,medium,standard,accessories_leg_warmers,B07CQTZ2C7
tcsv1_core_0370,core,browsing,hard,standard,dresses_cocktail,B0733H9G63
tcsv1_core_0371,core,buying,medium,standard,athletic_running,B07X5W55KZ
tcsv1_core_0372,core,buying,hard,standard,cricket_women,B09MQXM24Q
tcsv1_core_0373,core,browsing,hard,standard,accessories_special_occasion_accessories,B0755FCBBP
tcsv1_core_0374,core,intent_override,hard,category_or_use_case_change,athletic_ballet_dance,B09TXHWXNR
tcsv1_core_0375,core,browsing,medium,standard,hats_headwear_caps,B07W5TJ2VX
tcsv1_core_0376,core,browsing,hard,standard,hats_caps_baseball_caps,B08W2FYDD1
tcsv1_core_0377,core,browsing,hard,standard,jackets_coats_vests,B07K8KKTM4
tcsv1_core_0378,core,browsing,hard,standard,shoes_jewelry_plain_gold_jewelry,B001LN1C8E
tcsv1_core_0379,core,browsing,hard,standard,dance_women,B00URH1LJK
tcsv1_core_0380,core,buying,medium,standard,women_active,B09FJF499Z
tcsv1_core_0381,core,browsing,medium,standard,jackets_coats_vests,B07XCS4VFH
tcsv1_core_0382,core,browsing,medium,standard,golf_men,B07MV5HVY7
tcsv1_core_0383,core,buying,medium,standard,earrings_stud,B0B4RQ3SNH
tcsv1_core_0384,core,buying,hard,standard,jewelry_wedding_rings,B08NFWD4XF
tcsv1_core_0385,core,buying,medium,standard,jackets_vests_wool_pea_coats,B074GZJZP9
tcsv1_core_0386,core,browsing,hard,standard,athletic_basketball,B00KXPMKMI
tcsv1_core_0387,core,browsing,easy,standard,team_sports_basketball,B01MSYWZAX
tcsv1_core_0388,core,intent_override,easy,budget_change,charm_bracelets_snake,B01HDPZ522
tcsv1_core_0389,core,buying,medium,standard,watches_watch_bands,B003P8FGLW
tcsv1_core_0390,core,browsing,medium,standard,body_jewelry_dental_grills,B08C6XKM8S
tcsv1_core_0391,core,intent_override,medium,brand_change,boys_overalls,B000WMNBPC
tcsv1_core_0392,core,buying,hard,standard,women_bras,B00775MHA2
tcsv1_core_0393,core,buying,hard,standard,scarves_fashion_scarves,B06XZW2QZD
tcsv1_core_0394,core,browsing,medium,standard,luggage_travel_gear_travel_accessories,B01M0YB9BU
tcsv1_core_0395,core,boundary,medium,hard_soft_conflict,girls_overalls,B08XC398ZY
tcsv1_core_0396,core,buying,easy,standard,maternity_dresses,B095X973FY
tcsv1_core_0397,core,browsing,hard,standard,women_sweaters,B074C88TC3
tcsv1_core_0398,core,browsing,hard,standard,earrings_cuffs_wraps,B0B98NLZZK
tcsv1_core_0399,core,intent_override,hard,budget_change,wedding_engagement_eternity_rings,B08G8WNP38
tcsv1_core_0400,core,buying,medium,standard,outdoor_work_hunting,B002HHNT9I
tcsv1_core_0401,core,browsing,medium,standard,work_utility_safety_shorts,B000OPB6HM
tcsv1_core_0402,core,browsing,hard,standard,bracelets_cuff,B0BRN4R3W4
tcsv1_core_0403,core,buying,hard,standard,jewelry_accessories_loose_gemstones,B075T8YCXY
tcsv1_core_0404,core,buying,hard,standard,accessories_applique_patches,B00CVVY24Q
tcsv1_core_0405,core,buying,medium,standard,keyrings_keychains_charms,B0919J9DXM
tcsv1_core_0406,core,browsing,medium,standard,casual_dress_socks_liners_ankle_socks,B07H2JL8ZG
tcsv1_core_0407,core,intent_override,medium,brand_change,clothing_sets_pant_sets,B07JYMMBMS
tcsv1_core_0408,core,buying,hard,standard,tops_tees_polos,B00KOJJ2PG
tcsv1_core_0409,core,intent_override,medium,category_or_use_case_change,shoes_jewelry_women_s_halloween_costumes,B016ZHEZXY
tcsv1_core_0410,core,browsing,hard,standard,jackets_vests_wool_pea_coats,B0BL3355GB
tcsv1_core_0411,core,browsing,easy,standard,shoes_pumps,B0027CTYH4
tcsv1_core_0412,core,browsing,easy,standard,jackets_vests_wool_pea_coats,B0BJDHJCL1
tcsv1_core_0413,core,buying,medium,standard,women_hoodies,B079QPPN34
tcsv1_core_0414,core,buying,medium,standard,shoes_slippers,B07Y5L248X
tcsv1_core_0415,core,buying,medium,standard,jackets_vests_vests,B09FJ3HNKV
tcsv1_core_0416,core,browsing,medium,standard,jewelry_boxes_organizers_jewelry_armoires,B074PRSTHH
tcsv1_core_0417,core,buying,medium,standard,basketball_men,B0921HWVPZ
tcsv1_core_0418,core,browsing,hard,standard,earrings_hoop,B08T22JYBB
tcsv1_core_0419,core,buying,hard,standard,baby_boys_layette_sets,B004071ZR6
tcsv1_core_0420,core,browsing,medium,standard,jewelry_accessories_cleaning_care,B09Q1X7BZH
tcsv1_core_0421,core,intent_override,medium,key_attribute_change,jewelry_boxes_organizers_jewelry_trays,B00I0FFQV0
tcsv1_core_0422,core,buying,medium,standard,athletic_soccer,B077T6CKQ3
tcsv1_core_0423,core,intent_override,medium,brand_change,jewelry_pendants_coins,B094CCH169
tcsv1_core_0424,core,intent_override,medium,key_attribute_change,bikinis_sets,B07DDH6RHK
tcsv1_core_0425,core,buying,medium,standard,hats_caps_newsboy_caps,B00WBYZ436
tcsv1_core_0426,core,buying,medium,standard,travel_accessories_luggage_locks,B00BTZIDIQ
tcsv1_core_0427,core,browsing,easy,standard,bikinis_tops,B08CJVM88D
tcsv1_core_0428,core,browsing,medium,standard,sport_specific_clothing_running,B09M2LCQM6
tcsv1_core_0429,core,boundary,easy,unit_or_size_ambiguity,women_hosiery,B00DH440N4
tcsv1_core_0430,core,browsing,hard,standard,shoes_jewelry_markdowns,B07CTDB6CM
tcsv1_core_0431,core,browsing,medium,standard,base_layers_compression_shirts,B017OG2RLC
tcsv1_core_0432,core,buying,easy,standard,accessories_belts,B07BSC5WK4
tcsv1_core_0433,core,browsing,hard,standard,accessories_wallets,B01A89G6H8
tcsv1_core_0434,core,browsing,medium,standard,hiking_trekking_hiking_shoes,B07KXYR442
tcsv1_core_0435,core,browsing,hard,standard,charms_clasp,B007XJ1AKA
tcsv1_core_0436,core,buying,medium,standard,shoes_jewelry_fashion_watches,B0038BOBVW
tcsv1_core_0437,core,buying,medium,standard,jewelry_boxes_organizers_jewelry_trays,B0995NWMCY
tcsv1_core_0438,core,browsing,hard,standard,athletic_fitness_cross_training,B084PP59C9
tcsv1_core_0439,core,intent_override,easy,budget_change,socks_calf_socks,B095JH3Q91
tcsv1_core_0440,core,browsing,easy,standard,dresses_work,B07W84Z16H
tcsv1_core_0441,core,browsing,medium,standard,underwear_thermal_underwear,B00VDQK1Z4
tcsv1_core_0442,core,buying,hard,standard,dresses_cocktail,B07CJTPHN7
tcsv1_core_0443,core,buying,medium,standard,shoes_jewelry_girls,B07BVWYTKD
tcsv1_core_0444,core,intent_override,medium,key_attribute_change,women_costumes,B006ZVZCFQ
tcsv1_core_0445,core,buying,easy,standard,baby_girls_sweaters,B09NGY54K2
tcsv1_core_0446,core,buying,medium,standard,charms_bead,B001E1XMRM
tcsv1_core_0447,core,buying,medium,standard,kids_clothing_girls_sleepwear_robes,B00OX68G1W
tcsv1_core_0448,core,intent_override,medium,category_or_use_case_change,tees_blouses_tunics,B07TJK6TZJ
tcsv1_core_0449,core,buying,easy,standard,accessories_scarves,B008BKXYUO
tcsv1_core_0450,core,buying,medium,standard,jackets_vests_leather_faux_leather,B07GCPV6ZD
tcsv1_core_0451,core,browsing,easy,standard,handbags_wallets_hobo_bags,B09F4VV6SP
tcsv1_core_0452,core,boundary,medium,exact_threshold,active_leggings,B07D5MHX82
tcsv1_core_0453,core,browsing,medium,standard,shapewear_bodysuits,B09Y1998YR
tcsv1_core_0454,core,browsing,medium,standard,suits_sport_coats_vests,B01IFLJ966
tcsv1_core_0455,core,buying,hard,standard,shoes_jewelry_women_s_shop_by_style_boho,B09BCZ24KV
tcsv1_core_0456,core,browsing,easy,standard,dresses_playwear,B0B7DPC2M3
tcsv1_core_0457,core,buying,medium,standard,hats_caps_baseball_caps,B0897BHJPJ
tcsv1_core_0458,core,intent_override,medium,key_attribute_change,card_id_cases_card_cases,B09LYV3L8F
tcsv1_core_0459,core,browsing,easy,standard,underwear_boxer_briefs,B01B4GQTZI
tcsv1_core_0460,core,intent_override,medium,budget_change,footies_rompers_rompers,B074Z6KWW5
tcsv1_core_0461,core,browsing,medium,standard,bikinis_tops,B08SVTSHFC
tcsv1_core_0462,core,browsing,hard,standard,earrings_stud,B01BLAPDD6
tcsv1_core_0463,core,intent_override,easy,key_attribute_change,active_active_shirts_tees,B07ZP5SCY6
tcsv1_core_0464,core,buying,medium,standard,kids_watches_girls,B00659WWJW
tcsv1_core_0465,core,browsing,medium,standard,athletic_bowling,B01M5GFSO0
tcsv1_core_0466,core,browsing,medium,standard,jewelry_wedding_engagement,B0B157GCM6
tcsv1_core_0467,core,browsing,medium,standard,panties_hipsters,B0B5YGTB4V
tcsv1_core_0468,core,browsing,medium,standard,women_wigs,B009QGOJRY
tcsv1_core_0469,core,boundary,medium,negation_scope,clothing_outlet_clothing_outlet,B08VS2RFTD
tcsv1_core_0470,core,browsing,hard,standard,swimwear_test_women_s_swimwear,B084JFV5NR
tcsv1_core_0471,core,buying,hard,standard,shoes_jewelry_test_color,B075G5FC26
tcsv1_core_0472,core,buying,hard,standard,tees_shirts_polos,B01N8T5RQS
tcsv1_core_0473,core,browsing,medium,standard,earrings_ball,B01FV2I882
tcsv1_core_0474,core,intent_override,medium,category_or_use_case_change,socks_hosiery_slipper_socks,B09GGFZHM6
tcsv1_core_0475,core,browsing,easy,standard,boys_pants,B0BYYCBKD8
tcsv1_core_0476,core,browsing,medium,standard,jackets_vests_down_jackets_parkas,B005OXWJOS
tcsv1_core_0477,core,intent_override,hard,brand_change,work_utility_shoes,B09JLDQBW4
tcsv1_core_0478,core,buying,hard,standard,boys_costumes,B018RK92IA
tcsv1_core_0479,core,buying,hard,standard,shoes_jewelry_underwire,B00KSUFLPG
tcsv1_core_0480,core,browsing,hard,standard,underwear_undershirts,B0BF9HWYBY
tcsv1_core_0481,core,browsing,medium,standard,rompers_overalls_jumpsuits,B0B5V3FCDJ
tcsv1_core_0482,core,boundary,hard,unit_or_size_ambiguity,fashion_dress,B0085O365Y
tcsv1_core_0483,core,buying,hard,standard,swimsuits_cover_ups_cover_ups,B09S9SZ954
tcsv1_core_0484,core,intent_override,hard,brand_change,shoes_jewelry_100_plus_no_title_match,B09NQZMLQJ
tcsv1_core_0485,core,browsing,medium,standard,baby_girls_shoes,B001J4VOSI
tcsv1_core_0486,core,browsing,medium,standard,sleep_lounge_nightgowns_sleepshirts,B0776BK8QK
tcsv1_core_0487,core,browsing,easy,standard,men_costumes_cosplay_apparel,B099DV75YR
tcsv1_core_0488,core,buying,medium,standard,shoes_boots,B0B4G9N5Q5
tcsv1_core_0489,core,browsing,medium,standard,suiting_blazers_suit_sets,B09HSZK5RG
tcsv1_core_0490,core,buying,medium,standard,active_leggings,B01N0TPMZI
tcsv1_core_0491,core,boundary,medium,exact_threshold,active_pants_sweatpants,B099BJRSWL
tcsv1_core_0492,core,buying,easy,standard,shoes_jewelry_college_style_for_her_cool,B086BD4KTG
tcsv1_core_0493,core,intent_override,hard,category_or_use_case_change,scarves_cold_weather_scarves,B0BLZ87SDD
tcsv1_core_0494,core,browsing,medium,standard,sleepwear_robes_one_piece_pajamas,B004DBBHMW
tcsv1_core_0495,core,browsing,medium,standard,sandals_heeled_sandals,B09V7VLZ5D
tcsv1_core_0496,core,intent_override,medium,budget_change,shoes_jewelry_fashion_gift_guide_25_under,B087BBN1Y4
tcsv1_core_0497,core,buying,medium,standard,lingerie_bustiers_corsets,B003Z9ZZX0
tcsv1_core_0498,core,browsing,hard,standard,shoes_jewelry_under_30,B07QXQLWPD
tcsv1_core_0499,core,browsing,hard,standard,sunglasses_eyewear_accessories_sunglasses,B0745TZ6RW
tcsv1_core_0500,core,browsing,medium,standard,sandals_flats,B09YYZD955
tcsv1_core_0501,core,browsing,medium,standard,earrings_stud,B00LCE23Q2
tcsv1_core_0502,core,buying,medium,standard,running_road_running,B08PWTNPN7
tcsv1_core_0503,core,browsing,hard,standard,luggage_travel_gear_travel_duffels,B008F8P4BY
tcsv1_core_0504,core,buying,hard,standard,shoes_jewelry_men,B08ZS6VC3J
tcsv1_core_0505,core,browsing,easy,standard,bikinis_bottoms,B079S6YNKW
tcsv1_core_0506,core,intent_override,hard,key_attribute_change,necklaces_strands,B07T9HWD7F
tcsv1_core_0507,core,buying,hard,standard,luggage_travel_gear_briefcases,B0187VR40M
tcsv1_core_0508,core,buying,medium,standard,shorts_denim,B0CHBHY9QB
tcsv1_core_0509,core,browsing,medium,standard,swim_trunks,B0BMVHYPWK
tcsv1_core_0510,core,buying,medium,standard,jewelry_accessories_jewelry_boxes_organizers,B01L9XRARC
tcsv1_core_0511,core,buying,medium,standard,watches_wrist_watches,B004ZV07LW
tcsv1_core_0512,core,buying,easy,standard,tops_tees_t_shirts,B01N8TZ62S
tcsv1_core_0513,core,buying,medium,standard,jackets_coats_fleece,B00NLNVXCC
tcsv1_core_0514,core,browsing,hard,standard,bracelets_identification,B08MQ8DCSJ
tcsv1_core_0515,core,browsing,hard,standard,skirts_skorts_active_skorts,B09SGMMWC3
tcsv1_core_0516,core,boundary,hard,unit_or_size_ambiguity,cummerbunds_pocket_squares_bow_ties,B07VXV43G6
tcsv1_core_0517,core,buying,medium,standard,active_track_active_jackets,B06XYWDYNN
tcsv1_core_0518,core,intent_override,hard,key_attribute_change,jackets_coats_trench_rain,B094XT3BSP
tcsv1_core_0519,core,boundary,hard,exact_threshold,work_utility_safety_pants,B000VSHY64
tcsv1_core_0520,core,buying,hard,standard,outdoor_rain_footwear,B081HF21BD
tcsv1_core_0521,core,browsing,hard,standard,sunglasses_eyewear_accessories_eyewear_frames,B00OM9CZ4E
tcsv1_core_0522,core,browsing,hard,standard,sandals_platforms_wedges,B00IPFA12E
tcsv1_core_0523,core,intent_override,medium,key_attribute_change,lightweight_jackets_windbreakers,B0C6XZJPKX
tcsv1_core_0524,core,browsing,medium,standard,golf_men,B07BHTJHZY
tcsv1_core_0525,core,buying,medium,standard,accessories_keychains,B07H5PNF21
tcsv1_core_0526,core,browsing,medium,standard,women_hoodies,B07VVHQY4Y
tcsv1_core_0527,core,browsing,hard,standard,body_jewelry_body_chains,B06XWHG5NT
tcsv1_core_0528,core,browsing,medium,standard,lightweight_jackets_denim,B07CYLWY2G
tcsv1_core_0529,core,browsing,easy,standard,bibs_pants_bibs,B007PXW8LE
tcsv1_core_0530,core,browsing,medium,standard,tankinis_sets,B07FY97Q8N
tcsv1_core_0531,core,buying,hard,standard,women_dresses,B01MTO8L2K
tcsv1_core_0532,core,boundary,medium,unit_or_size_ambiguity,swim_trunks,B085Q77SPP
tcsv1_core_0533,core,buying,medium,standard,active_active_shirts_tees,B07H8BN4QM
tcsv1_core_0534,core,intent_override,easy,brand_change,accessories_suspenders,B005D9BRIM
tcsv1_core_0535,core,boundary,hard,exact_threshold,fashion_shearling,B0015TQW3O
tcsv1_core_0536,core,intent_override,medium,key_attribute_change,active_active_sweatshirts,B08BGR81TC
tcsv1_core_0537,core,buying,hard,standard,accessories_breast_petals,B09ZKCPWVJ
tcsv1_core_0538,core,browsing,medium,standard,hats_caps_sun_hats,B09XHRBC98
tcsv1_core_0539,core,buying,medium,standard,swimsuits_cover_ups_swim_pants,B08N4XRBKD
tcsv1_core_0540,core,buying,hard,standard,handbags_wallets_crossbody_bags,B06VVLSJCS
tcsv1_core_0541,core,boundary,medium,negation_scope,swim_swim_diapers,B07SPVXQGY
tcsv1_core_0542,core,browsing,medium,standard,boots_ankle_bootie,B07F7RVX84
tcsv1_core_0543,core,browsing,hard,standard,sleep_lounge_sleep_sets,B07C4JRQVS
tcsv1_core_0544,core,buying,hard,standard,men_jewelry,B01M623RT4
tcsv1_core_0545,core,browsing,hard,standard,sport_specific_clothing_softball,B07TW837L7
tcsv1_core_0546,core,buying,easy,standard,thermal_underwear_bottoms,B076ST1Y1C
tcsv1_core_0547,core,browsing,medium,standard,shoes_jewelry_under_50,B07MMF26G4
tcsv1_core_0548,core,boundary,easy,hard_soft_conflict,men_pants,B00MMTW88E
tcsv1_core_0549,core,browsing,easy,standard,outdoor_rain_footwear,B011N9RHCA
tcsv1_core_0550,core,browsing,hard,standard,outdoor_work_rain,B0027EFEBC
tcsv1_core_0551,core,buying,easy,standard,swimsuits_cover_ups_rash_guard_shirts,B082G4RJ3C
tcsv1_core_0552,core,buying,medium,standard,girls_bodysuits,B00EHRPJS0
tcsv1_core_0553,core,intent_override,medium,budget_change,work_safety_military,B086B57Z2Q
tcsv1_core_0554,core,buying,hard,standard,lightweight_jackets_windbreakers,B0B8CG2ZJX
tcsv1_core_0555,core,intent_override,hard,key_attribute_change,women_masks,B0BBR3DBQJ
tcsv1_core_0556,core,browsing,easy,standard,kids_swimwear_boys_swimwear_3,B0897YWWWP
tcsv1_core_0557,core,intent_override,hard,brand_change,skirts_casual,B00W4961M6
tcsv1_core_0558,core,intent_override,medium,brand_change,travel_accessories_luggage_straps,B01HBVVASQ
tcsv1_core_0559,core,browsing,hard,standard,active_track_active_jackets,B01HNQ1T6M
tcsv1_core_0560,core,browsing,easy,standard,boots_knee_high,B08CDFM84P
tcsv1_core_0561,core,intent_override,medium,brand_change,fashion_motorcycle,B003FLL1DQ
tcsv1_core_0562,core,buying,easy,standard,fashion_combat,B0B7DRFRMY
tcsv1_core_0563,core,browsing,medium,standard,dance_women,B07ZNGPFYB
tcsv1_core_0564,core,browsing,hard,standard,hiking_trekking_backpacking_boots,B06XC7MHT6
tcsv1_core_0565,core,boundary,medium,negation_scope,sunglasses_eyewear_accessories_eyewear_frames,B07V9Z7DRN
tcsv1_core_0566,core,buying,medium,standard,special_occasion_accessories_fascinators,B09HH2PLHD
tcsv1_core_0567,core,intent_override,easy,key_attribute_change,sport_specific_clothing_soccer_futsal,B08GPR8M35
tcsv1_core_0568,core,browsing,hard,standard,props_weapons_armor,B00CPU06S4
tcsv1_core_0569,core,buying,medium,standard,piercing_jewelry_rings,B074Q2XKCQ
tcsv1_core_0570,core,browsing,medium,standard,men_accessories,B002PNWICS
tcsv1_core_0571,core,browsing,medium,standard,bracelets_strand,B01JHABQQK
tcsv1_core_0572,core,buying,hard,standard,athletic_tennis_racquet_sports,B093S9SZ9N
tcsv1_core_0573,core,intent_override,medium,budget_change,jackets_vests_wool_pea_coats,B07M6GDPT1
tcsv1_core_0574,core,intent_override,medium,brand_change,necklaces_lockets,B089VWNKS9
tcsv1_core_0575,core,boundary,medium,negation_scope,tops_tees_tanks_camis,B014IQ3WV0
tcsv1_core_0576,core,browsing,hard,standard,men_masks,B07VCDZHQD
tcsv1_core_0577,core,browsing,hard,standard,wedding_engagement_promise_rings,B00D8GBWX2
tcsv1_core_0578,core,buying,hard,standard,fashion_riding,B09SXF5GZK
tcsv1_core_0579,core,browsing,medium,standard,accessories_neckties,B07KPQ4CZR
tcsv1_core_0580,core,buying,medium,standard,hats_caps_visors,B09P1P6Y4N
tcsv1_core_0581,core,browsing,medium,standard,boots_mid_calf,B00WUP97R0
tcsv1_core_0582,core,buying,medium,standard,kids_shoes_union_girls_slippers_outdoors,B07J31G18X
tcsv1_core_0583,core,buying,hard,standard,baby_baby_girls,B000NKJ9BS
tcsv1_core_0584,core,browsing,medium,standard,shoes_oxfords_loafers,B01JL1B8WW
tcsv1_core_0585,core,browsing,hard,standard,bras_everyday_bras,B07P7359DQ
tcsv1_core_0586,core,buying,hard,standard,baby_boys_bodysuits,B084WYSHXQ
tcsv1_core_0587,core,browsing,medium,standard,work_utility_boots,B00U4AC7QG
tcsv1_core_0588,core,buying,easy,standard,boots_ankle_bootie,B01H0WGJ9G
tcsv1_core_0589,core,browsing,medium,standard,shoes_jewelry_fashion_forward_finds,B08NV6RJYR
tcsv1_core_0590,core,boundary,medium,exact_threshold,props_feather_boas,B00K58KK2U
tcsv1_core_0591,core,buying,hard,standard,swimsuits_cover_ups_board_shorts,B09SLGL31D
tcsv1_core_0592,core,buying,medium,standard,clutches_evening_bags_clutches,B07XFSF2TD
tcsv1_core_0593,core,buying,medium,standard,luggage_travel_gear_backpacks,B07GZTF5Z9
tcsv1_core_0594,core,buying,easy,standard,boys_tops_tees,B0BYP4N1G4
tcsv1_core_0595,core,browsing,medium,standard,women_accessories,B001GKY0ZE
tcsv1_core_0596,core,browsing,easy,standard,piercing_jewelry_screws,B07TS7MJZX
tcsv1_core_0597,core,buying,hard,standard,men_masks,B00LIPQ15Y
tcsv1_core_0598,core,buying,easy,standard,accessories_hats_caps,B01LYNYTS4
tcsv1_core_0599,core,browsing,hard,standard,kids_activewear_boys_active,B08JMDR4CS
tcsv1_core_0600,core,buying,medium,standard,tops_tees_blouses_button_down_shirts,B0BWNDMXYY
tcsv1_core_0601,core,buying,hard,standard,gym_bags_sports_duffels,B00HEP6FEY
tcsv1_core_0602,core,buying,hard,standard,swimwear_test_boys_swimwear,B008K3NJIE
tcsv1_core_0603,core,intent_override,medium,key_attribute_change,men_footwear,B007STGCYO
tcsv1_core_0604,core,buying,medium,standard,suits_sport_coats_suits,B0CC2L198Q
tcsv1_core_0605,core,buying,hard,standard,jewelry_brooches_pins,B01NA93U6I
tcsv1_core_0606,core,buying,medium,standard,running_road_running,B06XC8BG93
tcsv1_core_0607,core,buying,medium,standard,bottoms_pants,B08YR8DM4Q
tcsv1_core_0608,core,browsing,hard,standard,shoes_jewelry_women_s_dresses_under_25,B07CWLTFJ4
tcsv1_core_0609,core,intent_override,easy,category_or_use_case_change,body_jewelry_toe_rings,B09NZTMRGZ
tcsv1_core_0610,core,boundary,easy,unit_or_size_ambiguity,athletic_ballet_dance,B099QXP1WG
tcsv1_core_0611,core,browsing,easy,standard,fashion_chelsea,B07F1HWBVP
tcsv1_core_0612,core,browsing,easy,standard,clutches_evening_bags_evening_bags,B095YQBRWX
tcsv1_core_0613,core,buying,easy,standard,swimsuits_cover_ups_rash_guard_shirts,B09VLFSZ9F
tcsv1_core_0614,core,buying,medium,standard,rain_anoraks_raincoats,B0BCH9LPZB
tcsv1_core_0615,core,browsing,easy,standard,women_skirts,B08KWFZ8FW
tcsv1_core_0616,core,browsing,medium,standard,accessories_cold_weather,B01M1A392M
tcsv1_core_0617,core,browsing,medium,standard,luggage_travel_gear_backpacks,B0BZ8WGRKB
tcsv1_core_0618,core,intent_override,easy,brand_change,shoes_jewelry_top_50_by_product_type,B07BK2YNMM
tcsv1_core_0619,core,buying,hard,standard,athletic_tennis_racquet_sports,B084QVC1X3
tcsv1_core_0620,core,buying,hard,standard,girls_one_piece_suits,B0725DVZ2D
tcsv1_core_0621,core,buying,medium,standard,sleep_lounge_sets,B0797LSNW3
tcsv1_core_0622,core,intent_override,medium,budget_change,swimsuits_cover_ups_cover_ups,B07CLT5MFP
tcsv1_core_0623,core,browsing,easy,standard,tops_tees_tees,B08664C7BL
tcsv1_core_0624,core,buying,hard,standard,military_pants,B07BR8ZQYG
tcsv1_core_0625,core,boundary,easy,hard_soft_conflict,shorts_trunks_board_shorts,B07NNSFX5F
tcsv1_core_0626,core,buying,hard,standard,tops_tees_shirts,B078HHB2L4
tcsv1_core_0627,core,buying,easy,standard,scarves_neck_gaiters,B00NKQE2BE
tcsv1_core_0628,core,intent_override,hard,category_or_use_case_change,hats_caps_newsboy_caps,B00IKIPHL6
tcsv1_core_0629,core,boundary,medium,negation_scope,cummerbunds_pocket_squares_tie_sets,B00E4BY8E0
tcsv1_core_0630,core,browsing,hard,standard,girls_shorts,B071XZWHJM
tcsv1_core_0631,core,browsing,medium,standard,jewelry_necklaces,B0743MCMZF
tcsv1_core_0632,core,boundary,medium,hard_soft_conflict,panties_hipsters,B09QT7YC41
tcsv1_core_0633,core,browsing,medium,standard,swim_rash_guard_shirts,B07PRTHP5X
tcsv1_core_0634,core,buying,easy,standard,shoes_jewelry_womens_summer_styles,B099KN5L8D
tcsv1_core_0635,core,browsing,hard,standard,active_shirts_tees_button_down_shirts,B0B5SNPN5N
tcsv1_core_0636,core,buying,hard,standard,fashion_chelsea,B0BSMKG8X7
tcsv1_core_0637,core,intent_override,medium,category_or_use_case_change,shoes_jewelry_20_off_50_kids_promo,B00DYY6H92
tcsv1_core_0638,core,browsing,hard,standard,props_weapons_armor,B006MRND4U
tcsv1_core_0639,core,buying,hard,standard,skirts_casual,B09V3836CP
tcsv1_core_0640,core,buying,medium,standard,scarves_wraps_cold_weather_scarves_wraps,B0B5FMB9YY
tcsv1_core_0641,core,boundary,hard,unit_or_size_ambiguity,special_occasion_accessories_bridal_accessories,B07PQ4LYJ3
tcsv1_core_0642,core,buying,medium,standard,jackets_coats_dress_coats,B01MYXOO65
tcsv1_core_0643,core,browsing,medium,standard,jewelry_boxes_organizers_jewelry_boxes,B0037TC9NC
tcsv1_core_0644,core,intent_override,medium,brand_change,accessories_cold_weather,B08JVBBWKK
tcsv1_core_0645,core,intent_override,medium,category_or_use_case_change,wallets_card_cases_money_organizers,B00WVPFZXY
tcsv1_core_0646,core,boundary,easy,negation_scope,handbags_shoulder_bags_cross_body_sling_bags,B07YPBMVKG
tcsv1_core_0647,core,browsing,medium,standard,skirts_skooters_skorts,B09HX7WBCZ
tcsv1_core_0648,core,buying,easy,standard,luggage_travel_gear_travel_duffels,B004EHPI98
tcsv1_core_0649,core,buying,easy,standard,necklaces_collars,B078XLJZWJ
tcsv1_core_0650,core,buying,easy,standard,shirts_t_shirts,B00CHJBU0Q
tcsv1_core_0651,core,intent_override,medium,brand_change,jewelry_bracelets,B07H4FF4BK
tcsv1_core_0652,core,browsing,easy,standard,tees_shirts_button_down_shirts,B078KF51NT
tcsv1_core_0653,core,intent_override,medium,key_attribute_change,shoes_sneakers,B09ZLKG9KV
tcsv1_core_0654,core,buying,medium,standard,dresses_playwear,B0C8S82G27
tcsv1_core_0655,core,buying,medium,standard,swimsuits_cover_ups_tankinis,B07MJGH1WL
tcsv1_core_0656,core,browsing,easy,standard,boys_costumes,B0B586DYHH
tcsv1_core_0657,core,browsing,easy,standard,accessories_gloves_mittens,B01FVR8N8W
tcsv1_core_0658,core,buying,medium,standard,hiking_trekking_backpacking_boots,B07Z1QHZ53
tcsv1_core_0659,core,browsing,hard,standard,work_utility_safety_shorts,B084M391CV
tcsv1_core_0660,core,intent_override,medium,category_or_use_case_change,bikinis_bottoms,B011THUJL2
tcsv1_core_0661,core,browsing,hard,standard,men_shoes,B00KQ4GHY8
tcsv1_core_0662,core,browsing,hard,standard,watches_pocket_watches,B09TVCQRZP
tcsv1_core_0663,core,browsing,medium,standard,shirts_casual_button_down_shirts,B07CMJYPRG
tcsv1_core_0664,core,buying,medium,standard,thermal_underwear_tops,B09CDP7518
tcsv1_core_0665,core,buying,medium,standard,skirts_skorts_active_skorts,B07Q5J5TRV
tcsv1_core_0666,core,browsing,medium,standard,pants_dress,B00DBAQVEK
tcsv1_core_0667,core,intent_override,hard,key_attribute_change,socks_hosiery_leg_warmers,B00B5RARNW
tcsv1_core_0668,core,browsing,medium,standard,pendants_coins_pendants_only,B07QB6QLYC
tcsv1_core_0669,core,browsing,easy,standard,girls_shoes,B01335DV22
tcsv1_core_0670,core,buying,easy,standard,clutches_evening_bags_evening_bags,B09ZQMLFP8
tcsv1_core_0671,core,intent_override,easy,category_or_use_case_change,athletic_ballet_dance,B000C12J5G
tcsv1_core_0672,core,buying,medium,standard,hats_caps_bomber_hats,B09GBG6HW2
tcsv1_core_0673,core,buying,medium,standard,rings_bands,B0BZS1XXBB
tcsv1_core_0674,core,intent_override,medium,budget_change,shapewear_control_slips,B007W0XUZ8
tcsv1_core_0675,core,intent_override,hard,category_or_use_case_change,thermal_underwear_tops,B08JC884NJ
tcsv1_core_0676,core,intent_override,medium,key_attribute_change,swimwear_sets_rash_guard_sets,B09MDLSQXL
tcsv1_core_0677,core,intent_override,hard,budget_change,suits_sport_coats_sport_coats_blazers,B01DF69REU
tcsv1_core_0678,core,buying,medium,standard,shoes_jewelry_roxy_clothing_accessories,B00E5RF2CU
tcsv1_core_0679,core,browsing,medium,standard,swim_cover_ups,B09QNG444J
tcsv1_core_0680,core,browsing,hard,standard,shoe_care_treatments_dyes_shoe_care_kits,B09DHNFV4P
tcsv1_core_0681,core,intent_override,medium,brand_change,jewelry_wedding_rings,B01741ADE0
tcsv1_core_0682,core,browsing,easy,standard,gloves_mittens_cold_weather_gloves,B001H0FDUO
tcsv1_core_0683,core,buying,hard,standard,luggage_travel_gear_travel_accessories,B01EAFBXTW
tcsv1_core_0684,core,boundary,medium,exact_threshold,shoes_jewelry_top_gifts_for_kids_characters,B078TL6MTG
tcsv1_core_0685,core,browsing,hard,standard,boots_oxford_derby,B093X7DF5S
tcsv1_core_0686,core,buying,easy,standard,wedding_engagement_engagement_rings,B098XSB17N
tcsv1_core_0687,core,browsing,medium,standard,shoes_fashion_sneakers,B098ZFRWGX
tcsv1_core_0688,core,browsing,medium,standard,swim_sunsuits,B01MFESRPC
tcsv1_core_0689,core,buying,hard,standard,panties_boy_shorts,B071WMWSMN
tcsv1_core_0690,core,browsing,medium,standard,shoes_loafers_slip_ons,B0CG7J3G3S
tcsv1_core_0691,core,buying,medium,standard,piercing_jewelry_plugs,B00FZ4O3BS
tcsv1_core_0692,core,browsing,easy,standard,active_active_pants,B09LT17M4B
tcsv1_core_0693,core,browsing,hard,standard,suits_sport_coats_tuxedos,B09NVJ8NSW
tcsv1_core_0694,core,browsing,medium,standard,outdoor_hunting,B00UB7WPY6
tcsv1_core_0695,core,buying,hard,standard,food_service_hats,B0921TLLFR
tcsv1_core_0696,core,browsing,hard,standard,hiking_trekking_hiking_boots,B08GV22NCM
tcsv1_core_0697,core,browsing,hard,standard,earrings_ball,B00CH51DSE
tcsv1_core_0698,core,buying,medium,standard,shorts_flat_front,B08PJ7NWK6
tcsv1_core_0699,core,buying,hard,standard,athletic_sport_sandals,B005OJ95VC
tcsv1_core_0700,core,buying,medium,standard,bikinis_bottoms,B0BPM5M9ZQ
tcsv1_core_0701,core,browsing,medium,standard,shoes_loafers_slip_ons,B0050QC7Q4
tcsv1_core_0702,core,browsing,medium,standard,jewelry_boxes_organizers_jewelry_trays,B000RB1OFM
tcsv1_core_0703,core,browsing,hard,standard,shoes_jewelry_clearance,B0094FIPZY
tcsv1_core_0704,core,buying,medium,standard,active_performance_insulated_shells,B079QHGCRK
tcsv1_core_0705,core,buying,hard,standard,base_layers_compression_compression_arm_sleeves,B085LY2ZLX
tcsv1_core_0706,core,browsing,hard,standard,handbag_accessories_handbag_organizers,B0BHQ7XV5G
tcsv1_core_0707,core,buying,easy,standard,girls_two_piece_suits,B06W9LBW47
tcsv1_core_0708,core,buying,medium,standard,active_performance_insulated,B01AJ2YB8K
tcsv1_core_0709,core,browsing,easy,standard,jewelry_earrings,B06XZD7N5J
tcsv1_core_0710,core,buying,medium,standard,men_active,B07BMB8472
tcsv1_core_0711,core,buying,easy,standard,sunglasses_eyewear_accessories_replacement_sunglass_lenses,B07K9ZD8LZ
tcsv1_core_0712,core,buying,hard,standard,necklaces_pendants_pendants,B0BMQQFQ3F
tcsv1_core_0713,core,buying,hard,standard,sandals_slides,B088G12M7B
tcsv1_core_0714,core,browsing,easy,standard,women_jewelry,B07BL57FMD
tcsv1_core_0715,core,buying,hard,standard,bracelets_tennis,B010JGG4Q8
tcsv1_core_0716,core,buying,medium,standard,jackets_vests_fur_faux_fur,B09JCC5FW9
tcsv1_core_0717,core,browsing,medium,standard,shoes_jewelry_made_in_usa,B00HYUVUFS
tcsv1_core_0718,core,browsing,easy,standard,gloves_mittens_gloves,B07WQPM2Y5
tcsv1_core_0719,core,buying,easy,standard,men_hoodies,B0887XL6JQ
tcsv1_core_0720,core,browsing,medium,standard,american_football_boys,B00TIQ4SI2
tcsv1_core_0721,core,buying,easy,standard,card_cases_money_organizers_checkbook_covers,B01E4MXAGK
tcsv1_core_0722,core,browsing,hard,standard,rings_bands,B009983NZI
tcsv1_core_0723,core,intent_override,medium,budget_change,swim_swim_diapers,B00LHHOVGY
tcsv1_core_0724,core,browsing,hard,standard,costumes_cosplay_apparel_costumes,B077TGWBFR
tcsv1_core_0725,core,browsing,hard,standard,shapewear_control_panties,B0BQ6MFCK2
tcsv1_core_0726,core,buying,medium,standard,shoes_jewelry_westlake,B07G481N6C
tcsv1_core_0727,core,browsing,hard,standard,accessories_accessory_sets,B08K75ZXY1
tcsv1_core_0728,core,browsing,medium,standard,accessories_belts,B07DM1QWXR
tcsv1_core_0729,core,buying,medium,standard,active_active_pants,B07CL9MHT3
tcsv1_core_0730,core,buying,medium,standard,card_cases_money_organizers_coin_purses_pouches,B003V059SY
tcsv1_core_0731,core,browsing,easy,standard,men_socks,B08L2JYM12
tcsv1_core_0732,core,intent_override,hard,budget_change,skirts_skorts_skirts,B0BLK8989F
tcsv1_core_0733,core,browsing,medium,standard,card_cases_money_organizers_coin_purses_pouches,B0957G7WDS
tcsv1_core_0734,core,intent_override,hard,category_or_use_case_change,tees_blouses_tunics,B0C3DPS752
tcsv1_core_0735,core,browsing,medium,standard,body_jewelry_piercing_jewelry,B0722HPXWD
tcsv1_core_0736,core,buying,medium,standard,jewelry_wedding_rings,B07GNFCJT5
tcsv1_core_0737,core,buying,easy,standard,clutches_evening_bags_evening_bags,B09JCJZNDN
tcsv1_core_0738,core,buying,hard,standard,necklaces_pendants_pendants,B0BKG3NY4R
tcsv1_core_0739,core,buying,easy,standard,costumes_cosplay_apparel_costumes,B07BRWYLC5
tcsv1_core_0740,core,buying,medium,standard,fashion_riding,B07XPFJ8K3
tcsv1_core_0741,core,browsing,easy,standard,outdoor_work_rain,B00K1XU1IW
tcsv1_core_0742,core,browsing,medium,standard,clothing_outlet_outlet_clothing,B08HQJV5GT
tcsv1_core_0743,core,buying,hard,standard,golf_boys,B00QHKCEDS
tcsv1_core_0744,core,buying,hard,standard,swim_trunks,B0BP56ZH3B
tcsv1_core_0745,core,intent_override,easy,category_or_use_case_change,swim_sunsuits,B07J4PCH78
tcsv1_core_0746,core,buying,easy,standard,bracelets_link,B016JYTFGK
tcsv1_core_0747,core,browsing,medium,standard,swimsuits_cover_ups_one_pieces,B072FG1243
tcsv1_core_0748,core,intent_override,medium,brand_change,work_utility_safety_tops,B06WRTWX22
tcsv1_core_0749,core,browsing,medium,standard,shoe_care_accessories_shoe_dryers,B07L3PXXCJ
tcsv1_core_0750,core,browsing,hard,standard,shoes_jewelry_boots_and_handbags_promotion,B00JHDRC70
tcsv1_core_0751,core,browsing,medium,standard,sleepwear_robes_nightgowns,B007XD8QYE
tcsv1_core_0752,core,browsing,medium,standard,active_active_shorts,B094ZXWVQM
tcsv1_core_0753,core,boundary,medium,negation_scope,piercing_jewelry_rings,B08C9FF1KW
tcsv1_core_0754,core,buying,hard,standard,sport_specific_clothing_cycling,B0B4FZL117
tcsv1_core_0755,core,intent_override,medium,key_attribute_change,athletic_soccer,B00JMEX7ZU
tcsv1_core_0756,core,buying,medium,standard,bracelets_link,B09GS9GGR7
tcsv1_core_0757,core,intent_override,hard,budget_change,costumes_accessories_props,B074Z4RVP6
tcsv1_core_0758,core,browsing,hard,standard,rompers_overalls_jumpsuits,B086PHZR2C
tcsv1_core_0759,core,browsing,medium,standard,handbags_wallets_hobo_bags,B07921DZKC
tcsv1_core_0760,core,buying,hard,standard,girls_tights,B0BRN4GTLY
tcsv1_core_0761,core,buying,medium,standard,athletic_racquet_sports,B00JV3WGMM
tcsv1_core_0762,core,boundary,hard,exact_threshold,men_underwear,B08LBLF1GG
tcsv1_core_0763,core,buying,hard,standard,travel_accessories_luggage_tags_handle_wraps,B019MR6O5G
tcsv1_core_0764,core,buying,medium,standard,undershirts_tanks_camisoles,B08MC5HL58
tcsv1_core_0765,core,buying,easy,standard,shoes_jewelry_test_color,B0963J9QJR
tcsv1_core_0766,core,browsing,medium,standard,hats_caps_cowboy_hats,B08KWP37Z4
tcsv1_core_0767,core,buying,medium,standard,watch_accessories_repair_tools_kits,B009OWWS1O
tcsv1_core_0768,core,browsing,medium,standard,hats_caps_newsboy_caps,B07CPHFXX9
tcsv1_core_0769,core,buying,hard,standard,shirts_tuxedo_shirts,B000G1FDJQ
tcsv1_core_0770,core,boundary,easy,hard_soft_conflict,necklaces_chokers,B071VYF82Q
tcsv1_core_0771,core,intent_override,medium,brand_change,bracelets_link,B004OF9XUK
tcsv1_core_0772,core,browsing,hard,standard,bracelets_identification,B00FNAVZ10
tcsv1_core_0773,core,browsing,hard,standard,shoes_jewelry_pattyboutik_apparel,B006VR99J4
tcsv1_core_0774,core,buying,medium,standard,pendants_coins_pendants_only,B081TLG8YX
tcsv1_core_0775,core,buying,easy,standard,shoes_oxfords_loafers,B08JLFY4PD
tcsv1_core_0776,core,intent_override,medium,category_or_use_case_change,costumes_cosplay_apparel_tops_corsets,B081RSQJCD
tcsv1_core_0777,core,browsing,hard,standard,thermal_underwear_sets,B09DCN9B4N
tcsv1_core_0778,core,browsing,hard,standard,handbags_wallets_wristlets,B07H8HYBZS
tcsv1_core_0779,core,buying,easy,standard,swimsuits_cover_ups_cover_ups,B09QSBTVBN
tcsv1_core_0780,core,browsing,medium,standard,sandals_heeled_sandals,B09JV1XRXW
tcsv1_core_0781,core,intent_override,medium,key_attribute_change,shoes_sandals,B01GOXJC50
tcsv1_core_0782,core,browsing,medium,standard,bracelets_bangle,B0085UF7SC
tcsv1_core_0783,core,browsing,medium,standard,women_jerseys,B07G13LJ72
tcsv1_core_0784,core,intent_override,medium,key_attribute_change,accessories_bra_extenders,B0BSFN8H37
tcsv1_core_0785,core,buying,medium,standard,shoes_jewelry_fashion_watches,B07H83WD84
tcsv1_core_0786,core,browsing,medium,standard,men_masks,B08HS5MZGC
tcsv1_core_0787,core,buying,medium,standard,pants_shorts_tights_pants,B0BF4N3F5Q
tcsv1_core_0788,core,boundary,medium,negation_scope,jewelry_brooches_pins,B002S1BVYS
tcsv1_core_0789,core,buying,medium,standard,accessories_eyewear,B01GG79O7A
tcsv1_core_0790,core,browsing,medium,standard,bracelets_charms_charm_bracelets,B0067NEARI
tcsv1_core_0791,core,browsing,medium,standard,rompers_overalls_jumpsuits,B082G42K54
tcsv1_core_0792,core,boundary,medium,exact_threshold,shoe_care_treatments_dyes_shoe_care_kits,B01N9O27MY
tcsv1_core_0793,core,browsing,easy,standard,baby_girls_christening,B0083ZFNR4
tcsv1_core_0794,core,browsing,hard,standard,tees_blouses_t_shirts,B079V1XSBS
tcsv1_core_0795,core,buying,hard,standard,accessories_sunglasses_eyewear_accessories,B015GZDAUU
tcsv1_core_0796,core,browsing,hard,standard,accessories_gloves_mittens,B00O5AP54C
tcsv1_core_0797,core,browsing,medium,standard,charms_clasp,B07DCCZLJR
tcsv1_core_0798,core,buying,medium,standard,jewelry_boxes_organizers_jewelry_rolls,B098S71SL7
tcsv1_core_0799,core,buying,medium,standard,shoes_jewelry_shopbop_marketplace,B07BHGZG1S
tcsv1_core_0800,core,buying,hard,standard,keyrings_keychains_charms,B07FMQX6LC
tcsv1_core_0801,core,browsing,medium,standard,girls_fashion,B004UMIJ52
tcsv1_core_0802,core,browsing,medium,standard,shoes_jewelry_25_off_shopbop_east_dane,B00DYPZ0O4
tcsv1_core_0803,core,browsing,medium,standard,accessories_bandanas,B089DZYSXG
tcsv1_core_0804,core,boundary,hard,exact_threshold,accessories_leg_warmers,B0776VFB8W
tcsv1_core_0805,core,browsing,easy,standard,underwear_panties,B014VFX56U
tcsv1_core_0806,core,buying,hard,standard,baby_boys_accessories,B00JKVAGFO
tcsv1_core_0807,core,browsing,easy,standard,sandals_platforms_wedges,B00FZHS09Q
tcsv1_core_0808,core,browsing,medium,standard,athletic_dance,B074M4V121
tcsv1_core_0809,core,buying,easy,standard,hats_caps_berets,B079H62GR4
tcsv1_core_0810,core,buying,easy,standard,necklaces_chokers,B0893NQK98
tcsv1_core_0811,core,browsing,medium,standard,shapewear_bodysuits,B07WYRL5HV
tcsv1_core_0812,core,browsing,medium,standard,luggage_travel_gear_waist_packs,B01NBHUILK
tcsv1_core_0813,core,buying,medium,standard,women_leggings,B0BKKZ5VS3
tcsv1_core_0814,core,buying,medium,standard,shoes_jewelry_20_off_women_s_shoes,B00VLNQG12
tcsv1_core_0815,core,buying,easy,standard,sleep_lounge_one_piece_pajamas,B07S32FKPP
tcsv1_core_0816,core,buying,medium,standard,jewelry_rings,B09HTW74LV
tcsv1_core_0817,core,buying,medium,standard,women_accessories,B09TQ7L1NP
tcsv1_core_0818,core,browsing,easy,standard,luggage_garment_bags,B0B5R617BF
tcsv1_core_0819,core,buying,hard,standard,fashion_western,B01N5OV8UD
tcsv1_core_0820,core,browsing,medium,standard,bras_minimizers,B00HVVMPQI
tcsv1_core_0821,core,browsing,medium,standard,watch_accessories_repair_tools_kits,B071CZCR2L
tcsv1_core_0822,core,buying,easy,standard,sport_specific_clothing_skiing,B089DJYWPN
tcsv1_core_0823,core,intent_override,easy,category_or_use_case_change,athletic_bowling,B00IF836LE
tcsv1_core_0824,core,buying,medium,standard,accessories_socks,B00PS8DMW2
tcsv1_core_0825,core,intent_override,medium,budget_change,tees_shirts_polos,B07DMTC9RD
tcsv1_core_0826,core,browsing,easy,standard,work_utility_safety_outerwear,B0BLM45MXT
tcsv1_core_0827,core,buying,easy,standard,piercing_jewelry_tunnels,B074ZMLM11
tcsv1_core_0828,core,buying,medium,standard,swim_one_pieces,B0BR82C9HX
tcsv1_core_0829,core,buying,hard,standard,bracelets_stretch,B00N1SJFM2
tcsv1_core_0830,core,browsing,easy,standard,watches_wrist_watches,B0BCC8LD7T
tcsv1_core_0831,core,browsing,medium,standard,bibs_pants_bibs,B08H1DBDNZ
tcsv1_core_0832,core,browsing,medium,standard,piercing_jewelry_tapers,B0B25LDZ13
tcsv1_core_0833,core,browsing,hard,standard,thermal_underwear_tops,B073SGXG86
tcsv1_core_0834,core,browsing,medium,standard,medical_scrub_tops,B00IWCS4NI
tcsv1_core_0835,core,buying,hard,standard,backpacks_kids_backpacks,B08D72DNW9
tcsv1_core_0836,core,browsing,medium,standard,novelty_boys,B07F9X1ZLC
tcsv1_core_0837,core,buying,medium,standard,jewelry_earrings,B081TJWH6Q
tcsv1_core_0838,core,buying,medium,standard,active_shirts_tees_button_down_shirts,B09LC19NSB
tcsv1_core_0839,core,browsing,medium,standard,fashion_chukka,B00U7SH7I8
tcsv1_core_0840,core,browsing,medium,standard,backpacks_casual_daypacks,B00BJ6S4PW
tcsv1_core_0841,core,boundary,easy,exact_threshold,base_layers_compression_shirts,B07LBYDYQY
tcsv1_core_0842,core,browsing,easy,standard,accessories_bandanas,B0041P7CMY
tcsv1_core_0843,core,intent_override,medium,budget_change,men_shorts,B0BPGKNNS4
tcsv1_core_0844,core,buying,easy,standard,umbrellas_folding_umbrellas,B092J6ZZSW
tcsv1_core_0845,core,browsing,hard,standard,cold_weather_hats_caps,B081CQ82BV
tcsv1_core_0846,core,buying,medium,standard,pants_shorts_tights_pants,B004QM8B9U
tcsv1_core_0847,core,intent_override,hard,category_or_use_case_change,shapewear_waist_cinchers,B01F6C8JH2
tcsv1_core_0848,core,browsing,hard,standard,card_id_cases_id_cases,B000MNB4AU
tcsv1_core_0849,core,intent_override,easy,brand_change,g_strings_thongs_tangas,B01LSYTA4S
tcsv1_core_0850,core,browsing,medium,standard,skirts_wear_to_work,B01FV3MNG4
tcsv1_core_0851,core,buying,medium,standard,shoes_jewelry_top_daring_lingerie,B07WZQ25X2
tcsv1_core_0852,core,buying,medium,standard,socks_hosiery_leg_warmers,B01NB0AREV
tcsv1_core_0853,core,browsing,easy,standard,panties_briefs,B07JZHRM5D
tcsv1_core_0854,core,intent_override,medium,budget_change,skirts_skorts_active_skorts,B09MPJLMPN
tcsv1_core_0855,core,browsing,hard,standard,props_weapons_armor,B00SSXLZWS
tcsv1_core_0856,core,buying,medium,standard,fashion_western,B0868Y14S3
tcsv1_core_0857,core,browsing,medium,standard,tops_tees_tanks_camis,B01C39IH14
tcsv1_core_0858,core,buying,easy,standard,shoes_athletic,B00B1F7O4I
tcsv1_core_0859,core,buying,hard,standard,men_gloves,B0BFCWVN4G
tcsv1_core_0860,core,browsing,medium,standard,outdoor_work_work_safety,B093X5SNCG
tcsv1_core_0861,core,browsing,easy,standard,baby_girls_bodysuits,B012UW8AJ8
tcsv1_core_0862,core,intent_override,hard,key_attribute_change,slips_full_slips,B084RT5VTV
tcsv1_core_0863,core,buying,medium,standard,skirts_skorts_skirts,B09JMYHGVS
tcsv1_core_0864,core,buying,medium,standard,body_jewelry_piercing_jewelry,B005OKU7ZE
tcsv1_core_0865,core,boundary,medium,negation_scope,underwear_boxer_briefs,B09JBB18YW
tcsv1_core_0866,core,boundary,medium,unit_or_size_ambiguity,shoes_pumps,B006OUAKPA
tcsv1_core_0867,core,buying,medium,standard,shapewear_bodysuits,B011LMBMA2
tcsv1_core_0868,core,buying,hard,standard,dresses_cocktail,B084H6TNHR
tcsv1_core_0869,core,buying,hard,standard,dresses_cocktail,B083BNZFSX
tcsv1_core_0870,core,browsing,easy,standard,shoes_jewelry_veterans_day_savings_20_or_more_off,B01FXDQTGC
tcsv1_core_0871,core,intent_override,easy,brand_change,active_shirts_tees_t_shirts,B06Y4R6Z5X
tcsv1_core_0872,core,browsing,medium,standard,hats_caps_bomber_hats,B086DT2MSX
tcsv1_core_0873,core,browsing,hard,standard,swim_trunks,B07SM5N7R3
tcsv1_core_0874,core,buying,medium,standard,accessories_headwear,B07JC9PJ63
tcsv1_core_0875,core,browsing,medium,standard,piercing_jewelry_barbells,B0176R9E2Y
tcsv1_core_0876,core,browsing,easy,standard,scarves_fashion_scarves,B0736RB5BS
tcsv1_core_0877,core,browsing,medium,standard,men_jerseys,B0837PG46Y
tcsv1_core_0878,core,intent_override,medium,brand_change,accessories_suspenders,B009AIC1QO
tcsv1_core_0879,core,intent_override,easy,budget_change,shirts_t_shirts,B08MV74J7S
tcsv1_core_0880,core,buying,medium,standard,sunglasses_eyewear_accessories_sunglasses,B09BXK6K4W
tcsv1_core_0881,core,buying,medium,standard,work_safety_medical,B07GYLDZX2
tcsv1_core_0882,core,browsing,medium,standard,panties_boy_shorts,B08ZV27J84
tcsv1_core_0883,core,buying,medium,standard,boys_jackets_coats,B01N6QBXUH
tcsv1_core_0884,core,buying,hard,standard,men_socks,B07ZCZ22LL
tcsv1_core_0885,core,browsing,easy,standard,body_jewelry_toe_rings,B07F167RYG
tcsv1_core_0886,core,buying,medium,standard,swimwear_test_men_s_swimwear,B01N9SXJHU
tcsv1_core_0887,core,browsing,medium,standard,athletic_walking,B003X4KIJI
tcsv1_core_0888,core,browsing,easy,standard,tops_tees_tees,B0199XTAWW
tcsv1_core_0889,core,buying,easy,standard,tees_blouses_tunics,B0B5V3XH6Q
tcsv1_core_0890,core,browsing,hard,standard,women_accessories,B0B24QJW5V
tcsv1_core_0891,core,intent_override,easy,category_or_use_case_change,sleepwear_robes_pajama_bottoms,B07FN751H8
tcsv1_core_0892,core,intent_override,hard,budget_change,active_vests,B0C2C83VLL
tcsv1_core_0893,core,intent_override,medium,category_or_use_case_change,accessories_eyewear,B07VM54TRS
tcsv1_core_0894,core,buying,easy,standard,jackets_vests_down_jackets_parkas,B092S9XZJK
tcsv1_core_0895,core,buying,hard,standard,suits_sport_coats_suits,B00D4YFXP6
tcsv1_core_0896,core,browsing,hard,standard,shoes_jewelry_tees_tops_for_college_under_25,B0851W2W5F
tcsv1_core_0897,core,buying,hard,standard,rings_statement,B00PCI4ZRE
tcsv1_core_0898,core,intent_override,easy,budget_change,travel_accessories_travel_wallets,B07C11YMCQ
tcsv1_core_0899,core,buying,hard,standard,skirts_skorts_active_skorts,B00RV4CSZI
tcsv1_core_0900,core,browsing,hard,standard,team_sports_softball_baseball,B07DPH9XCP
tcsv1_core_0901,core,buying,medium,standard,umbrellas_folding_umbrellas,B085VW2D96
tcsv1_core_0902,core,intent_override,hard,key_attribute_change,men_shoes,B07L4HRMWN
tcsv1_core_0903,core,browsing,easy,standard,handbags_wallets_shoulder_bags,B00UCCR87O
tcsv1_core_0904,core,intent_override,hard,brand_change,piercing_jewelry_tunnels,B09V2MN41J
tcsv1_core_0905,core,buying,easy,standard,clutches_evening_bags_clutches,B081VRB6YZ
tcsv1_core_0906,core,boundary,medium,hard_soft_conflict,sandals_slides,B08SJH5657
tcsv1_core_0907,core,buying,easy,standard,basketball_women,B001OI39N2
tcsv1_core_0908,core,buying,easy,standard,two_pieces_bikinis,B01GJIS5BM
tcsv1_core_0909,core,buying,medium,standard,accessories_suspenders,B07X2H83PQ
tcsv1_core_0910,core,browsing,hard,standard,lingerie_panties,B0BSCCZF9B
tcsv1_core_0911,core,boundary,medium,unit_or_size_ambiguity,active_track_active_jackets,B008FYAO86
tcsv1_core_0912,core,browsing,medium,standard,footies_rompers_rompers,B07PHY7C6K
tcsv1_core_0913,core,buying,medium,standard,baby_boys_bodysuits,B07L8JLN1X
tcsv1_core_0914,core,buying,hard,standard,boots_chukka,B083Z5CLHY
tcsv1_core_0915,core,browsing,medium,standard,team_sports_baseball_softball,B005D70T92
tcsv1_core_0916,core,buying,hard,standard,cold_weather_mittens,B00UXK5W5K
tcsv1_core_0917,core,buying,medium,standard,charm_bracelets_snake,B09YGSTB9H
tcsv1_core_0918,core,browsing,medium,standard,women_masks,B07DBH63D1
tcsv1_core_0919,core,buying,medium,standard,accessories_fashion_scarves,B07JJPJWNX
tcsv1_core_0920,core,buying,easy,standard,watch_accessories_cabinets_cases,B07ZCD3RBP
tcsv1_core_0921,core,browsing,easy,standard,hats_caps_baseball_caps,B07616LL8T
tcsv1_core_0922,core,browsing,easy,standard,luggage_travel_gear_messenger_bags,B08BGM9VZ2
tcsv1_core_0923,core,browsing,easy,standard,active_pants_sweatpants,B09BQ2GH53
tcsv1_core_0924,core,buying,easy,standard,sleep_lounge_sleep_bottoms,B08138WSBS
tcsv1_core_0925,core,buying,medium,standard,bracelets_cuff,B01B6YS2XU
tcsv1_core_0926,core,buying,medium,standard,jewelry_rings,B09137FC7R
tcsv1_core_0927,core,intent_override,hard,budget_change,scarves_wraps_neck_gaiters,B0BL2KM42G
tcsv1_core_0928,core,browsing,medium,standard,props_weapons_armor,B07DKQ9PH5
tcsv1_core_0929,core,browsing,medium,standard,active_active_dresses,B08TH784SD
tcsv1_core_0930,core,buying,medium,standard,girls_shorts,B093FFFJX1
tcsv1_core_0931,core,browsing,medium,standard,boots_chukka,B09GJ2HY2Q
tcsv1_core_0932,core,buying,medium,standard,running_road_running,B0029LI8O8
tcsv1_core_0933,core,buying,medium,standard,shoes_jewelry_men_s_watches_under_50,B07612FK3Z
tcsv1_core_0934,core,browsing,medium,standard,wedding_engagement_promise_rings,B016DJXI64
tcsv1_core_0935,core,browsing,hard,standard,gloves_mittens_gloves,B08DCPFWTF
tcsv1_core_0936,core,boundary,hard,hard_soft_conflict,handbags_wallets_satchels,B07VXHDT3H
tcsv1_core_0937,core,buying,hard,standard,swim_one_pieces,B084H54CN7
tcsv1_core_0938,core,buying,easy,standard,tees_shirts_tees,B087C9SFJN
tcsv1_core_0939,core,browsing,medium,standard,charm_bracelets_link,B09XWY45JC
tcsv1_core_0940,core,browsing,medium,standard,tees_blouses_polos,B00GKNA4O8
tcsv1_core_0941,core,boundary,easy,negation_scope,scarves_wraps_wraps_pashminas,B08LPNWNH1
tcsv1_core_0942,core,intent_override,easy,key_attribute_change,athletic_golf,B07GH89GSN
tcsv1_core_0943,core,buying,easy,standard,watch_accessories_watch_winders,B007Z5TAMM
tcsv1_core_0944,core,buying,medium,standard,active_shirts_tees_tank_tops,B09GM2665X
tcsv1_core_0945,core,browsing,medium,standard,medical_scrub_tops,B00KCOQYJU
tcsv1_core_0946,core,buying,medium,standard,shorts_denim,B01BNZT0FQ
tcsv1_core_0947,core,browsing,medium,standard,sweaters_vests,B096VN77YP
tcsv1_core_0948,core,browsing,medium,standard,sandals_heeled_sandals,B0C62WQR6P
tcsv1_core_0949,core,browsing,medium,standard,luggage_travel_gear_gym_bags,B003REHC66
tcsv1_core_0950,core,buying,medium,standard,earrings_cuffs_wraps,B07X5KYRX8
tcsv1_core_0951,core,browsing,easy,standard,hats_caps_balaclavas,B093FD27Y9
tcsv1_core_0952,core,buying,hard,standard,boots_work_safety,B0782ZMNVN
tcsv1_core_0953,core,intent_override,hard,category_or_use_case_change,bracelets_wrap,B084TBKKN6
tcsv1_core_0954,core,buying,hard,standard,boys_hoodies,B076QFMRL9
tcsv1_core_0955,core,buying,medium,standard,men_jackets_coats,B0BQ2V3CWG
tcsv1_core_0956,core,browsing,medium,standard,shoes_jewelry_black_friday_women,B00RYXBM30
tcsv1_core_0957,core,buying,hard,standard,watches_wrist_watches,B00CDNA98A
tcsv1_core_0958,core,browsing,easy,standard,skirts_skorts_active_skorts,B0B2WF8TDW
tcsv1_core_0959,core,intent_override,easy,brand_change,work_safety_medical,B0049A79DS
tcsv1_core_0960,core,intent_override,hard,key_attribute_change,baby_girls_layette_sets,B097NRTLRL
tcsv1_core_0961,core,browsing,easy,standard,handbags_wallets_top_handle_bags,B07TW9Q3PF
tcsv1_core_0962,core,boundary,hard,exact_threshold,men_active,B0094JU9IG
tcsv1_core_0963,core,browsing,medium,standard,men_swim,B07S1ZGMDK
tcsv1_core_0964,core,browsing,medium,standard,shoes_sneakers,B07XDG2SGZ
tcsv1_core_0965,core,browsing,medium,standard,kids_shoes_union_girls_athletic_oxfords,B019QXPD2G
tcsv1_core_0966,core,browsing,medium,standard,watch_accessories_repair_tools_kits,B07K5BGVZD
tcsv1_core_0967,core,browsing,easy,standard,men_jackets,B07YKCLC2D
tcsv1_core_0968,core,buying,medium,standard,charms_charm_bracelets_charm_bracelets,B07J2WD49X
tcsv1_core_0969,core,browsing,medium,standard,shoes_jewelry_women_s_apparel,B07Y2ZP5C5
tcsv1_core_0970,core,buying,medium,standard,diaper_covers_underwear_bloomers,B01MYXK01V
tcsv1_core_0971,core,browsing,hard,standard,team_sports_volleyball,B00BJGVLL6
tcsv1_core_0972,core,buying,hard,standard,sets_active_sweatsuits,B093L2XZTH
tcsv1_core_0973,core,buying,easy,standard,shorts_flat_front,B09MS4Y21Z
tcsv1_core_0974,core,browsing,easy,standard,jackets_vests_quilted_lightweight_jackets,B07VL5ZBR6
tcsv1_core_0975,core,buying,hard,standard,shirts_casual_button_down_shirts,B01DCHDYI2
tcsv1_core_0976,core,buying,medium,standard,women_fashion_hoodies_sweatshirts,B07BRNY5XZ
tcsv1_core_0977,core,browsing,medium,standard,women_dresses,B079QSYNK4
tcsv1_core_0978,core,browsing,easy,standard,accessories_breast_petals,B09WQYD6XP
tcsv1_core_0979,core,intent_override,medium,brand_change,tees_blouses_tanks_camis,B08YPSSK3X
tcsv1_core_0980,core,browsing,easy,standard,school_uniforms_dresses_jumpers,B086QK35BZ
tcsv1_core_0981,core,boundary,hard,unit_or_size_ambiguity,bracelets_stretch,B00Z4QIXN6
tcsv1_core_0982,core,intent_override,easy,brand_change,costumes_cosplay_apparel_tops,B0BD4LX4JX
tcsv1_core_0983,core,browsing,medium,standard,bracelets_cuff,B00O9MZ5QY
tcsv1_core_0984,core,intent_override,medium,key_attribute_change,underwear_panties,B08P534MM5
tcsv1_core_0985,core,browsing,medium,standard,bikinis_sets,B09795WLQB
tcsv1_core_0986,core,buying,easy,standard,shoes_jewelry_men_s_9_to_5_essentials_blazers_jackets,B00QTST0DU
tcsv1_core_0987,core,buying,easy,standard,shorts_denim,B08PFPKQJL
tcsv1_core_0988,core,buying,medium,standard,men_jackets_coats,B013RI954S
tcsv1_core_0989,core,buying,hard,standard,jewelry_accessories_cleaning_care,B000RB5SAE
tcsv1_core_0990,core,buying,medium,standard,yoga_women,B07HMTLN3T
tcsv1_core_0991,core,buying,medium,standard,shoes_flats,B00UCVPJQC
tcsv1_core_0992,core,buying,medium,standard,fashion_chelsea,B00MOBUBXE
tcsv1_core_0993,core,buying,medium,standard,travel_accessories_luggage_straps,B09JZ6R3D2
tcsv1_core_0994,core,buying,easy,standard,sport_specific_clothing_golf,B003DSI0S0
tcsv1_core_0995,core,intent_override,medium,category_or_use_case_change,swimwear_test_girls_swimwear,B07DZR9Q5Q
tcsv1_core_0996,core,browsing,hard,standard,card_id_cases_business_card_cases,B077QD698Q
tcsv1_core_0997,core,intent_override,medium,budget_change,active_vests,B00STTLLXY
tcsv1_core_0998,core,buying,hard,standard,jewelry_watch_accessories_jewelry_accessories,B074L5LMMZ
tcsv1_core_0999,core,buying,medium,standard,scarves_wraps_wraps_pashminas,B095YHQM2C
tcsv1_core_1000,core,browsing,hard,standard,shoes_jewelry_amazon_fashion_3,B086RLDVQT
tcsv1_challenge_0001,challenge,boundary,hard,unit_or_size_ambiguity,women_skirts,B09SCKW9DD
tcsv1_challenge_0002,challenge,boundary,hard,hard_soft_conflict,card_cases_money_organizers_wallets,B01DI5RW9A
tcsv1_challenge_0003,challenge,intent_override,hard,key_attribute_change,scarves_cold_weather_scarves,B07XP53G2P
tcsv1_challenge_0004,challenge,boundary,hard,hard_soft_conflict,backpacks_kids_backpacks,B06WVDCHVL
tcsv1_challenge_0005,challenge,intent_override,hard,category_or_use_case_change,accessories_pads_enhancers,B083J42HRS
tcsv1_challenge_0006,challenge,boundary,hard,exact_threshold,socks_tights_tights,B07RCJJ737
tcsv1_challenge_0007,challenge,boundary,hard,negation_scope,shoes_oxfords,B078TDFWXR
tcsv1_challenge_0008,challenge,intent_override,hard,key_attribute_change,backpacks_casual_daypacks,B0BZTYZM2P
tcsv1_challenge_0009,challenge,intent_override,hard,category_or_use_case_change,tops_tees_tanks_camis,B07NYL2DQ6
tcsv1_challenge_0010,challenge,intent_override,hard,brand_change,sleep_lounge_sleep_tops,B09SDS1VGW
tcsv1_challenge_0011,challenge,intent_override,hard,budget_change,scarves_wraps_wraps_pashminas,B006KXJVRO
tcsv1_challenge_0012,challenge,intent_override,hard,category_or_use_case_change,earrings_ball,B017C06E0K
tcsv1_challenge_0013,challenge,boundary,hard,exact_threshold,jiu_jitsu_sets,B09JHNV73J
tcsv1_challenge_0014,challenge,intent_override,hard,brand_change,bridal_accessories_bridal_veils,B014P7Z8C8
tcsv1_challenge_0015,challenge,boundary,hard,exact_threshold,shoe_care_accessories_shoe_decoration_charms,B0C96QTQWL
tcsv1_challenge_0016,challenge,intent_override,hard,key_attribute_change,boys_socks,B07XFB911D
tcsv1_challenge_0017,challenge,intent_override,hard,category_or_use_case_change,boots_western,B076X2D8DW
tcsv1_challenge_0018,challenge,intent_override,hard,brand_change,baby_baby_boys,B004UPU4HK
tcsv1_challenge_0019,challenge,boundary,hard,unit_or_size_ambiguity,intimates_panties,B08CDFYYQZ
tcsv1_challenge_0020,challenge,boundary,hard,unit_or_size_ambiguity,necklaces_collars,B07CH7KKZG
tcsv1_challenge_0021,challenge,intent_override,hard,brand_change,tankinis_tankini_sets,B078KSBXH2
tcsv1_challenge_0022,challenge,intent_override,hard,brand_change,competitive_swimwear_women,B084GCVHYR
tcsv1_challenge_0023,challenge,boundary,hard,exact_threshold,jackets_vests_casual_jackets,B0923F9HD1
tcsv1_challenge_0024,challenge,intent_override,hard,budget_change,sandals_flip_flops,B07BSSP96K
tcsv1_challenge_0025,challenge,intent_override,hard,category_or_use_case_change,jewelry_anklets,B085Q1NG3J
tcsv1_challenge_0026,challenge,intent_override,hard,key_attribute_change,sandals_slides,B08P3Q61Y8
tcsv1_challenge_0027,challenge,intent_override,hard,category_or_use_case_change,sleep_lounge_sets,B07RT5G3G2
tcsv1_challenge_0028,challenge,boundary,hard,unit_or_size_ambiguity,baby_boys_sweaters,B01GE5IJG6
tcsv1_challenge_0029,challenge,intent_override,hard,key_attribute_change,sets_workout_top_bottom_sets,B0B3WNN9NT
tcsv1_challenge_0030,challenge,intent_override,hard,category_or_use_case_change,food_service_aprons,B01FSUD1JI
tcsv1_challenge_0031,challenge,intent_override,hard,budget_change,shoes_jewelry_men_s_wallets_under_15,B075JGPQWP
tcsv1_challenge_0032,challenge,intent_override,hard,category_or_use_case_change,women_masks,B08XXKZWTZ
tcsv1_challenge_0033,challenge,intent_override,hard,brand_change,underwear_g_strings_thongs,B075L3833L
tcsv1_challenge_0034,challenge,intent_override,hard,budget_change,underwear_boxer_briefs,B08HLV67LC
tcsv1_challenge_0035,challenge,boundary,hard,unit_or_size_ambiguity,hats_caps_fedoras,B07C944WS1
tcsv1_challenge_0036,challenge,boundary,hard,hard_soft_conflict,work_safety_civil_service,B091D34MJ1
tcsv1_challenge_0037,challenge,intent_override,hard,brand_change,dresses_special_occasion,B07HVLRQRL
tcsv1_challenge_0038,challenge,boundary,hard,hard_soft_conflict,wedding_engagement_anniversary_rings,B07CBNTMX7
tcsv1_challenge_0039,challenge,boundary,hard,hard_soft_conflict,body_jewelry_faux_body_piercing_jewelry,B00N7UHUPS
tcsv1_challenge_0040,challenge,intent_override,hard,category_or_use_case_change,medical_scrub_jackets,B09FCPFNCN
tcsv1_challenge_0041,challenge,boundary,hard,hard_soft_conflict,accessories_belt_buckles,B073ZNMTDT
tcsv1_challenge_0042,challenge,boundary,hard,hard_soft_conflict,luggage_travel_gear_waist_packs,B09ZH9H371
tcsv1_challenge_0043,challenge,intent_override,hard,budget_change,intimates_belly_bands,B085NKLBM1
tcsv1_challenge_0044,challenge,intent_override,hard,budget_change,women_shoes,B09NLX3QHT
tcsv1_challenge_0045,challenge,boundary,hard,negation_scope,clothing_sets_skirt_sets,B07YG7Y47R
tcsv1_challenge_0046,challenge,intent_override,hard,budget_change,card_cases_money_organizers_coin_purses_pouches,B078YD2MKR
tcsv1_challenge_0047,challenge,intent_override,hard,brand_change,outdoor_work_hiking_trekking,B075M8JP24
tcsv1_challenge_0048,challenge,intent_override,hard,category_or_use_case_change,athletic_running,B072JVXG3Q
tcsv1_challenge_0049,challenge,boundary,hard,negation_scope,jewelry_necklaces,B09299T6RD
tcsv1_challenge_0050,challenge,intent_override,hard,budget_change,athletic_fitness_cross_training,B0C62M6QKY
tcsv1_challenge_0051,challenge,boundary,hard,unit_or_size_ambiguity,novelty_women,B00QSAQBKO
tcsv1_challenge_0052,challenge,boundary,hard,negation_scope,women_skirts,B09QCNSQ2G
tcsv1_challenge_0053,challenge,boundary,hard,hard_soft_conflict,uniforms_work_safety,B08ZJW4X9H
tcsv1_challenge_0054,challenge,boundary,hard,hard_soft_conflict,body_jewelry_toe_rings,B07PXXHGJM
tcsv1_challenge_0055,challenge,boundary,hard,unit_or_size_ambiguity,cold_weather_scarves_wraps,B07X3FDK46
tcsv1_challenge_0056,challenge,intent_override,hard,budget_change,jewelry_cuff_links,B07333VYWC
tcsv1_challenge_0057,challenge,intent_override,hard,category_or_use_case_change,judo_sets,B00GII12BY
tcsv1_challenge_0058,challenge,intent_override,hard,budget_change,shoes_jewelry_girls,B07ZK3QN4X
tcsv1_challenge_0059,challenge,boundary,hard,exact_threshold,base_layers_compression_compression_pants_tights,B0BGSLS9GC
tcsv1_challenge_0060,challenge,boundary,hard,hard_soft_conflict,women_costumes,B07TDRW1PG
tcsv1_challenge_0061,challenge,boundary,hard,unit_or_size_ambiguity,luggage_tags_handle_wraps_luggage_tags,B0BDM64CXL
tcsv1_challenge_0062,challenge,boundary,hard,hard_soft_conflict,hats_caps_headbands,B071DV8PDK
tcsv1_challenge_0063,challenge,boundary,hard,exact_threshold,necklaces_pendant_necklaces,B00PWLKD7M
tcsv1_challenge_0064,challenge,intent_override,hard,category_or_use_case_change,skirts_skorts_skirts,B08LGGWM53
tcsv1_challenge_0065,challenge,boundary,hard,negation_scope,active_active_hoodies,B07KD6MTCK
tcsv1_challenge_0066,challenge,boundary,hard,exact_threshold,sandals_flip_flops,B004GJP6XM
tcsv1_challenge_0067,challenge,boundary,hard,exact_threshold,sport_specific_clothing_baseball,B01N0OGHOY
tcsv1_challenge_0068,challenge,boundary,hard,negation_scope,tees_blouses_vests,B0BWRL5DDC
tcsv1_challenge_0069,challenge,boundary,hard,negation_scope,girls_fashion_hoodies_sweatshirts,B097TS4DW7
tcsv1_challenge_0070,challenge,boundary,hard,negation_scope,girls_costumes,B0BPRMZF79
tcsv1_challenge_0071,challenge,intent_override,hard,brand_change,piercing_jewelry_barbells,B07DBV7HNC
tcsv1_challenge_0072,challenge,intent_override,hard,budget_change,pendants_coins_pendants_only,B000FAJK6K
tcsv1_challenge_0073,challenge,intent_override,hard,category_or_use_case_change,earrings_drop_dangle,B00NC7JSX8
tcsv1_challenge_0074,challenge,boundary,hard,unit_or_size_ambiguity,earrings_ball,B007RDO4ZA
tcsv1_challenge_0075,challenge,boundary,hard,negation_scope,men_jammers,B00YT3IIHQ
tcsv1_challenge_0076,challenge,boundary,hard,unit_or_size_ambiguity,active_shirts_tees_polos,B08YFLSZHD
tcsv1_challenge_0077,challenge,intent_override,hard,key_attribute_change,shoes_jewelry_women,B00P3ARFGE
tcsv1_challenge_0078,challenge,intent_override,hard,brand_change,baby_boys_shoes,B00EE6FEJI
tcsv1_challenge_0079,challenge,boundary,hard,unit_or_size_ambiguity,shoes_jewelry_amazon_fashion_sales_deals,B084YCY99H
tcsv1_challenge_0080,challenge,intent_override,hard,brand_change,men_footwear,B0BG8NVMNN
tcsv1_challenge_0081,challenge,intent_override,hard,brand_change,props_weapons_armor,B01B17ZX34
tcsv1_challenge_0082,challenge,intent_override,hard,key_attribute_change,jewelry_earrings,B009OKDRPW
tcsv1_challenge_0083,challenge,intent_override,hard,category_or_use_case_change,panties_bikinis,B07NF79Q93
tcsv1_challenge_0084,challenge,intent_override,hard,budget_change,luggage_travel_gear_messenger_bags,B078YQFQTD
tcsv1_challenge_0085,challenge,boundary,hard,exact_threshold,military_pants,B074XNKQZR
tcsv1_challenge_0086,challenge,boundary,hard,unit_or_size_ambiguity,shoes_loafers_slip_ons,B00T4SM1KQ
tcsv1_challenge_0087,challenge,intent_override,hard,key_attribute_change,skirts_wear_to_work,B08LDFRZHK
tcsv1_challenge_0088,challenge,intent_override,hard,key_attribute_change,tops_tees_blouses,B09JNHYT61
tcsv1_challenge_0089,challenge,intent_override,hard,budget_change,tees_shirts_tees,B00DNSPHC2
tcsv1_challenge_0090,challenge,boundary,hard,negation_scope,costumes_cosplay_apparel_bodysuits,B09YNQ4TQM
tcsv1_challenge_0091,challenge,boundary,hard,negation_scope,accessories_sunglasses_eyewear,B07PC2FP9T
tcsv1_challenge_0092,challenge,intent_override,hard,budget_change,athletic_ballet_dance,B0041IXNOW
tcsv1_challenge_0093,challenge,boundary,hard,unit_or_size_ambiguity,dresses_playwear,B01M24LY1D
tcsv1_challenge_0094,challenge,boundary,hard,exact_threshold,boys_costumes,B01B8XILQW
tcsv1_challenge_0095,challenge,intent_override,hard,brand_change,shoes_jewelry_women_s_sandal_markdowns,B07BMXSNVX
tcsv1_challenge_0096,challenge,intent_override,hard,brand_change,necklaces_collars,B0B2KS94Q7
tcsv1_challenge_0097,challenge,intent_override,hard,category_or_use_case_change,shoes_jewelry_up_to_70_off_kids_baby,B08CBHTRVT
tcsv1_challenge_0098,challenge,intent_override,hard,budget_change,bracelets_bangle,B00PWF11B0
tcsv1_challenge_0099,challenge,intent_override,hard,brand_change,active_pants_track_pants,B07JG3MWNC
tcsv1_challenge_0100,challenge,intent_override,hard,key_attribute_change,clutches_evening_bags_clutches,B09TKYSX2F
tcsv1_challenge_0101,challenge,boundary,hard,exact_threshold,uniforms_work_safety,B082YH5L74
tcsv1_challenge_0102,challenge,intent_override,hard,brand_change,handbags_wallets_totes,B07WBZQZJC
tcsv1_challenge_0103,challenge,intent_override,hard,brand_change,shoes_jewelry_men_s_fleece_layers,B01N7GAIZT
tcsv1_challenge_0104,challenge,boundary,hard,negation_scope,card_cases_money_organizers_checkbook_covers,B00VW05A20
tcsv1_challenge_0105,challenge,boundary,hard,unit_or_size_ambiguity,accessories_applique_patches,B0032V6W56
tcsv1_challenge_0106,challenge,intent_override,hard,budget_change,underwear_boxer_briefs,B09RY33Z6Y
tcsv1_challenge_0107,challenge,boundary,hard,exact_threshold,accessories_neckties,B0BR3DF6L7
tcsv1_challenge_0108,challenge,intent_override,hard,key_attribute_change,sport_specific_clothing_cycling,B004CHJIRI
tcsv1_challenge_0109,challenge,boundary,hard,hard_soft_conflict,pants_shorts_shorts,B00I3JKNUW
tcsv1_challenge_0110,challenge,intent_override,hard,budget_change,sweaters_pullovers,B013QM7R2W
tcsv1_challenge_0111,challenge,boundary,hard,hard_soft_conflict,jewelry_boxes_organizers_jewelry_towers,B0B1F5XC2P
tcsv1_challenge_0112,challenge,intent_override,hard,key_attribute_change,women_hosiery,B0BG4KTYY6
tcsv1_challenge_0113,challenge,boundary,hard,unit_or_size_ambiguity,dance_girls,B01LW7QFAR
tcsv1_challenge_0114,challenge,boundary,hard,exact_threshold,men_wigs,B08GPB3ZVY
tcsv1_challenge_0115,challenge,boundary,hard,exact_threshold,competitive_swimwear_women,B003M5174I
tcsv1_challenge_0116,challenge,intent_override,hard,category_or_use_case_change,gloves_mittens_arm_warmers,B00RF4XRDQ
tcsv1_challenge_0117,challenge,intent_override,hard,key_attribute_change,sets_tracksuits,B09CLM3RX3
tcsv1_challenge_0118,challenge,boundary,hard,negation_scope,boots_western,B09TWSFQPV
tcsv1_challenge_0119,challenge,boundary,hard,negation_scope,swim_two_pieces,B0743LXHM9
tcsv1_challenge_0120,challenge,boundary,hard,hard_soft_conflict,necklaces_chokers,B002UBPYY4
tcsv1_challenge_0121,challenge,intent_override,hard,key_attribute_change,sets_active_sweatsuits,B09BTVQ8D3
tcsv1_challenge_0122,challenge,boundary,hard,unit_or_size_ambiguity,accessories_sport_headbands,B07NQR8YN4
tcsv1_challenge_0123,challenge,boundary,hard,hard_soft_conflict,shoes_jewelry_30_off_bf_cm,B000YQTWGS
tcsv1_challenge_0124,challenge,boundary,hard,hard_soft_conflict,handbag_accessories_handbag_organizers,B093HLD2WS
tcsv1_challenge_0125,challenge,boundary,hard,negation_scope,sleep_lounge_sleep_sets,B06ZYZKGWJ
tcsv1_challenge_0126,challenge,intent_override,hard,category_or_use_case_change,backpacks_kids_backpacks,B0C2CN61FC
tcsv1_challenge_0127,challenge,boundary,hard,negation_scope,shoes_jewelry_everyday_apparel_essentials,B09NKNKMJ4
tcsv1_challenge_0128,challenge,boundary,hard,exact_threshold,wedding_engagement_eternity_rings,B01MQDJ7UG
tcsv1_challenge_0129,challenge,intent_override,hard,brand_change,fashion_western,B07TBGX4CG
tcsv1_challenge_0130,challenge,intent_override,hard,key_attribute_change,athletic_equestrian_sport_boots,B09PZJYPKN
tcsv1_challenge_0131,challenge,intent_override,hard,category_or_use_case_change,shoes_jewelry_test_color,B08SQQS2LG
tcsv1_challenge_0132,challenge,intent_override,hard,brand_change,shoes_jewelry_diamonds,B08S7HJYJ1
tcsv1_challenge_0133,challenge,boundary,hard,negation_scope,socks_liners_ankle_socks,B07P32623W
tcsv1_challenge_0134,challenge,intent_override,hard,budget_change,boys_hoodies,B01CME2SHE
tcsv1_challenge_0135,challenge,intent_override,hard,brand_change,athletic_walking,B0BVFSZZHN
tcsv1_challenge_0136,challenge,boundary,hard,exact_threshold,bras_everyday_bras,B07NQ2RFQF
tcsv1_challenge_0137,challenge,boundary,hard,hard_soft_conflict,travel_accessories_passport_covers,B07ZR3KY87
tcsv1_challenge_0138,challenge,intent_override,hard,brand_change,active_athletic_supporters,B004BUNM8W
tcsv1_challenge_0139,challenge,boundary,hard,unit_or_size_ambiguity,shoes_jewelry_4th_of_july_up_to_60_off,B000EHL4MC
tcsv1_challenge_0140,challenge,intent_override,hard,key_attribute_change,charms_clasp,B07BNP42QH
tcsv1_challenge_0141,challenge,intent_override,hard,key_attribute_change,shoes_jewelry_prom_dresses,B08X2GVMVH
tcsv1_challenge_0142,challenge,boundary,hard,hard_soft_conflict,active_shirts_tees_tank_tops,B0C7R2PRK1
tcsv1_challenge_0143,challenge,intent_override,hard,key_attribute_change,travel_accessories_passport_covers,B01H7A9DVW
tcsv1_challenge_0144,challenge,intent_override,hard,key_attribute_change,active_athletic_socks,B07ZZJTW6Y
tcsv1_challenge_0145,challenge,boundary,hard,exact_threshold,sweaters_pullover,B076FL4RD2
tcsv1_challenge_0146,challenge,boundary,hard,exact_threshold,underwear_training_bras,B0B5VTFT48
tcsv1_challenge_0147,challenge,boundary,hard,unit_or_size_ambiguity,sleep_lounge_bottoms,B0BL2Y1G8B
tcsv1_challenge_0148,challenge,intent_override,hard,brand_change,shoes_fire_safety,B01K7Y5VNE
tcsv1_challenge_0149,challenge,boundary,hard,exact_threshold,sleep_lounge_bottoms,B09Q91QTDJ
tcsv1_challenge_0150,challenge,intent_override,hard,brand_change,wedding_engagement_wedding_bands,B09X514NPJ
tcsv1_challenge_0151,challenge,intent_override,hard,brand_change,sunglasses_eyewear_accessories_eyewear_frames,B07B43KTZ4
tcsv1_challenge_0152,challenge,boundary,hard,negation_scope,sandals_flip_flops,B0BY7J7Y8B
tcsv1_challenge_0153,challenge,boundary,hard,negation_scope,dance_girls,B0B97NT51S
tcsv1_challenge_0154,challenge,boundary,hard,hard_soft_conflict,active_shirts_tees_tank_tops,B001OZMUOY
tcsv1_challenge_0155,challenge,boundary,hard,negation_scope,handbags_wallets_crossbody_bags,B0BHNB498J
tcsv1_challenge_0156,challenge,boundary,hard,hard_soft_conflict,sweaters_shrugs,B07GX78S3P
tcsv1_challenge_0157,challenge,boundary,hard,negation_scope,necklaces_chains,B0BPSRCVLZ
tcsv1_challenge_0158,challenge,intent_override,hard,category_or_use_case_change,lingerie_bustiers_corsets,B00PF05I5M
tcsv1_challenge_0159,challenge,boundary,hard,negation_scope,shoes_jewelry_20_off_100_shoes_for_women,B00DY8R1S4
tcsv1_challenge_0160,challenge,intent_override,hard,key_attribute_change,pants_shorts_tights,B079TMFWC3
tcsv1_challenge_0161,challenge,boundary,hard,unit_or_size_ambiguity,shoes_boots,B01C3HED2I
tcsv1_challenge_0162,challenge,boundary,hard,exact_threshold,cold_weather_mittens,B00JLTPILW
tcsv1_challenge_0163,challenge,boundary,hard,exact_threshold,jackets_vests_vests,B0C39QDQ74
tcsv1_challenge_0164,challenge,boundary,hard,hard_soft_conflict,boots_rain,B07VSB3M4H
tcsv1_challenge_0165,challenge,boundary,hard,unit_or_size_ambiguity,work_utility_industrial_construction_boots,B09MVM6BXB
tcsv1_challenge_0166,challenge,intent_override,hard,budget_change,women_shorts,B08QCZLTJC
tcsv1_challenge_0167,challenge,boundary,hard,exact_threshold,shoes_jewelry_women_s_off_to_campus_style,B07QY6FXW3
tcsv1_challenge_0168,challenge,boundary,hard,hard_soft_conflict,piercing_jewelry_tapers,B077MH5MPH
tcsv1_challenge_0169,challenge,intent_override,hard,category_or_use_case_change,hats_caps_fedoras,B00PJT6QVE
tcsv1_challenge_0170,challenge,boundary,hard,exact_threshold,women_tops,B093753BF3
tcsv1_challenge_0171,challenge,boundary,hard,unit_or_size_ambiguity,girls_leggings,B077BHNV1M
tcsv1_challenge_0172,challenge,boundary,hard,exact_threshold,skirts_night_out,B01LBLZR6I
tcsv1_challenge_0173,challenge,intent_override,hard,budget_change,shorts_casual,B01ACRCWE2
tcsv1_challenge_0174,challenge,intent_override,hard,category_or_use_case_change,military_tops,B075JQRCTJ
tcsv1_challenge_0175,challenge,intent_override,hard,budget_change,shoes_jewelry_sheath_dresses,B00D3HGMKY
tcsv1_challenge_0176,challenge,intent_override,hard,budget_change,sleep_lounge_one_piece_pajamas,B07N5GM9KM
tcsv1_challenge_0177,challenge,boundary,hard,unit_or_size_ambiguity,novelty_more_novelty,B01DS6GMFO
tcsv1_challenge_0178,challenge,boundary,hard,hard_soft_conflict,clothing_sets_pant_sets,B00V53P5D8
tcsv1_challenge_0179,challenge,intent_override,hard,budget_change,tees_blouses_t_shirts,B01C0WRU3A
tcsv1_challenge_0180,challenge,boundary,hard,unit_or_size_ambiguity,boys_fashion_hoodies_sweatshirts,B07TSN3M1N
tcsv1_challenge_0181,challenge,intent_override,hard,key_attribute_change,skirts_casual,B01264L3Y4
tcsv1_challenge_0182,challenge,boundary,hard,negation_scope,active_active_base_layers,B0B5WQNTRD
tcsv1_challenge_0183,challenge,boundary,hard,negation_scope,work_utility_shoes,B0BW464VSC
tcsv1_challenge_0184,challenge,boundary,hard,exact_threshold,women_teddies_bodysuits,B00BNY13EY
tcsv1_challenge_0185,challenge,intent_override,hard,category_or_use_case_change,outdoor_work_hiking_trekking,B0171961H8
tcsv1_challenge_0186,challenge,intent_override,hard,key_attribute_change,work_safety_work_utility,B08WHSMHTF
tcsv1_challenge_0187,challenge,boundary,hard,negation_scope,shoes_jewelry_women_s_halloween_costumes,B07ZBMSGP5
tcsv1_challenge_0188,challenge,intent_override,hard,brand_change,jewelry_boxes_organizers_jewelry_chests,B07DJ3DW4C
tcsv1_challenge_0189,challenge,intent_override,hard,budget_change,lingerie_camisoles_tanks,B06VVHDNMN
tcsv1_challenge_0190,challenge,boundary,hard,unit_or_size_ambiguity,shoe_treatments_polishes_water_stain_treatments,B09MV6JC2P
tcsv1_challenge_0191,challenge,intent_override,hard,category_or_use_case_change,medical_scrub_sets,B07WJWZR5L
tcsv1_challenge_0192,challenge,intent_override,hard,key_attribute_change,rain_anoraks_raincoats,B0B9MX7NVH
tcsv1_challenge_0193,challenge,intent_override,hard,category_or_use_case_change,panties_boy_shorts,B010NJCLA4
tcsv1_challenge_0194,challenge,intent_override,hard,category_or_use_case_change,suits_sport_coats_vests,B01GVC2IOQ
tcsv1_challenge_0195,challenge,boundary,hard,hard_soft_conflict,shoes_jewelry_over_50,B078Z3N8VJ
tcsv1_challenge_0196,challenge,boundary,hard,hard_soft_conflict,scarves_wraps_wraps_pashminas,B0B6GRDQLR
tcsv1_challenge_0197,challenge,intent_override,hard,budget_change,women_breeches,B00IRKFE60
tcsv1_challenge_0198,challenge,intent_override,hard,key_attribute_change,luggage_luggage_sets,B08YQC2FQ9
tcsv1_challenge_0199,challenge,intent_override,hard,key_attribute_change,gym_bags_drawstring_bags,B0B4DLHGR2
tcsv1_challenge_0200,challenge,boundary,hard,unit_or_size_ambiguity,boots_knee_high,B000TFXZO4
