tree
version=v4
num_class=1
num_tree_per_iteration=1
label_index=0
max_feature_idx=12
objective=lambdarank
feature_names=exact_matches partial_matches category_match term_coverage lexical_signal rrf_raw dense_raw attribute_raw profile_match quality contradictions budget_penalty novelty_penalty
feature_infos=[0:9] [0:2.6666666666666665] [0:1] [0:1] [0.0027777777777777779:1] [0.00097222222222222219:0.035840824960338448] [0:0.91112741009486875] [0:20.333333333333336] [0:1] [0.39182795698924727:0.97982643910905409] [0:5] none [0:1]
tree_sizes=1784 1789 1812 1791 1800 1794 1800 1795 1803 1802 1800 1797 1807 1795 1798 1804 1799 1790 1815 1790 1796 1809 1798 1797 1801 1796 1795 1790 1804 1798 1798 1802 1799 1807 1802 1808 1800 1809 1790 1808 1800 1801 1801 1810 1796 1806 1810 1806 1799 1794 1794 1793 1801 1810 1807 1794 1799 1803 1814 1821 1803 1807 1804 1803 1799 1811

Tree=0
num_leaves=15
num_cat=0
split_feature=3 9 12 5 7 4 6 5 7 9 5 4 4 1
split_gain=6168.16 1137.26 474.809 424.328 409.514 187.622 132.955 121.71 94.9767 86.4653 78.1071 44.6209 39.7396 37.8746
threshold=0.87353167486156713 0.83857270180799592 1.0000000180025095e-35 0.015825950790436864 1.0000000180025095e-35 0.75000000000000011 0.28547131618318672 0.025700447158669593 1.9166666666666667 0.87874509726726491 0.022139315087324769 0.41666666666666669 0.75000000000000011 0.042572463768115944
decision_type=2 2 2 2 2 2 2 2 2 2 2 2 2 2
left_child=3 4 9 -1 5 -2 -6 -8 11 12 -7 -5 -3 -10
right_child=1 2 -4 8 6 10 7 -9 13 -11 -12 -13 -14 -15
leaf_value=-0.094551402489627415 -0.078422080571713793 0.04997191405748163 -0.08860914867710562 -0.084753124023123239 0.054449381542194891 0.050287814638514498 -0.033353305819096124 0.031709433330700157 0.047384065849716661 0.088673740112501578 -0.071706082964600112 0.02903009305410666 0.086102384909319291 -0.044969764151855655
leaf_weight=1198.1175491594513 179.21474754316841 326.23448492154421 38.894875442281773 27.793603145870293 217.70329999224487 48.165139469849237 125.0133684000557 155.792204503432 71.313688553591419 1009.9716460094896 12.671642967441583 8.8543925666890555 118.47731351615221 8.9336639220618945
leaf_count=1342577 306610 122378 13897 8424 121188 914 37962 2523 9420 76452 373 472 349 3813
internal_value=1.067e-11 0.0505754 0.0756023 -0.0857144 -0.000204151 -0.0532137 0.025597 0.00266704 0.00502311 0.0802814 0.0213618 -0.0570776 0.0604479 0.0350681
internal_weight=3547.15 2232.14 1493.58 1315.01 738.56 240.052 498.509 280.806 116.895 1454.68 60.8368 36.648 444.712 80.2474
internal_count=2047352 682646 213076 1364706 469570 307897 161673 40485 22129 199179 1287 8896 122727 13233
is_linear=0
shrinkage=0.05


Tree=1
num_leaves=15
num_cat=0
split_feature=3 2 5 4 9 5 5 3 7 9 8 1 5 10
split_gain=7148.47 1355.97 836.982 717.867 691.681 438.142 273.369 166.688 111.03 100.391 81.9019 57.2205 46.7248 45.8954
threshold=0.90288103218787763 1.0000000180025095e-35 0.015825950790436864 0.75000000000000011 0.91879840589518025 0.022139315087324769 0.019387125327846946 0.70380587029131247 0.29166666666666669 0.88009900990099033 0.18056881988200901 0.24880952380952384 0.025700447158669593 1.0000000180025095e-35
decision_type=2 2 2 2 2 2 2 2 2 2 2 2 2 2
left_child=2 6 -1 4 5 -3 8 -4 -2 -8 -10 13 -11 -9
right_child=1 3 7 -5 -6 -7 9 11 10 12 -12 -13 -14 -15
leaf_value=-0.086096603122869458 -0.095933061319010693 0.010693662127104417 -0.059760907498024166 0.087169580239523745 0.070428371269916107 0.054976324844479799 0.053216078717681942 0.051860117750286129 -0.022952930646996036 -0.063048080960478523 -0.080131821015473614 -0.050734618525569909 0.021093872064230447 -0.047261986232733491
leaf_weight=1974.9838206020395 142.40110760886455 2425.5479567296861 53.616493324807379 690.68267698175987 907.54056666657561 722.14059527614154 83.245725659529853 156.65558639051596 206.13932649606431 34.804063197050709 89.309784380915517 12.924091603883424 24.837385239108698 8.7776146702817623
leaf_count=1375305 95885 467686 10933 2385 14344 12309 4181 8539 29883 470 20285 3422 174 1551
internal_value=-4.19224e-09 0.0313505 -0.0755665 0.0401771 0.032076 0.020924 -0.04051 0.0140099 -0.0599393 0.0190409 -0.0412831 0.0372112 -0.0290864 0.0453686
internal_weight=7533.61 5326.65 2206.96 4745.91 4055.23 3147.69 580.737 231.974 437.85 142.887 295.449 178.357 59.6414 165.433
internal_count=2047352 647602 1399750 496724 494339 479995 150878 24445 146053 4825 50168 13512 644 10090
is_linear=0
shrinkage=0.05


Tree=2
num_leaves=15
num_cat=0
split_feature=3 5 5 9 9 6 5 1 4 12 12 3 4 5
split_gain=6940.04 1420.15 504.361 412.592 388.662 246.384 210.514 158.73 120.094 101.838 89.1318 58.6365 55.2512 86.5207
threshold=0.87353167486156713 0.010897449118545618 0.015825950790436864 0.83857270180799592 0.81958506045462565 1.0000000180025095e-35 0.0042714559386900133 0.49197570332480822 0.22500000000000003 1.0000000180025095e-35 1.0000000180025095e-35 0.74335081869062292 0.0036563193497500071 0.0049751859514309644
decision_type=2 2 2 2 2 2 2 2 2 2 2 2 2 2
left_child=2 3 -1 12 8 6 -5 9 -3 -6 -10 -4 13 -2
right_child=1 4 11 5 7 -7 -8 -9 10 -11 -12 -13 -14 -15
leaf_value=-0.081602342961709456 -0.051808800218334596 -0.0062365486273522159 -0.040417183344231881 -0.023001582138358692 0.059433607097936408 -0.042227476198460984 0.031511824753448735 -0.078360986673948807 0.047267091205626957 -0.069680167173322913 -0.073638473082321035 0.017483154920597113 -0.062182344202791576 0.016660442808150985
leaf_weight=2000.3830409940419 113.57805375280441 341.28148942042026 56.289079968366423 225.58534473666805 2841.5577401815826 190.93577832938172 769.96337016890175 17.15209007228259 224.52067441251711 11.401267241046297 11.937185610790037 147.61135906739219 256.80273670799215 72.344410513192997
leaf_count=1342577 100349 79873 12609 63965 57047 36777 61904 3078 6386 9428 874 9520 233220 29745
internal_value=-2.18045e-09 0.0321627 -0.0739846 -0.00629754 0.0503191 0.00910025 0.0191062 0.0578421 0.0127706 0.0587966 0.0397649 0.000914292 -0.0472037 -0.0254281
internal_weight=7281.34 5077.06 2204.28 1629.21 3447.85 1186.48 995.549 2870.11 577.739 2852.96 236.458 203.9 442.725 185.922
internal_count=2047352 682646 1364706 525960 156686 162646 125869 69553 87133 66475 7260 22129 363314 130094
is_linear=0
shrinkage=0.05


Tree=3
num_leaves=15
num_cat=0
split_feature=3 5 5 9 9 5 6 9 4 2 7 9 1 7
split_gain=6490.1 1152.98 564.228 407.706 272.686 252.862 159.06 119.705 109.101 87.8347 64.0707 63.5423 61.3986 56.6144
threshold=0.89443334460316637 0.008287516504690326 0.015825950790436864 0.8584095364573453 0.87772888459058696 0.01866866413272188 0.1741083692936331 0.84016393442622961 0.75000000000000011 1.0000000180025095e-35 1.0000000180025095e-35 0.89968483633689045 0.49197570332480822 1.9166666666666667
decision_type=2 2 2 2 2 2 2 2 2 2 2 2 2 2
left_child=2 4 -1 5 10 6 -3 -7 12 -6 -2 13 -5 -4
right_child=1 3 11 8 9 7 -8 -9 -10 -11 -12 -13 -14 -15
leaf_value=-0.07785661684875271 -0.06041420413612332 0.020726437550468893 -0.063136614127452209 0.051121749841914546 -0.06016849858524323 0.047561254612664007 -0.034681626999537474 -0.020111871624536554 0.077109696292817276 0.01538176203454516 -0.023924760332379922 0.055237268408780342 -0.061741747961370864 0.0065244726753293089
leaf_weight=2058.0807911984302 219.49519161056378 260.91806896758499 31.670434455008944 2186.654612305254 36.539252444636077 597.47692800880759 247.77421291184146 70.520220867765602 497.36038858391112 532.39115014979325 283.91071946412558 46.78095302125439 8.1296089627430757 139.01371869564173
leaf_count=1367760 249979 46484 8797 47330 14877 25567 100531 2980 474 40809 124885 2122 1783 12974
internal_value=1.96384e-09 0.0321744 -0.0697815 0.0448775 -0.0136523 0.0202089 -0.00633665 0.0403207 0.0556023 0.0100477 -0.0402726 0.00667343 0.0505643 -0.00783015
internal_weight=7216.72 4941.17 2275.55 3868.83 1072.34 1176.69 508.692 667.997 2692.14 568.93 503.406 217.465 2194.78 170.684
internal_count=2047352 655699 1391653 225149 430550 175562 147015 28547 49587 55686 374864 23893 49113 21771
is_linear=0
shrinkage=0.05


Tree=4
num_leaves=15
num_cat=0
split_feature=3 5 9 5 0 7 7 2 4 4 3 5 9 2
split_gain=5882.19 724.773 569.719 556.219 169.213 138.475 131.78 100.637 100.33 108.255 72.8755 65.484 62.6204 46.3244
threshold=0.89744660922797614 0.013711352152007516 0.87772888459058696 0.015825950790436864 1.0000000180025095e-35 1.0000000180025095e-35 0.22500000000000003 1.0000000180025095e-35 0.75000000000000011 0.009569597069597072 0.70380587029131247 0.0049383419108161583 0.89883616588276338 1.0000000180025095e-35
decision_type=2 2 2 2 2 2 2 2 2 2 2 2 2 2
left_child=3 2 5 -1 6 -2 -3 -4 9 -6 -5 -7 -9 -8
right_child=1 4 7 10 8 11 13 12 -10 -11 -12 -13 -14 -15
leaf_value=-0.074452135821649265 -0.05349822031646434 -0.04591314199140311 -0.028752125941189772 -0.048860619315583664 0.069683913928508631 -0.043913702621326711 -0.037963839440520702 0.016084911131170776 0.068247296276836261 0.038529512867770066 0.022651311959724647 -0.0002778433397074771 0.04289203860588519 0.032769307681997185
leaf_weight=2051.6374914956905 286.15408562340599 59.60474673655699 64.693429420236498 39.223269801834249 360.99814867580426 105.34564486157615 20.167121658450924 337.31440597705659 690.1110616204387 1376.0524596639443 180.35322960060148 389.63557119350298 658.58842175133759 526.49466144730104
leaf_count=1371425 306949 15615 18660 10933 5816 74186 2448 28485 2070 53536 13164 101101 26395 16569
internal_value=7.60478e-10 0.0309587 0.00619114 -0.0663748 0.0459613 -0.0261171 0.0220772 0.0299972 0.0518695 0.0451855 0.0090736 -0.00991104 0.0339381 0.0298394
internal_weight=7146.37 4875.16 1841.73 2271.21 3033.43 781.135 606.267 1060.6 2427.16 1737.05 219.576 494.981 995.903 546.662
internal_count=2047352 651830 555776 1395522 96054 482236 34632 73540 61422 59352 24097 175287 54880 19017
is_linear=0
shrinkage=0.05


Tree=5
num_leaves=15
num_cat=0
split_feature=3 5 9 5 9 5 5 6 6 7 4 9 1 12
split_gain=5422.24 873.29 540.27 374.55 242.387 100.019 91.2814 100.572 84.81 72.1736 65.183 72.1059 50.4496 47.6619
threshold=0.87353167486156713 0.013711352152007516 0.8584095364573453 0.015825950790436864 0.83892904761222076 0.02111130852819719 0.0056180336252493529 1.0000000180025095e-35 0.24828177648942759 1.0000000180025095e-35 0.75000000000000011 0.89910394193286802 1.0000000180025095e-35 1.0000000180025095e-35
decision_type=2 2 2 2 2 2 2 2 2 2 2 2 2 2
left_child=3 2 9 -1 5 8 -4 -8 -3 -2 11 -6 -5 -7
right_child=1 4 6 12 10 13 7 -9 -10 -11 -12 -13 -14 -15
leaf_value=-0.071541315885069887 -0.055583625183723666 0.019867703154929882 -0.0032498281640261587 0.012337829757465481 0.037969892948158848 0.037179073699803007 0.038493505970992367 0.0027566689606546343 -0.035251676448087015 -0.020762269174696573 0.069005315823913713 0.058647099268113692 -0.058709884913585808 -0.063685172701429385
leaf_weight=2009.2131694220152 258.5127671824448 159.00428899552207 293.8281524683116 165.11981419744552 887.86309008061653 427.16428753234504 698.60955800351803 274.48696049305727 116.54578713173396 365.38108137054951 546.43327794095967 898.44995409151306 24.29262973072764 7.6574130736698853
leaf_count=1342577 308057 13681 64692 14555 23897 12301 34936 21401 40048 154275 783 6901 7574 1674
internal_value=-2.3113e-09 0.0290994 0.00239831 -0.0652199 0.0456588 0.0198988 0.0211362 0.0284786 -0.00365819 -0.0355178 0.053444 0.0485044 0.0019502 0.034699
internal_weight=7132.56 4933.94 1890.82 2198.63 3043.12 710.372 1266.92 973.097 275.55 623.894 2332.75 1786.31 189.412 434.822
internal_count=2047352 682646 583361 1364706 99285 67704 121029 56337 53729 462332 31581 30798 22129 13975
is_linear=0
shrinkage=0.05


Tree=6
num_leaves=15
num_cat=0
split_feature=3 5 5 9 9 5 4 9 6 0 2 4 3 7
split_gain=4942.9 761.602 332.16 325.402 304.312 196.777 118.457 92.0505 62.6606 62.3522 57.8797 55.0381 53.2147 39.4936
threshold=0.87353167486156713 0.008287516504690326 0.015825950790436864 0.83857270180799592 0.87772888459058696 0.017049858486835327 0.75000000000000011 0.89910394193286802 0.19849139406439678 1.5000000000000002 1.0000000180025095e-35 0.0036563193497500071 0.70380587029131247 1.0000000180025095e-35
decision_type=2 2 2 2 2 2 2 2 2 2 2 2 2 2
left_child=2 4 -1 5 13 8 7 -5 -3 -7 -6 -12 -4 -2
right_child=1 3 12 6 10 9 -8 -9 -10 -11 11 -13 -14 -15
leaf_value=-0.068915105630723839 -0.058430984771106587 -0.0036464348934577423 -0.047454830777852411 0.030154724703722199 -0.050459828133241715 0.01315795856638431 0.066141156667538212 0.049447303657144392 -0.051785747160727917 0.047242862606319144 0.029478020054257249 -0.0074494429581544721 0.014811051150692978 -0.027637127325461544
leaf_weight=1974.2686456086958 203.23049218396773 153.61858702014433 39.279824702665792 1228.6976674575708 27.677477379038464 354.44654707185691 550.64450031035813 1324.8774668638944 116.88626340898918 216.7547338817094 334.25610102812061 141.16192447050707 147.47946606570622 243.88803492163424
leaf_count=1342577 263816 42109 10933 58877 15321 26761 792 15528 81138 8618 28652 13493 11196 127541
internal_value=-3.09469e-09 0.0277985 -0.0629006 0.0374665 -0.0123352 0.00982106 0.0449346 0.0402414 -0.02501 0.0263899 0.0142943 0.01855 0.000819202 -0.0421254
internal_weight=7057.17 4896.14 2161.03 3945.93 950.214 841.706 3104.22 2553.58 270.505 571.201 503.096 475.418 186.759 447.119
internal_count=2047352 682646 1364706 233823 448823 158626 75197 74405 123247 35379 57466 42145 22129 391357
is_linear=0
shrinkage=0.05


Tree=7
num_leaves=15
num_cat=0
split_feature=3 5 5 9 5 9 6 5 5 4 5 2 2 1
split_gain=4547.46 592.35 388.762 296.317 230.183 202.479 136.266 74.6791 64.9938 61.1324 55.605 40.4463 31.3747 29.3093
threshold=0.89744660922797614 0.0069899704798649905 0.015825950790436864 0.87948783274886611 0.01866866413272188 0.87772888459058696 0.17037094946532835 0.016155150317025035 0.025700447158669593 0.0096620612397311442 0.02111130852819719 1.0000000180025095e-35 1.0000000180025095e-35 1.0000000180025095e-35
decision_type=2 2 2 2 2 2 2 2 2 2 2 2 2 2
left_child=2 5 -1 4 6 -2 -3 9 -6 -5 12 -7 -4 -14
right_child=1 3 10 7 8 11 -8 -9 -10 -11 -12 -13 13 -15
leaf_value=-0.066790713726106538 -0.04251628734030613 0.017393949916210072 -0.063770312957391259 0.043217950230129164 0.023743434948368988 -0.050517466120397508 -0.024563331353455738 0.053935940189007131 0.049626278378991626 0.014205314262817452 0.03113783438753992 0.015004498930094763 0.010037087870649596 -0.058906227071408496
leaf_weight=1963.4947012692573 339.09550630782906 429.23453498570598 24.515255656820955 643.73185794212623 593.27190279983915 20.393577236769488 344.09549685673846 1377.5556183973677 429.00531012038118 261.2814490798919 98.82359945193457 347.11990867974237 72.686564152099891 14.25500313460361
leaf_count=1371425 329631 75975 5988 17585 27896 13105 131318 8109 4469 8849 5343 34893 7838 4928
internal_value=9.04453e-12 0.0272415 -0.0598873 0.0345589 0.0192831 -0.0149367 -0.00131293 0.0465074 0.034794 0.0349659 0.00462723 0.0107394 -0.0192062 -0.00385563
internal_weight=6958.56 4784.79 2173.78 4078.18 1795.61 706.609 773.33 2282.57 1022.28 905.013 210.28 367.513 111.457 86.9416
internal_count=2047352 651830 1395522 274201 239658 377629 207293 34543 32365 26434 24097 47998 18754 12766
is_linear=0
shrinkage=0.05


Tree=8
num_leaves=15
num_cat=0
split_feature=3 9 5 5 5 2 5 0 12 4 7 3 9 7
split_gain=4194.88 627.335 416.031 249.47 240.627 162.89 80.5704 66.4831 63.8447 57.2581 46.6567 43.3872 36.7688 26.7611
threshold=0.86059657354388763 0.83857270180799592 0.015825950790436864 0.015465892863470576 0.015825950790436864 1.0000000180025095e-35 0.0042714559386900133 1.0000000180025095e-35 1.0000000180025095e-35 0.75000000000000011 1.0000000180025095e-35 0.70380587029131247 0.81999535510242005 0.45000000000000007
decision_type=2 2 2 2 2 2 2 2 2 2 2 2 2 2
left_child=4 2 10 5 -1 -3 -7 13 9 -5 -2 -6 -9 -4
right_child=1 3 7 8 11 6 -8 12 -10 -11 -12 -13 -14 -15
leaf_value=-0.064881139283235037 -0.057064985408748305 -0.033266022484562383 -0.059928300184725593 0.042102369391925853 -0.0439245100121117 -0.011170105531252578 0.028837845236018962 0.032398325268529232 -0.062797922823356944 0.061536204787144992 -0.025906221836475903 0.014335040240933898 -0.007500178353335653 -0.0017135654197250397
leaf_weight=1886.7394612970529 230.90143215094577 125.88304733391851 21.140476774104172 1540.6990423712996 37.952178230683785 136.33919974610035 1329.2611537880002 455.71820484893396 9.1473949215724115 550.48459788039327 277.24541240261169 119.84818316690507 64.101375621394254 81.92401718441397
leaf_count=1321268 302574 46444 9758 18483 10933 53506 94574 23052 5581 552 137707 9853 5185 7882
internal_value=-5.80573e-11 0.0254431 -0.00711328 0.0354132 -0.059933 0.0203851 0.0250907 0.0202151 0.046725 0.0473527 -0.0404828 -0.000595513 0.0274537 -0.0158748
internal_weight=6867.39 4822.85 1131.03 3691.81 2044.54 1591.48 1465.6 622.884 2100.33 2091.18 508.147 157.8 519.82 103.064
internal_count=2047352 705298 486158 219140 1342054 194524 148080 45877 24616 19035 440281 20786 28237 17640
is_linear=0
shrinkage=0.05


Tree=9
num_leaves=15
num_cat=0
split_feature=3 9 5 5 5 9 2 4 4 5 7 6 1 0
split_gain=3886.04 553.957 266.493 259.589 254.718 156.296 100.131 70.4156 69.3637 67.1902 51.2954 50.9006 42.1895 35.8571
threshold=0.87353167486156713 0.81958506045462565 0.015825950790436864 0.015825950790436864 0.011719197451317298 0.89883616588276338 1.0000000180025095e-35 0.75000000000000011 0.75000000000000011 0.0042714559386900133 0.22500000000000003 0.2715282505585272 1.0000000180025095e-35 1.0000000180025095e-35
decision_type=2 2 2 2 2 2 2 2 2 2 2 2 2 2
left_child=3 2 -2 -1 5 9 13 10 -8 -3 -4 -7 -5 -6
right_child=1 4 7 12 6 11 8 -9 -10 -11 -12 -13 -14 -15
leaf_value=-0.063202377840302137 -0.043846743837024235 -0.041358229285830259 -0.06080783908243792 0.011404140069758146 -0.045939707919182803 0.03472275022378904 0.038648077253660845 0.039596191883360117 0.059186430467714213 0.0020641075908879669 0.0057965334791222527 -0.021576276349953915 -0.053741152905681183 0.013605408075506002
leaf_weight=1860.1998423095793 370.34158407505311 105.75511960790027 27.581398637936218 148.03797011537245 25.064438904752024 531.14442785500432 2094.7379991965427 157.94503214134602 540.38184957153862 453.25769389551715 251.63540193854715 40.115426941367332 24.672751988102391 154.96735702207661
leaf_count=1342577 350657 86938 14218 14555 3579 28868 49673 1826 902 113495 20765 4760 7574 6965
internal_value=-6.2918e-10 0.0247449 -0.0129219 -0.0577721 0.0324607 0.0123391 0.0405033 0.0134756 0.042964 -0.00644443 -0.00173673 0.0306164 0.000847549 0.00429802
internal_weight=6785.84 4752.93 807.503 2032.91 3945.42 1130.27 2815.15 437.162 2635.12 559.013 279.217 571.26 172.711 180.032
internal_count=2047352 682646 387466 1364706 295180 234061 61119 36809 50575 200433 34983 33628 22129 10544
is_linear=0
shrinkage=0.05


Tree=10
num_leaves=15
num_cat=0
split_feature=3 9 5 5 5 0 9 2 12 4 4 7 7 12
split_gain=3613.58 509.377 359.876 307.145 155.851 106.596 102.83 95.9065 89.0572 52.464 47.8879 56.3101 47.2304 43.3763
threshold=0.89744660922797614 0.8584095364573453 0.013711352152007516 0.015825950790436864 0.016155150317025035 1.5000000000000002 0.84016393442622961 1.0000000180025095e-35 1.0000000180025095e-35 0.75000000000000011 0.22500000000000003 1.9166666666666667 1.0000000180025095e-35 1.0000000180025095e-35
decision_type=2 2 2 2 2 2 2 2 2 2 2 2 2 2
left_child=3 2 12 -1 7 6 -4 -3 -9 -6 11 -5 -2 -7
right_child=1 4 5 10 9 13 -8 8 -10 -11 -12 -13 -14 -15
leaf_value=-0.061782567349944618 -0.050219628188941538 -0.025118257131121348 0.011803591611913564 -0.066086660973109695 0.039748921331296039 0.041742393600431325 -0.057928852214597308 0.027931062766618126 -0.079348228307041635 0.059824362137775138 0.041653148349794923 0.0047708753559695142 -0.019608473603205247 -0.061805036975715481
leaf_weight=1840.7141823947604 227.72928941996361 92.429981185588986 490.43825825667591 31.414927132398589 1276.7807670115726 359.9657476535067 54.207465738174506 1366.1358139050717 14.934792662621474 478.19058283616323 52.823472279589623 119.39984977921995 299.08299577777507 6.1512157843681043
leaf_count=1371425 290173 29680 51562 8423 13773 15734 5082 85943 7362 462 1782 13892 149656 2403
internal_value=7.7801e-10 0.0242852 -0.00047603 -0.0553528 0.0352946 0.0185239 0.00439943 0.0231777 0.0264889 0.0453734 0.00285415 -0.0116359 -0.0331887 0.0391934
internal_weight=6710.4 4666.05 1437.57 2044.35 3228.47 910.763 544.646 1473.5 1381.07 1754.97 203.638 150.815 526.812 366.117
internal_count=2047352 651830 514610 1395522 137220 74781 56644 122985 93305 14235 24097 22315 439829 18137
is_linear=0
shrinkage=0.05


Tree=11
num_leaves=15
num_cat=0
split_feature=3 9 5 5 5 4 9 7 4 3 6 9 5 4
split_gain=3388.11 447.016 310.131 236.611 221.435 103.352 101.323 87.41 65.5949 48.508 40.3895 32.8864 29.7379 25.7063
threshold=0.90288103218787763 0.81861351403306415 0.015825950790436864 0.015825950790436864 0.0083721891207094532 0.75000000000000011 0.89883616588276338 0.29166666666666669 0.75000000000000011 0.74335081869062292 0.23999107386621629 0.88009900990099033 0.02111130852819719 0.0036563193497500071
decision_type=2 2 2 2 2 2 2 2 2 2 2 2 2 2
left_child=2 3 -1 -2 6 7 11 -6 10 -4 -5 -3 -11 -8
right_child=1 4 9 8 5 -7 13 -9 -10 12 -12 -13 -14 -15
leaf_value=-0.060549989246655937 -0.043268408737140211 -0.007798838007079166 -0.036801919543501253 0.022595059855058164 -0.00047620851048006587 0.055849888714010448 0.030400064159491747 0.034116937386621873 0.038470245262509577 -0.0077338318910149459 -0.017862337392813728 -0.047527220615395341 0.035023774505047366 -0.0023993594703131203
leaf_weight=1813.2646944728622 329.63179082887655 265.55115917997318 50.834732455026824 94.795422555354889 196.79167711123591 535.05597522680182 259.83323780776118 2504.5324064547312 154.58027428592322 67.661246571864467 156.68470492729102 60.709126561123412 91.481884395936504 76.237723340833327
leaf_count=1375305 323687 143756 12609 4864 27751 1079 18912 71422 1793 9009 28069 18782 2827 7487
internal_value=6.20849e-10 0.0235663 -0.0539055 -0.0121144 0.0303062 0.0356896 0.00393069 0.0316006 0.0133944 0.00354634 -0.00246874 -0.0157971 0.0171631 0.0230334
internal_weight=6657.65 4634.4 2023.24 735.692 3898.71 3236.38 662.331 2701.32 406.06 209.978 251.48 326.26 159.143 336.071
internal_count=2047352 647602 1399750 358413 289189 100252 188937 99173 34726 24445 32933 162538 11836 26399
is_linear=0
shrinkage=0.05


Tree=12
num_leaves=15
num_cat=0
split_feature=3 9 5 5 4 2 12 0 7 7 7 7 1 5
split_gain=3165.26 447.959 352.888 175.389 136.458 98.5515 89.4974 74.4093 102.454 45.3622 44.6949 38.2776 32.3022 24.1258
threshold=0.86059657354388763 0.8584095364573453 0.013711352152007516 0.015825950790436864 0.29166666666666669 1.0000000180025095e-35 1.0000000180025095e-35 1.5000000000000002 0.22500000000000003 1.0000000180025095e-35 0.29166666666666669 1.9166666666666667 0.49197570332480822 0.0051282153579362468
decision_type=2 2 2 2 2 2 2 2 2 2 2 2 2 2
left_child=3 2 9 -1 5 10 -7 8 -4 -2 -3 -5 -9 -11
right_child=1 4 7 11 -6 6 -8 12 -10 13 -12 -13 -14 -15
leaf_value=-0.059306783371594562 -0.049520152413782881 -0.066301044189871747 -0.051959227265946956 -0.0440561223988363 0.054945171048418631 0.030859247662620066 -0.074588988094294081 0.036601341398292644 0.01363303247619806 -0.042826725972645953 0.0021976447698944502 0.011426904793731207 -0.054308003713939235 -0.010583114543594854
leaf_weight=1725.5585520408495 238.83492858472164 23.100156895758118 62.953405942127574 37.041576388990507 550.19954517792212 2503.1531689926342 15.696814395239924 370.04361596766103 477.83875705645187 77.308345640674816 154.24853216556949 114.51544357754028 5.7838610863836939 214.35952881825506
leaf_count=1321268 321579 12942 25724 8418 1147 99695 11228 18878 33009 67917 21827 12368 1374 89978
internal_value=-6.76117e-10 0.0219474 -0.00119001 -0.0547896 0.0322472 0.0275222 0.0300557 0.0175704 0.00559141 -0.0334662 -0.00829783 -0.00310748 0.0345076 -0.0197072
internal_weight=6570.64 4693.52 1447.12 1877.12 3246.4 2696.2 2518.85 916.62 540.792 530.503 177.349 151.557 375.827 291.668
internal_count=2047352 705298 558459 1342054 146839 145692 110923 78985 58733 479474 34769 20786 20252 157895
is_linear=0
shrinkage=0.05


Tree=13
num_leaves=15
num_cat=0
split_feature=3 5 5 9 5 9 9 4 12 3 12 2 7 4
split_gain=2975.66 395.214 240.371 240.317 194.742 124.229 95.9144 64.8775 50.2315 43.688 34.6263 25.1505 21.9554 20.8686
threshold=0.89443334460316637 0.0057686802370366117 0.015825950790436864 0.87874509726726491 0.02111130852819719 0.86036735922914809 0.87772888459058696 0.75000000000000011 1.0000000180025095e-35 0.70380587029131247 1.0000000180025095e-35 1.0000000180025095e-35 1.9166666666666667 0.75000000000000011
decision_type=2 2 2 2 2 2 2 2 2 2 2 2 2 2
left_child=2 6 -1 4 5 -3 -2 8 -5 -4 -6 -8 13 -11
right_child=1 3 9 7 10 -7 11 -9 -10 12 -12 -13 -14 -15
leaf_value=-0.058308758381052164 -0.043394494638915329 0.0044954222971316333 -0.04304488616727703 0.033892393060432707 0.032397310700602998 -0.047765400109023054 -0.051372758042236705 0.056655444786420567 -0.060662061172218174 -0.058159140131943732 -0.056885262902583028 0.0069114903649914843 0.020515399180966318 0.030552299919789125
leaf_weight=1716.4638494192623 240.08160391528509 831.48026597044372 39.738240858758218 2044.4151028043125 749.42206184190582 126.61983947077533 15.278706655080894 359.51708365511149 9.7701948966132459 14.258743175218116 6.6448828430729909 207.76526631077286 132.26017200222122 6.2920699836686245
leaf_count=1367760 281535 250832 10933 37481 15553 19807 11071 274 7723 3792 2768 28655 9102 66
internal_value=1.87572e-09 0.0218149 -0.0523828 0.0267291 0.012362 -0.00262334 -0.0218028 0.0368857 0.0332965 0.000582748 0.0312441 0.00188013 0.0129324 -0.0303346
internal_weight=6500.01 4591 1909.01 4127.87 1714.17 958.1 463.126 2413.7 2054.19 192.549 756.067 223.044 152.811 20.5508
internal_count=2047352 655699 1391653 334438 288960 270639 321261 45478 45204 23893 18321 39726 12960 3858
is_linear=0
shrinkage=0.05


Tree=14
num_leaves=15
num_cat=0
split_feature=3 9 5 5 5 4 9 5 6 4 2 7 7 2
split_gain=2799.22 397.595 255.313 255.135 143.463 102.427 73.519 54.7302 63.7423 44.7215 43.5352 36.4295 29.2317 23.5477
threshold=0.90288103218787763 0.83857270180799592 0.015825950790436864 0.015825950790436864 0.006250108964747726 0.75000000000000011 0.91941433716343701 0.025700447158669593 0.24332588183690387 0.22500000000000003 1.0000000180025095e-35 1.9166666666666667 1.0000000180025095e-35 1.0000000180025095e-35
decision_type=2 2 2 2 2 2 2 2 2 2 2 2 2 2
left_child=2 3 -1 12 10 6 -6 8 -5 11 -3 -4 -2 -13
right_child=1 4 9 7 5 -7 -8 -9 -10 -11 -12 13 -14 -15
leaf_value=-0.0574775751939278 -0.049782892634318454 -0.051340775410701846 -0.058899212262772976 0.025730246171646199 0.023082128497257548 0.053523387226763378 0.041322303429606272 0.035735674070557354 -0.015131429143871162 0.036792527559208171 0.0049586803526762311 -0.043866647296622104 -0.022781729305264148 0.010345982204012651
leaf_weight=1682.6807034629746 193.09039355770801 33.403497049264843 28.926131232190528 172.1510500444565 1875.2008676912228 494.6950890062144 802.14094784040935 204.39204317791155 202.11692769019282 58.269731376232812 319.48565793843591 19.826290571363643 235.9672276666679 98.687708018995181
leaf_count=1375305 271902 26075 8528 6642 89035 772 8644 3018 33944 1819 78312 3433 129258 10665
internal_value=-6.4371e-11 0.0213085 -0.0510674 -0.00636331 0.0292172 0.0325767 0.0286138 0.0152605 0.00375504 0.00148705 -0.00101329 -0.0132151 -0.0353666 -0.000131928
internal_weight=6421.03 4532.64 1888.39 1007.72 3524.93 3172.04 2677.34 578.66 374.268 205.71 352.889 147.44 429.058 118.514
internal_count=2047352 647602 1399750 444764 202838 98451 97679 43604 40586 24445 104387 22626 401160 14098
is_linear=0
shrinkage=0.05


Tree=15
num_leaves=15
num_cat=0
split_feature=3 9 5 5 4 1 2 0 7 7 3 12 7 9
split_gain=2629.08 390.339 284.562 148.123 127.413 87.9608 71.4077 66.2797 68.4054 37.6461 32.323 24.5767 20.099 13.4636
threshold=0.86059657354388763 0.8584095364573453 0.013711352152007516 0.015825950790436864 0.75000000000000011 0.49197570332480822 1.0000000180025095e-35 1.5000000000000002 0.22500000000000003 1.0000000180025095e-35 0.70380587029131247 1.0000000180025095e-35 0.55000000000000016 0.87948783274886611
decision_type=2 2 2 2 2 2 2 2 2 2 2 2 2 2
left_child=3 2 9 -1 5 6 -3 8 -4 -2 13 -9 -11 -5
right_child=1 4 7 10 -6 -7 -8 11 -10 12 -12 -13 -14 -15
leaf_value=-0.056550702789587293 -0.046814933930361874 -0.0045951554244956158 -0.045660736901007019 -0.058228300012034752 0.054387743664207747 -0.074225738624615664 0.028431349250686178 0.032591967238238991 0.0098545770334668228 0.0032991328930272452 0.0092549072806909875 -0.051934038253347636 -0.026804339091034551 0.0029507442049131341
leaf_weight=1596.1849489360538 226.37911360549333 173.62225098349154 57.751521095662611 26.713845478072471 447.12047217960935 17.264654105922091 2522.3744744761352 367.79146492606378 475.88672992907232 73.763112471700879 112.24338074968546 4.4948351263592476 206.59474560865783 11.903826312423915
leaf_count=1321268 321579 33772 25724 8894 493 5415 107159 17604 33009 29282 9853 2648 128613 2039
internal_value=1.25191e-10 0.0199342 -0.00191389 -0.0520876 0.0296878 0.0255249 0.0262999 0.0148537 0.0034785 -0.0317425 -0.00456617 0.0308967 -0.018965 -0.0411935
internal_weight=6320.09 4573.04 1412.66 1747.05 3160.38 2713.26 2696 905.925 533.638 506.737 150.861 372.286 280.358 38.6177
internal_count=2047352 705298 558459 1342054 146839 146346 140931 78985 58733 479474 20786 20252 157895 10933
is_linear=0
shrinkage=0.05


Tree=16
num_leaves=15
num_cat=0
split_feature=3 9 5 5 5 9 9 4 4 9 1 6 5 9
split_gain=2464.96 321.982 225.864 219.366 143.784 80.2564 101.946 70.2797 77.746 46.2869 40.1411 38.7067 53.3207 34.6215
threshold=0.89744660922797614 0.83857270180799592 0.01866866413272188 0.015825950790436864 0.013711352152007516 0.89910394193286802 0.88009900990099033 0.75000000000000011 0.009569597069597072 0.89993447606247778 1.0000000180025095e-35 0.1741083692936331 0.012048372762759725 0.81999535510242005
decision_type=2 2 2 2 2 2 2 2 2 2 2 2 2 2
left_child=3 2 11 -1 5 6 -3 8 -6 -7 -5 12 -2 -4
right_child=1 4 13 10 7 9 -8 -9 -10 -11 -12 -13 -14 -15
leaf_value=-0.055845678930960867 -0.031840239874369007 0.010811907400391058 0.023998658033675402 0.010035814620540387 0.047995841428243896 0.048129087405161641 -0.039156119999310957 0.051646676048217668 0.023503756751367517 0.017380700200910992 -0.051024349875191478 -0.047619930327896375 0.011633232965970604 -0.015011827628607283
leaf_weight=1582.9006139121921 217.60298044995579 452.50134867048473 417.11753808311187 166.91049677212141 438.09329643566161 160.54325265352963 126.39252474388923 479.16481838235632 1309.3488312938425 516.66770259902114 26.913199187132705 177.17295664106496 100.10036217805464 62.276468449621461
leaf_count=1371425 237048 113565 20164 15947 5482 3532 25862 773 24557 30273 8150 172829 13499 4246
internal_value=1.18415e-09 0.0198523 -0.00553456 -0.0497162 0.0269519 0.0133502 -0.000339718 0.0345779 0.0297635 0.0249694 0.000487425 -0.0290875 -0.0181748 0.0188283
internal_weight=6233.71 4456.98 974.27 1776.72 3482.71 1256.1 578.894 2226.61 1747.44 677.211 193.824 494.876 317.703 479.394
internal_count=2047352 651830 447786 1395522 204044 173232 139427 30812 30039 33805 24097 423376 250547 24410
is_linear=0
shrinkage=0.05


Tree=17
num_leaves=15
num_cat=0
split_feature=3 9 5 5 2 5 0 7 4 9 4 7 1 3
split_gain=2337.1 381.586 268.207 126.044 72.9962 70.5143 60.9569 63.5202 59.5288 57.0985 42.8738 37.4684 27.1707 19.6406
threshold=0.8244078477848511 0.8584095364573453 0.013711352152007516 0.015465892863470576 1.0000000180025095e-35 0.015825950790436864 1.5000000000000002 2.7750000000000004 0.75000000000000011 0.91879840589518025 0.009569597069597072 1.0000000180025095e-35 0.33184523809523814 0.70380587029131247
decision_type=2 2 2 2 2 2 2 2 2 2 2 2 2 2
left_child=5 2 11 4 -3 -1 7 -4 10 -6 -5 -2 -8 -7
right_child=1 3 6 8 9 13 12 -9 -10 -11 -12 -13 -14 -15
leaf_value=-0.055248541999393809 -0.046359594080869565 -0.026947638223322329 0.0072817392388813615 0.048506803222712218 0.011097354345639214 -0.039916081112912186 0.029810517141484895 -0.052118141087992058 0.053039818753866909 0.033051309384329625 0.026406466063085568 -0.018858225425776198 -0.052119458841254511 0.0022873641235462414
leaf_weight=1468.1680557115105 239.56645933666732 86.925855662615504 492.22632222814718 286.89051906210079 800.6599600945483 38.716730805950647 380.39471155982756 44.492629272048362 426.63388027460314 473.07984015179682 1066.7490363338293 275.02472906875482 5.996563051143311 73.270776706398465
leaf_count=1265286 354724 35957 54779 2840 89740 10933 20207 5542 484 13846 14577 169583 1787 7067
internal_value=2.3436e-10 0.0180984 -0.00323136 0.0278512 0.0163032 -0.0523333 0.012883 0.00192205 0.036607 0.0193486 0.0312517 -0.0319843 0.0278894 -0.0133858
internal_weight=6158.8 4578.64 1437.7 3140.94 1360.67 1580.16 923.11 536.719 1780.27 1273.74 1353.64 514.591 386.391 111.988
internal_count=2047352 764066 606622 157444 139543 1283286 82315 60321 17901 103586 17417 524307 21994 18000
is_linear=0
shrinkage=0.05


Tree=18
num_leaves=15
num_cat=0
split_feature=3 9 5 4 12 4 5 7 2 9 9 9 3 0
split_gain=2216.17 360.916 183.76 169.303 121.259 104.172 68.2003 60.1809 56.3616 36.7304 35.0023 19.1508 21.0972 17.6273
threshold=0.8244078477848511 0.81861351403306415 0.0069899704798649905 0.29166666666666669 1.0000000180025095e-35 0.75000000000000011 0.015825950790436864 1.0000000180025095e-35 1.0000000180025095e-35 0.80090909090909101 0.87772888459058696 0.87908805742457452 0.74335081869062292 1.0000000180025095e-35
decision_type=2 2 2 2 2 2 2 2 2 2 2 2 2 2
left_child=6 3 8 7 5 -4 -1 -2 -3 -9 -10 12 -8 -5
right_child=1 2 4 13 -6 -7 11 9 10 -11 -12 -13 -14 -15
leaf_value=-0.054675236419007428 -0.050732039351171078 -0.050384385550743399 0.025178694176131042 -0.021254493766694919 -0.078239041958906519 0.050374496589558761 -0.053773952170598986 -0.0077920168379555805 -0.021417394605455196 -0.047990742519324968 0.010113435954767547 0.017430891299010369 -0.0030457235654032183 0.029640123912301447
leaf_weight=1427.2168285962398 190.64437415986322 54.234138910847832 2779.9048035147571 15.192292059626196 21.927173578398651 485.22520537680248 32.829516552264977 290.05996451736428 115.76823405295727 66.560007964479155 319.72451856777479 32.105680060019949 46.133363581509911 181.11591214712826
leaf_count=1265286 289863 50664 127708 1926 14745 765 10119 98795 104578 32250 39032 3607 4274 3740
internal_value=-2.27019e-09 0.017645 0.0239097 -0.0141221 0.0281612 0.0289943 -0.0517403 -0.0283538 -0.00462262 -0.0158546 0.00158354 -0.0132956 -0.0260827 0.0252713
internal_weight=6058.64 4520.36 3776.78 743.573 3287.06 3265.13 1538.29 547.264 489.727 356.62 435.493 111.069 78.9629 196.308
internal_count=2047352 764066 337492 426574 143218 128473 1283286 420908 194274 131045 143610 18000 14393 5666
is_linear=0
shrinkage=0.05


Tree=19
num_leaves=15
num_cat=0
split_feature=3 9 5 4 9 9 9 5 9 9 7 0 7 3
split_gain=2088.56 327.742 236.799 123.581 82.6584 195.013 74.7913 65.9284 60.5624 60.5203 32.7569 26.8499 17.9322 16.5248
threshold=0.8244078477848511 0.8584095364573453 0.013711352152007516 0.75000000000000011 0.89910394193286802 0.88009900990099033 0.89993447606247778 0.015825950790436864 0.84016393442622961 0.83960927772196048 1.0000000180025095e-35 1.5000000000000002 0.55000000000000016 0.70380587029131247
decision_type=2 2 2 2 2 2 2 2 2 2 2 2 2 2
left_child=7 2 10 4 5 -3 -6 -1 9 -4 -2 -10 -12 -9
right_child=1 3 8 -5 6 -7 -8 13 11 -11 12 -13 -14 -15
leaf_value=-0.054094003835031747 -0.045126442898048992 0.023462096470527039 0.010182403646847478 0.051851172993986727 0.048790339235429463 -0.02517043336413298 0.023209388192596745 -0.037986432899515865 -0.051649904583216624 0.046790355372104533 0.0029633470048245529 0.0030783639202781321 -0.026192476632943898 0.0011338599468685849
leaf_weight=1381.4531839615374 220.63497316036955 846.67310115000873 684.97568483919895 404.84476916532731 383.37058370055456 267.46101546208956 1178.5267083801446 37.616295822728716 44.627466205507517 131.40144314520876 70.111693337588804 39.893952597587486 196.83784536739404 72.881151504028821
leaf_count=1265286 354724 76316 73077 495 4935 34634 41064 10933 5452 1564 29697 2222 139886 7067
internal_value=9.36358e-10 0.017104 -0.00305947 0.0261814 0.0222085 0.011727 0.0296239 -0.0511235 0.0121237 0.0163237 -0.0309513 -0.0270891 -0.0186213 -0.0132517
internal_weight=5961.31 4469.36 1388.48 3080.88 2676.03 1114.13 1561.9 1491.95 900.899 816.377 487.585 84.5214 266.95 110.497
internal_count=2047352 764066 606622 157444 156949 110950 45999 1283286 82315 74641 524307 7674 169583 18000
is_linear=0
shrinkage=0.05


Tree=20
num_leaves=15
num_cat=0
split_feature=3 9 5 5 5 9 5 7 6 4 2 9 5 9
split_gain=1986.75 345.58 288.347 80.9163 79.5399 64.0706 62.3259 55.8389 51.9698 44.4546 38.9867 38.2454 25.644 16.4247
threshold=0.8244078477848511 0.87908805742457452 0.013711352152007516 0.025700447158669593 0.010897449118545618 0.86036735922914809 0.015825950790436864 1.0000000180025095e-35 0.24165968218149125 0.75000000000000011 1.0000000180025095e-35 0.88009900990099033 0.005973152460220503 0.87908805742457452
decision_type=2 2 2 2 2 2 2 2 2 2 2 2 2 2
left_child=6 2 7 5 8 -4 -1 -2 10 11 -3 -6 -9 -8
right_child=1 4 3 -5 9 -7 13 12 -10 -11 -12 -13 -14 -15
leaf_value=-0.053576444399054617 -0.043516200141731957 -0.034604881592524464 0.011603909987544798 0.033811935862256268 0.048364753244285331 -0.027441074897255471 -0.025940220334489363 -0.033042024344098413 -0.030399665604573176 0.052259961038970515 0.021315250648522317 0.026930691563387815 -0.0057439571316678468 0.014137931855042042
leaf_weight=1344.8496180429865 258.19066783524613 28.494674680958269 813.99458724440774 384.84648110379931 260.56603879989416 115.71850075159455 77.227048206128529 117.81923497968819 55.070893546144362 302.86189208249561 590.408445165187 1225.7592754842917 296.81402074921061 33.300855554989539
leaf_count=1265286 377952 15964 80545 4736 2651 6739 14393 102997 11752 268 41650 19436 99376 3607
internal_value=2.10582e-09 0.0165887 0.00106782 0.0146809 0.0290841 0.00662331 -0.0506113 -0.0254415 0.0142952 0.0345996 0.018484 0.0308378 -0.0138021 -0.0137758
internal_weight=5905.92 4450.54 1987.38 1314.56 2463.16 929.713 1455.38 672.824 673.974 1789.19 618.903 1486.33 414.633 110.528
internal_count=2047352 764066 672345 92020 91721 87284 1283286 580325 69366 22355 57614 22087 202373 18000
is_linear=0
shrinkage=0.05


Tree=21
num_leaves=15
num_cat=0
split_feature=3 9 5 5 5 4 12 0 5 6 5 7 2 2
split_gain=1874.04 264.575 220.111 163.908 120.876 90.1345 59.8686 37.2526 34.2056 31.4892 37.6692 26.4713 25.0008 22.417
threshold=0.91855220892478207 0.83857270180799592 0.02111130852819719 0.01866866413272188 0.0057686802370366117 0.75000000000000011 1.0000000180025095e-35 1.0000000180025095e-35 0.012824287360835617 0.1741083692936331 0.0066141821133930212 2.1547619047619051 1.0000000180025095e-35 1.0000000180025095e-35
decision_type=2 2 2 2 2 2 2 2 2 2 2 2 2 2
left_child=2 3 8 9 12 6 -6 -5 -1 10 -2 -9 -3 -10
right_child=1 4 -4 7 5 -7 -8 11 13 -11 -12 -13 -14 -15
leaf_value=-0.053634719025685042 -0.036969094413538579 -0.050033776665575284 0.020079816087591854 -0.018385661834161134 0.024151704663384552 0.04906182490345018 -0.06592653862648111 0.038060485355035895 -0.056964617763360252 -0.044759483297585292 -0.001121669959580691 0.010794937593997567 -0.0021250472310992271 -0.014511695212998485
leaf_weight=1336.8491973083655 127.04019708764099 25.606148361533997 114.82247670042852 68.300807740277378 2604.2713874789479 401.22999941080343 13.923154115182113 136.54395897046197 41.059122211874637 163.01820893086551 165.4172210731922 256.5798612619401 251.80212363618193 112.63116774163791
leaf_count=1348107 185851 23726 5791 9390 93090 759 11322 4027 19201 170694 59226 10495 71691 33982
internal_value=2.43504e-10 0.0175158 -0.0458869 -0.00621508 0.0241151 0.0270138 0.0235479 0.0147147 -0.0510187 -0.0273477 -0.0170531 0.0206242 -0.00735481 -0.0272907
internal_weight=5819.1 4213.73 1605.36 916.9 3296.83 3019.42 2618.19 461.425 1490.54 455.476 292.457 393.124 277.408 153.69
internal_count=2047352 640271 1407081 439683 200588 105171 104412 23912 1401290 415771 245077 14522 95417 53183
is_linear=0
shrinkage=0.05


Tree=22
num_leaves=15
num_cat=0
split_feature=3 9 5 4 4 6 5 2 9 7 8 9 3 2
split_gain=1764.84 298.079 257.915 75.1939 70.8968 75.1196 58.2885 58.1315 54.5891 50.1443 30.8821 24.4114 15.569 12.3426
threshold=0.8244078477848511 0.87908805742457452 0.013711352152007516 0.75000000000000011 0.75000000000000011 0.17037094946532835 0.015825950790436864 1.0000000180025095e-35 0.88009900990099033 1.0000000180025095e-35 1.0000000180025095e-35 0.86036735922914809 0.70380587029131247 1.0000000180025095e-35
decision_type=2 2 2 2 2 2 2 2 2 2 2 2 2 2
left_child=6 2 9 7 5 -4 -1 10 -9 -2 -3 -11 -8 -6
right_child=1 3 4 -5 13 -7 12 8 -10 11 -12 -13 -14 -15
leaf_value=-0.052690798469864665 -0.042286705735336404 0.0035417169192937872 0.026285528677272487 0.051201429367412135 -0.00020330300071037788 -0.002583748722595273 -0.037538334421674022 0.044680977162552357 0.022130188355849595 -0.0073695363028710133 -0.055917794909134545 -0.037978245823083928 0.00066550020526636279 0.038206828429617007
leaf_weight=1250.8647174301877 245.65910119022737 95.811333198886132 339.05443476772052 285.43037840572651 22.580751411209349 650.74285087392491 37.68647641291318 322.67229357208998 1702.0560715721367 329.4077046673774 23.088887821155367 77.40307272595237 70.611144280846929 269.80161264841445
leaf_count=1265286 377952 14303 15605 268 555 73666 10933 6669 61154 177435 9327 24938 7067 2194
internal_value=1.78618e-09 0.0155022 0.000850446 0.027146 0.0138621 0.00738781 -0.0496455 0.0238313 0.0258252 -0.02463 -0.00979517 -0.0135838 -0.013699 0.0352869
internal_weight=5722.87 4363.71 1934.65 2429.06 1282.18 989.797 1359.16 2143.63 2024.73 652.47 118.9 406.811 108.298 292.382
internal_count=2047352 764066 672345 91721 92020 89271 1283286 91453 67823 580325 23630 202373 18000 2749
is_linear=0
shrinkage=0.05


Tree=23
num_leaves=15
num_cat=0
split_feature=3 9 5 5 4 4 6 5 9 5 6 9 9 4
split_gain=1668.49 247.144 194.905 131.216 114.246 74.3533 75.1039 52.4374 44.7494 33.5192 30.5169 29.6606 24.484 22.4918
threshold=0.91855220892478207 0.81861351403306415 0.02111130852819719 0.008287516504690326 0.75000000000000011 0.75000000000000011 0.16035674674661324 0.025700447158669593 0.91879840589518025 0.012824287360835617 0.30407757259020307 0.89993447606247778 0.91990643968820274 0.22500000000000003
decision_type=2 2 2 2 2 2 2 2 2 2 2 2 2 2
left_child=2 4 9 8 7 6 -5 10 11 -1 -2 -3 -10 -4
right_child=1 3 13 5 -6 -7 -8 -9 12 -11 -12 -13 -14 -15
leaf_value=-0.052864929466914734 -0.021640577413421871 -0.0035175745486710711 -0.0054874241433588286 0.032806475177329139 0.027496352575709222 0.046175043258273971 0.015235305382777689 0.016475019142891078 0.042532561819830027 -0.026395634144089998 -0.052947519612080655 -0.042219195482319047 0.0054874416917299051 0.037575174945416775
leaf_weight=1242.0788308452684 324.15780243593326 360.60840850885143 56.050506754203525 1064.0737226129713 136.92394468700513 393.34136288036825 1451.1835513610422 67.956860253791092 70.451331626507454 149.50380713053892 104.77513834534329 52.608961403544527 113.40362021230976 58.316241899679881
leaf_count=1348107 246616 163232 4929 35228 1854 1064 63883 1786 2092 53183 104060 11065 9391 862
internal_value=4.59459e-10 0.0163979 -0.0449789 0.021589 -0.0122589 0.0259649 0.0227191 -0.0233787 0.000233548 -0.0501259 -0.0298099 -0.00889073 0.020433 0.0171246
internal_weight=5645.43 4139.48 1505.95 3505.67 633.814 2908.6 2515.26 496.89 597.072 1391.58 428.933 413.217 183.855 114.367
internal_count=2047352 640271 1407081 285955 354316 100175 99111 352462 185780 1401290 350676 174297 11483 5791
is_linear=0
shrinkage=0.05


Tree=24
num_leaves=15
num_cat=0
split_feature=3 9 5 5 9 9 9 5 7 9 12 0 2 5
split_gain=1578.93 300.697 166.442 111.104 80.5789 102.133 84.8321 55.2216 46.0713 41.4003 40.129 37.2162 41.0397 28.8721
threshold=0.8244078477848511 0.8584095364573453 0.01866866413272188 0.018076015684501148 0.91941433716343701 0.90291793313069901 0.92457184325108865 0.013711352152007516 1.0000000180025095e-35 0.84016393442622961 1.0000000180025095e-35 1.5000000000000002 1.0000000180025095e-35 0.025700447158669593
decision_type=2 2 2 2 2 2 2 2 2 2 2 2 2 2
left_child=7 2 8 4 5 -3 -6 -1 -2 -10 13 12 -4 -5
right_child=1 3 11 10 6 -7 -8 -9 9 -11 -12 -13 -14 -15
leaf_value=-0.052216417594336317 -0.038190787082278535 0.013276476893753414 -0.052085167308165564 0.028965939580531161 0.048152262687350886 -0.029209939374483108 0.010524055711235859 -0.016290197313762869 -0.0050922406448337745 -0.046857046928470474 -0.056745870091338781 0.027349294268392051 0.0078917094829305898 0.045143057051636432
leaf_weight=1148.6273335544975 261.74405091503286 935.14175838907249 26.159102736972272 751.84306339116301 302.13016224809689 161.68399510618474 299.35869060372352 124.14927923411597 379.68228455744975 65.702011962057441 7.6176093227695665 270.2055145217164 333.565083902271 491.50551936612464
leaf_count=1250254 379653 110032 3408 6567 3578 18533 14170 33032 169113 27340 3322 8067 19041 1242
internal_value=-5.97208e-10 0.0145274 -0.00512894 0.0234323 0.0150325 0.00690939 0.029666 -0.0487896 -0.0217081 -0.0117051 0.0347306 0.0135064 0.00287595 0.0355161
internal_weight=5559.12 4286.34 1337.06 2949.28 1698.31 1096.83 601.489 1272.78 707.128 445.384 1250.97 629.93 359.724 1243.35
internal_count=2047352 764066 606622 157444 146313 128565 17748 1283286 576106 196453 11131 30516 22449 7809
is_linear=0
shrinkage=0.05


Tree=25
num_leaves=15
num_cat=0
split_feature=3 9 5 5 5 5 6 4 9 5 9 9 4 9
split_gain=1509.58 243.921 186.304 175.655 64.9425 63.0115 58.9318 48.9024 46.8127 32.6499 32.3626 30.6678 21.4651 19.8634
threshold=0.91855220892478207 0.87948783274886611 0.011900411551593748 0.02111130852819719 0.0053459354618418187 0.025700447158669593 0.25076436655556406 0.75000000000000011 0.88009900990099033 0.012824287360835617 0.81838383178790652 0.81999535510242005 0.75000000000000011 0.89968483633689045
decision_type=2 2 2 2 2 2 2 2 2 2 2 2 2 2
left_child=3 2 10 9 -3 6 -4 8 -6 -1 -2 -12 -5 -11
right_child=1 4 5 12 7 -7 -8 -9 -10 13 11 -13 -14 -15
leaf_value=-0.052152991860190012 -0.038886628223893278 -0.0049163771636173371 0.018050072286476929 -0.00093587919116388445 0.04477183213389041 0.030016682456144517 -0.0068933198996476404 0.050233459599193578 0.022464173063444507 -0.032751473118315874 0.038775811096612725 -0.017323447318755833 0.043480906285776132 0.017776088927008514
leaf_weight=1168.2132372290798 196.01929483895947 151.66105056929518 457.86810678936308 73.488557000669971 280.66627398307901 352.29515742178774 480.77869454360916 237.24354518018663 1574.9706078948511 123.32883204633254 21.714004794193897 311.07841140696837 37.994893396564294 19.648454533613403
leaf_count=1348107 284028 31128 30605 5613 3930 4347 75443 229 40055 48259 11139 159367 178 4924
internal_value=-9.57425e-10 0.01552 0.00190399 -0.0442366 0.0265303 0.0121387 0.00530514 0.0288154 0.0259495 -0.049348 -0.0229607 -0.0131433 0.0154185 -0.0254418
internal_weight=5486.97 4064.3 1819.75 1422.67 2244.54 1290.94 938.647 2092.88 1855.64 1311.19 528.812 332.792 111.483 142.977
internal_count=2047352 640271 564929 1407081 75342 110395 106048 44214 43985 1401290 454534 170506 5791 53183
is_linear=0
shrinkage=0.05


Tree=26
num_leaves=15
num_cat=0
split_feature=3 9 5 4 9 9 9 0 7 4 12 7 3 7
split_gain=1423.84 288.378 164.014 105.254 89.2412 155.551 48.4756 44.8192 54.3296 33.9712 26.6663 22.3505 14.4037 36.0978
threshold=0.7930340839138702 0.8584095364573453 0.013711352152007516 0.75000000000000011 0.89910394193286802 0.88009900990099033 0.89993447606247778 1.5000000000000002 0.22500000000000003 0.29166666666666669 1.0000000180025095e-35 1.0000000180025095e-35 0.67195765311140321 1.9166666666666667
decision_type=2 2 2 2 2 2 2 2 2 2 2 2 2 2
left_child=9 2 11 4 5 -3 -6 8 -4 12 -9 -2 -1 -14
right_child=1 3 7 -5 6 -7 -8 10 -10 -11 -12 -13 13 -15
leaf_value=-0.052806348274961612 -0.041851212453710249 0.018143888364550432 -0.045441071145968168 0.048765170475406953 0.042114341671220398 -0.026347529063577443 0.02121646886285565 0.022400850178394879 0.0035392992681881918 0.020409290671864939 -0.058252914286877393 -0.019268359280008737 -0.051004330892372246 -0.00029353345468255822
leaf_weight=976.37195498870278 205.47330648039497 835.23462005406327 59.614271605678368 326.95368145999964 378.47218734159833 251.66222174177528 1113.9283800516569 356.61169968783361 453.18612229972496 14.691929614404215 5.879148170395637 263.60362316660758 98.718795091444917 53.126211168899317
leaf_count=1002858 391509 82319 26954 508 5217 37306 43991 20388 34692 929 2951 182438 145480 69812
internal_value=4.0682e-10 0.0133301 -0.00580415 0.022176 0.0187177 0.00776878 0.0266391 0.0069888 -0.00253859 -0.0494185 0.020318 -0.0294976 -0.0504139 -0.033837
internal_weight=5393.53 4250.62 1344.37 2906.25 2579.3 1086.9 1492.4 875.291 512.8 1142.91 362.491 469.077 1128.22 151.845
internal_count=2047352 828273 658932 169341 168833 119625 49208 84985 61646 1219079 23339 573947 1218150 215292
is_linear=0
shrinkage=0.05


Tree=27
num_leaves=15
num_cat=0
split_feature=3 9 5 5 12 9 9 4 4 7 4 9 4 6
split_gain=1351.55 290.366 211.542 73.4703 59.1802 55.341 103.756 72.7182 47.033 36.9392 31.3817 25.5033 22.7061 23.746
threshold=0.7930340839138702 0.87874509726726491 0.013711352152007516 0.0087526712556947849 1.0000000180025095e-35 0.86036735922914809 0.85960163550938418 0.41666666666666669 0.75000000000000011 1.0000000180025095e-35 0.29166666666666669 0.86036735922914809 0.0043573191570153791 0.30579697764488484
decision_type=2 2 2 2 2 2 2 2 2 2 2 2 2 2
left_child=10 2 9 12 8 6 -4 -7 -5 -2 -1 -11 13 -3
right_child=1 3 5 4 -6 7 -8 -9 -10 11 -12 -13 -14 -15
leaf_value=-0.050043917822547038 -0.040492376675700464 0.015838359571751157 0.0069728518419764039 0.026519868679399962 -0.06466287701460284 -0.046966940099131937 0.048282497050245406 0.03165674348684256 0.050284676115373156 -0.0093060187625906114 0.018371948419618117 -0.042238476259465911 -0.01160393825710862 -0.043844659761735696
leaf_weight=1091.7286884022215 240.91808391742234 351.35283822281053 916.83804980231798 1625.4481843910471 12.225031757523537 82.391490253270604 177.82134468090953 40.108570002310444 243.99871101067401 326.46063602389768 14.666938512498744 68.07424784568866 118.95022222195257 12.748676204180809
leaf_count=1218150 416868 44421 86080 26286 7462 6789 1463 298 216 190705 929 25312 17176 5197
internal_value=-1.81206e-10 0.0129131 -0.00191135 0.0245066 0.0289644 0.0102919 0.0138724 -0.0209923 0.0297475 -0.0251836 -0.0490584 -0.0154458 0.00702292 0.013183
internal_weight=5323.73 4217.34 1852.61 2364.72 1881.67 1217.16 1094.66 122.5 1869.45 635.453 1106.4 394.535 483.052 364.102
internal_count=2047352 828273 727515 100758 33964 94630 87543 7087 26502 632885 1219079 216017 66794 49618
is_linear=0
shrinkage=0.05


Tree=28
num_leaves=15
num_cat=0
split_feature=3 2 5 9 5 4 12 1 5 9 4 5 7 6
split_gain=1287.67 224.113 157.552 152.317 83.5963 83.3509 65.6278 39.5092 37.6208 34.81 30.2234 24.3001 21.0769 17.7941
threshold=0.91855220892478207 1.0000000180025095e-35 0.015825950790436864 0.81958506045462565 0.008287516504690326 0.75000000000000011 1.0000000180025095e-35 1.0000000180025095e-35 0.015825950790436864 0.89883616588276338 0.22500000000000003 0.025700447158669593 1.9166666666666667 0.209274037727916
decision_type=2 2 2 2 2 2 2 2 2 2 2 2 2 2
left_child=2 8 -1 5 9 11 -6 10 -2 -5 12 -3 -4 -10
right_child=1 3 7 4 6 -7 -8 -9 13 -11 -12 -13 -14 -15
leaf_value=-0.050583492814858168 -0.038570686711304682 -0.023265430264652082 -0.051416328154614527 -0.010447359151782635 0.026478712357330837 0.028951416998136265 -0.067490502880704725 -0.050983152960615952 0.015240383665121655 0.015258318864328583 0.034686628919979409 0.010055942862809185 0.0021478956163831875 -0.01814817393346323
leaf_weight=1095.1139121723099 189.59143634328211 337.66349630740297 17.649400899899774 232.23069755110191 2546.5193217102787 118.34904838301009 14.09943992178887 29.96335919595731 59.545879699930083 291.62750125263119 59.050445289874915 62.167947077658027 95.204213209741283 100.48034716237453
leaf_count=1381629 137567 272804 5399 117396 68988 1481 10079 8486 1574 19572 974 1651 10593 9159
internal_value=1.65046e-10 0.014191 -0.0431325 0.0179047 0.0221136 -0.00712115 0.0258308 -0.00246616 -0.0237893 0.00387174 0.00719245 -0.0180242 -0.00805508 -0.00563893
internal_weight=5249.26 3952.28 1296.98 3602.66 3084.48 518.18 2560.62 201.867 349.618 523.858 171.904 399.831 112.854 160.026
internal_count=2047352 640271 1407081 491971 216035 275936 79067 25452 148300 136968 16966 274455 15992 10733
is_linear=0
shrinkage=0.05


Tree=29
num_leaves=15
num_cat=0
split_feature=3 9 5 5 4 1 9 9 12 0 4 4 2 9
split_gain=1220.96 278.947 149.261 89.8738 72.2014 62.6193 45.6552 78.7621 32.5465 31.1244 29.3989 18.7996 16.5952 12.2402
threshold=0.77714660384637868 0.85960163550938418 0.01866866413272188 0.0056180336252493529 0.75000000000000011 0.33184523809523814 0.81936858682055813 0.81999535510242005 1.0000000180025095e-35 1.5000000000000002 0.29166666666666669 0.22500000000000003 1.0000000180025095e-35 0.87772888459058696
decision_type=2 2 2 2 2 2 2 2 2 2 2 2 2 2
left_child=10 2 6 12 5 -5 11 -8 9 -4 -1 -2 -3 -14
right_child=1 3 8 4 -6 -7 7 -9 -10 -11 -12 -13 13 -15
leaf_value=-0.050186984936273674 -0.036163997296157067 -0.047069463707831598 0.003311696388970769 0.021558002727811904 0.04752613345925695 -0.06558846278025611 0.052875087342854704 -0.017001109776633928 -0.063687399772126979 0.02557510569147451 0.016970584146244732 0.011553931036588996 -0.035175183304203099 0.00057244104320519152
leaf_weight=996.02366245498706 355.20023381938518 20.690617525884591 365.85223149741068 2234.8196292927532 284.4231125767692 16.094103990908479 40.871566637826618 334.07405283507251 9.2776632232125831 272.2922761158261 14.327703363349427 19.659204849362141 22.651648429811758 177.56569228839362
leaf_count=1191878 463373 21581 21706 83037 493 6372 7063 183841 3319 6957 891 2136 20593 34112
internal_value=1.03263e-09 0.0120021 -0.00618296 0.0212152 0.0238778 0.0207909 -0.0213042 -0.00878855 0.0113586 0.0129363 -0.0491557 -0.0335423 -0.00919572 -0.00423036
internal_weight=5163.82 4153.47 1397.23 2756.24 2535.34 2250.91 749.805 374.946 647.422 638.145 1010.35 374.859 220.908 200.217
internal_count=2047352 854583 688395 166188 89902 89409 656413 190904 31982 28663 1192769 465509 76286 54705
is_linear=0
shrinkage=0.05


Tree=30
num_leaves=15
num_cat=0
split_feature=3 9 5 5 9 12 4 9 9 9 9 4 2 6
split_gain=1156.29 257.493 131.397 103.794 67.0595 61.6284 60.5406 59.5509 41.323 84.1899 30.6821 27.9596 20.425 20.699
threshold=0.77714660384637868 0.83857270180799592 0.017049858486835327 0.013711352152007516 0.91879840589518025 1.0000000180025095e-35 0.75000000000000011 0.89993447606247778 0.81999535510242005 0.81958506045462565 0.92457184325108865 0.29166666666666669 1.0000000180025095e-35 0.19849139406439678
decision_type=2 2 2 2 2 2 2 2 2 2 2 2 2 2
left_child=11 2 12 4 7 6 -5 -3 9 -4 -6 -1 -2 -14
right_child=1 3 8 5 10 -7 -8 -9 -10 -11 -12 -13 13 -15
leaf_value=-0.049873266841866805 -0.049975588401694998 0.0037022734082372919 0.0013817631577528922 0.022401164920236971 0.037779578866193507 -0.066460759069257844 0.046310876261360642 -0.03779160674774143 -0.028568534824981374 0.056511845288690445 0.0094706414071780917 0.015987530816604558 -0.014641353658982437 -0.040818156229406544
leaf_weight=959.76662188320552 104.91579463586095 717.67321173458913 367.07264775925432 1612.3566849525159 193.26006419115583 13.39222219372459 320.35355426254682 93.227379635238321 68.85739419577294 80.429451195523143 193.68721618560812 14.225121902680256 223.23299791115278 117.47999351919134
leaf_count=1191878 142727 186815 31525 28465 4838 7529 576 19559 6434 542 14235 891 247133 164205
internal_value=2.08585e-10 0.0116296 -0.0109642 0.0185493 0.00692959 0.0256653 0.0264736 -0.00127054 0.00619898 0.0118052 0.0239111 -0.0488346 -0.0306997 -0.0241271
internal_weight=5079.93 4105.94 961.988 3143.95 1197.85 1946.1 1932.71 810.901 516.359 447.502 386.947 973.992 445.629 340.713
internal_count=2047352 854583 592566 262017 225447 36570 29041 206374 38501 32067 19073 1192769 554065 411338
is_linear=0
shrinkage=0.05


Tree=31
num_leaves=15
num_cat=0
split_feature=3 9 5 4 7 9 9 9 0 7 4 4 9 4
split_gain=1095.98 255.307 129.77 93.2826 78.4425 58.0588 48.9655 63.2182 41.5036 20.8091 17.9851 15.6611 13.0257 9.24615
threshold=0.75888734708961636 0.8584095364573453 0.013711352152007516 0.75000000000000011 1.0000000180025095e-35 0.91879840589518025 0.84016393442622961 0.83960927772196048 1.0000000180025095e-35 1.0000000180025095e-35 0.22500000000000003 0.41666666666666669 0.84016393442622961 0.042572463768115944
decision_type=2 2 2 2 2 2 2 2 2 2 2 2 2 2
left_child=11 2 9 4 8 -6 7 -4 -3 13 -8 -1 -11 -2
right_child=1 3 6 -5 5 -7 10 -9 -10 12 -12 -13 -14 -15
leaf_value=-0.050001652168990308 -0.043376493518690544 -0.044117581201526188 0.0019630463816745951 0.047321593051577564 0.013212409883016233 0.029828178323236438 -0.047866533210189424 0.040592276732073357 0.0022456728105420989 -0.012801976582959505 0.0010814626768590617 0.013523215914467243 -0.042900011104571922 -0.00037384455997202526
leaf_weight=905.06288145632425 187.91783636376204 62.897577098592592 656.23208290136972 270.46028989885235 1448.7573111040474 835.27945428983367 52.039129757307819 121.43218454689486 165.44813113854616 210.45135795849637 27.644893049495295 7.8873512844147617 40.823277172217786 13.459466287145913
leaf_count=1157171 416527 22069 77445 508 103784 19498 7434 1791 37524 164761 759 457 27485 10139
internal_value=5.93127e-10 0.011062 -0.00712075 0.0196188 0.0165485 0.0193407 0.00433147 0.00821578 -0.0111967 -0.0286222 -0.0318237 -0.0493822 -0.0184334 -0.040581
internal_weight=5005.79 4092.84 1310 2782.84 2512.38 2284.04 857.348 777.664 228.346 452.652 79.684 912.95 251.275 201.377
internal_count=2047352 889724 706341 183383 182875 123282 87429 79236 59593 618912 8193 1157628 192246 426666
is_linear=0
shrinkage=0.05


Tree=32
num_leaves=15
num_cat=0
split_feature=3 2 5 9 5 0 9 9 1 5 9 4 12 7
split_gain=1044.9 187.771 136.376 123.141 86.2686 50.7139 50.1061 187.815 32.4342 31.7343 25.4673 20.9224 20.1104 15.5559
threshold=0.91855220892478207 1.0000000180025095e-35 0.015825950790436864 0.87948783274886611 0.02111130852819719 1.5000000000000002 0.88009900990099033 0.89633022580894961 1.0000000180025095e-35 0.015825950790436864 0.87967571245063503 0.75000000000000011 1.0000000180025095e-35 2.2750000000000004
decision_type=2 2 2 2 2 2 2 2 2 2 2 2 2 2
left_child=2 9 -1 4 5 -3 -5 -8 10 -2 11 -4 -6 -11
right_child=1 3 8 6 12 -7 7 -9 -10 13 -12 -13 -14 -15
leaf_value=-0.049497693178799908 -0.037207036693206852 -0.011573540076257716 -0.01975117355633467 0.043557047909609639 0.021294081679603259 0.015812248482151198 -0.034206192352807051 0.0257112603588888 -0.048626665366431628 -0.028582756801391069 0.031033947382937674 0.032109098930139676 -0.04927382788210901 0.0044470030246738677
leaf_weight=951.98164732403893 176.88436173591617 667.84096360793774 85.183034804576891 284.08475149454898 561.29521703690989 221.03954942919518 138.26916728026117 1579.3194502819388 27.701687559228958 47.428497128974413 57.996110225198208 20.023538675915916 5.698848587286192 108.05701535401749
leaf_count=1381629 137567 343085 13919 3679 13063 75381 17088 37164 8486 6413 2877 170 2511 4320
internal_value=-2.24951e-10 0.0126436 -0.0417997 0.0160993 0.00500974 -0.00471311 0.0241324 0.0208025 -0.00312853 -0.0230108 0.00581014 -0.00887186 0.0201603 -0.00620483
internal_weight=4932.8 3789.92 1142.89 3457.55 1455.87 888.881 2001.67 1717.59 190.904 332.37 163.203 105.207 566.994 155.486
internal_count=2047352 640271 1407081 491971 434040 418466 57931 54252 25452 148300 16966 14089 15574 10733
is_linear=0
shrinkage=0.05


Tree=33
num_leaves=15
num_cat=0
split_feature=3 9 5 1 4 12 7 2 9 0 4 9 3 9
split_gain=994.174 239.026 121.624 98.4441 97.512 85.7981 45.2648 28.3566 19.4064 18.9662 14.4281 7.71467 6.35606 20.6815
threshold=0.75888734708961636 0.81958506045462565 0.006250108964747726 0.33184523809523814 0.75000000000000011 1.0000000180025095e-35 1.0000000180025095e-35 1.0000000180025095e-35 0.87772888459058696 2.5000000000000004 0.41666666666666669 0.80090909090909101 0.67195765311140321 0.85975487680249807
decision_type=2 2 2 2 2 2 2 2 2 2 2 2 2 2
left_child=10 4 7 5 6 -4 -2 -3 -9 -8 12 -6 -1 -14
right_child=1 2 3 -5 11 -7 9 8 -10 -11 -12 -13 13 -15
leaf_value=-0.051141228141143816 -0.045715678053916672 -0.046127628466777384 0.021088468124925968 -0.067276393665794382 0.028569347108036675 -0.071430146883947138 -0.019737710814506843 -0.0251560414586115 0.0018855704181196997 0.010474524138380698 0.012254410023586709 -0.0041106396311121384 -0.045821955837925574 0.010421570317562287
leaf_weight=765.36545298180499 176.81612057900202 44.254421404992172 2902.176400485936 27.680994099282543 103.59630014150753 20.521573462880042 332.7445500501417 85.488984941592207 246.40907311627234 58.13386231745244 7.7475704033859065 20.269347872177605 58.535312753803737 19.832512177570607
leaf_count=1003179 351429 58697 147653 13037 1433 15315 140884 105965 40187 14580 457 544 120383 33609
internal_value=1.6928e-10 0.0104133 0.0159722 0.0193837 -0.0162487 0.020318 -0.0249991 -0.0106894 -0.00534968 -0.0151688 -0.0489138 0.0232696 -0.0495444 -0.0318171
internal_weight=4869.57 4018.09 3326.53 2950.38 691.56 2922.7 567.695 376.152 331.898 390.878 851.481 123.866 843.733 78.3678
internal_count=2047352 889724 380854 176005 508870 162968 506893 204849 146152 155464 1157628 1977 1157171 153992
is_linear=0
shrinkage=0.05


Tree=34
num_leaves=15
num_cat=0
split_feature=3 9 5 4 9 9 4 1 2 7 9 4 9 3
split_gain=949.55 223.933 149.39 62.3205 57.8194 105.678 55.4474 49.9289 47.3074 29.5142 20.0365 13.8976 8.30132 6.88939
threshold=0.75888734708961636 0.87874509726726491 0.011900411551593748 0.75000000000000011 0.86036735922914809 0.85960163550938418 0.41666666666666669 0.33184523809523814 1.0000000180025095e-35 1.0000000180025095e-35 0.86036735922914809 0.41666666666666669 0.87772888459058696 0.67195765311140321
decision_type=2 2 2 2 2 2 2 2 2 2 2 2 2 2
left_child=11 2 9 7 5 -4 -6 8 -3 12 -11 13 -2 -1
right_child=1 3 4 -5 6 -7 -8 -9 -10 10 -12 -13 -14 -15
leaf_value=-0.051058545000857027 -0.041764968401883325 -0.011150068050756433 0.0029609634531812356 0.047977236625358258 -0.045928916306310318 0.044292975406694995 0.026989531629361255 -0.062228704961384523 0.020650869528553131 -0.0093172030767873833 -0.042065445613706426 0.011673750012322133 0.0095234425335143438 -0.031058424388941703
leaf_weight=738.14634067099723 201.94244760834772 121.53601000717026 925.81070459615148 187.19503878883552 87.838381007815769 180.87530927847547 32.439788595540449 14.479857149846792 1905.4172208124 260.70609266738757 53.289667714379902 7.6807060592982443 6.4608999239644609 76.39170549344999
leaf_count=1003179 434068 28841 122162 297 9676 1901 303 7461 73067 185163 25009 457 1776 153992
internal_value=3.49182e-10 0.010124 -0.00326377 0.0206165 0.00627906 0.00988505 -0.0259701 0.0179965 0.0187213 -0.0255242 -0.0154473 -0.0487463 -0.0399891 -0.0493838
internal_weight=4800.21 3977.99 1749.36 2228.63 1226.96 1106.69 120.278 2041.43 2026.95 522.399 313.996 822.219 208.403 814.538
internal_count=2047352 889724 780058 109666 134042 124063 9979 109369 101908 646016 210172 1157628 435844 1157171
is_linear=0
shrinkage=0.05


Tree=35
num_leaves=15
num_cat=0
split_feature=3 9 2 1 4 5 7 5 7 5 4 0 3 9
split_gain=901.075 213.1 116.937 95.8056 86.0528 76.5527 41.2481 30.9034 21.8652 16.9798 13.237 8.10605 6.94073 19.9101
threshold=0.75888734708961636 0.81958506045462565 1.0000000180025095e-35 0.33184523809523814 0.75000000000000011 0.008287516504690326 1.0000000180025095e-35 0.019387125327846946 0.29166666666666669 0.025700447158669593 0.41666666666666669 1.0000000180025095e-35 0.67195765311140321 0.85975487680249807
decision_type=2 2 2 2 2 2 2 2 2 2 2 2 2 2
left_child=10 4 7 5 6 -4 -2 8 -3 -8 12 -9 -1 -14
right_child=1 2 3 -5 -6 -7 9 11 -10 -11 -12 -13 13 -15
leaf_value=-0.050871576007209401 -0.044705501937746694 -0.057728436205177071 0.0013377541648000235 -0.064246761482134124 0.021814183033433455 0.022417602157673203 -0.019843347834791802 -0.030054831984031378 -0.017278317266566014 0.0067604645706779119 0.010830748887866705 0.01286248646152882 -0.044993774946004018 0.010641050164229277
leaf_weight=709.03661451841072 166.64681038353228 44.119281988670991 522.44934715244017 30.423133501419215 120.0869898662495 2464.9743761314458 309.87992574334203 7.9034915640950194 128.40177993197722 71.445793778795633 7.6489450787776141 76.674655042705126 55.489651744661387 19.650042113091331
leaf_count=1003179 351429 49857 170396 21107 1977 91838 153258 864 44991 2206 457 1801 120383 33609
internal_value=-1.43917e-09 0.00978887 0.0150377 0.017798 -0.0158624 0.0187395 -0.0242417 -0.0170844 -0.0289573 -0.0148358 -0.0485006 0.00739831 -0.0491443 -0.0306884
internal_weight=4734.83 3943.01 3274.95 3017.85 668.06 2987.42 547.973 257.099 172.521 381.326 791.825 84.5781 784.176 75.1397
internal_count=2047352 889724 380854 283341 508870 262234 506893 97513 94848 155464 1157628 2665 1157171 153992
is_linear=0
shrinkage=0.05


Tree=36
num_leaves=15
num_cat=0
split_feature=3 9 5 4 5 12 9 9 9 4 9 9 7 3
split_gain=858.42 196.964 91.7346 81.2485 65.8504 56.9585 51.3089 70.4645 17.1909 12.5809 11.1575 23.2669 9.12833 7.15698
threshold=0.75888734708961636 0.8584095364573453 0.010629478652205928 0.75000000000000011 0.0043653389625390492 1.0000000180025095e-35 0.84016393442622961 0.83960927772196048 0.85187187187187197 0.41666666666666669 0.81838383178790652 0.81999535510242005 1.9166666666666667 0.67195765311140321
decision_type=2 2 2 2 2 2 2 2 2 2 2 2 2 2
left_child=9 2 10 4 12 -6 7 -4 -8 13 -2 -12 -3 -1
right_child=1 3 6 -5 5 -7 8 -9 -10 -11 11 -13 -14 -15
leaf_value=-0.050703091654092772 -0.037496433492939886 -0.02556766029238898 -0.0010608347509708711 0.045781933618708838 0.0172068530264263 -0.064785151971267094 -0.056416840107789995 0.038961507215755621 -0.011974837963359726 0.010019551777535602 0.029328467935874614 -0.02559806069370904 0.0038841660585162275 -0.030129886857053225
leaf_weight=683.3446273782738 185.24276025730433 104.78970197476156 690.56164110501413 222.98595397663303 2284.4197452346853 16.584527559374692 39.58432030890981 125.75592664228316 49.340382037917152 7.5913244003022546 18.290692035312532 126.94367484683971 33.020098566215893 73.369357654089981
leaf_count=1003179 391219 47887 132294 508 105587 14009 7911 2860 6460 457 14737 150860 15392 153992
internal_value=1.63464e-10 0.00951598 -0.00696152 0.0171642 0.0144593 0.0164767 0.00130795 0.00530437 -0.0337081 -0.0482725 -0.0292951 -0.0179348 -0.0186219 -0.0489192
internal_weight=4661.82 3897.52 1235.72 2661.8 2438.81 2301 905.242 816.318 88.9247 764.305 330.477 145.234 137.81 756.714
internal_count=2047352 889724 706341 183383 182875 119596 149525 135154 14371 1157628 556816 165597 63279 1157171
is_linear=0
shrinkage=0.05


Tree=37
num_leaves=15
num_cat=0
split_feature=3 9 2 1 4 5 7 5 9 7 4 3 9 7
split_gain=814.474 186.249 105.866 88.6241 79.8746 72.571 35.1967 27.7083 22.2392 20.4882 12.0275 7.16385 18.4964 8.9821
threshold=0.75888734708961636 0.81861351403306415 1.0000000180025095e-35 0.33184523809523814 0.75000000000000011 0.025700447158669593 1.0000000180025095e-35 0.019387125327846946 0.80090909090909101 0.29166666666666669 0.41666666666666669 0.67195765311140321 0.85975487680249807 1.9166666666666667
decision_type=2 2 2 2 2 2 2 2 2 2 2 2 2 2
left_child=10 4 7 5 6 -4 -2 9 -8 -3 11 -1 -13 -14
right_child=1 2 3 -5 -6 -7 8 -9 -10 -11 -12 12 13 -15
leaf_value=-0.050535483829854504 -0.043908818856743942 -0.05652988743483163 0.014158519264569097 -0.062979150102088197 0.021214304695898557 0.035893293014431116 -0.0087771371320706486 0.0064780820461398676 -0.040505246762378683 -0.016832470063658775 0.009318578471149197 -0.044240544738883357 -0.022650444413295959 0.033222646907794813
leaf_weight=655.98905755512533 155.51019548088516 42.225096363628836 2505.7855936541673 29.789819986835937 114.14173596825276 452.94698369773687 282.93444226562133 85.019185767770978 65.078133142600564 128.92036114836083 7.5484653876628718 52.083153196785133 8.2550422886670294 11.364062938922869
leaf_count=1003179 346982 51284 267127 21586 1955 3129 112135 2740 36373 46413 457 120383 16124 17485
internal_value=2.05577e-10 0.0091971 0.0139873 0.0166343 -0.0158771 0.0175408 -0.0244111 -0.0166205 -0.0151999 -0.0279533 -0.0480499 -0.0487045 -0.0297509 0.00988764
internal_weight=4597.59 3862.35 3244.69 2988.52 617.665 2958.73 503.523 256.165 348.013 171.145 735.24 727.691 71.7023 19.6191
internal_count=2047352 889724 392279 291842 497445 270256 495490 100437 148508 97697 1157628 1157171 153992 33609
is_linear=0
shrinkage=0.05


Tree=38
num_leaves=15
num_cat=0
split_feature=3 2 5 9 9 9 9 9 9 7 3 9 4 8
split_gain=775.283 134.533 107.068 94.6653 121.09 118.706 105.539 161.227 46.3366 24.9951 34.1669 23.2062 20.8917 20.3508
threshold=0.91855220892478207 1.0000000180025095e-35 0.015825950790436864 0.91879840589518025 0.90291793313069901 0.89968483633689045 0.92457184325108865 0.93777689524313834 0.91487726204144115 0.29166666666666669 0.98694984991654777 0.91941433716343701 0.75000000000000011 0.18056881988200901
decision_type=2 2 2 2 2 2 2 2 2 2 2 2 2 2
left_child=2 9 -1 4 5 -3 -5 -8 -6 10 -2 12 -4 -11
right_child=1 3 11 6 8 -7 7 -9 -10 13 -12 -13 -14 -15
leaf_value=-0.047899765736870145 0.030820400979008428 0.0073338091302780064 -0.019695457446838323 0.043894771780256539 -0.056001216040410633 0.042915394639961892 -0.044022024046354129 0.027420685872277091 -0.0027162213011466818 -0.0037196558413719206 -0.057667079704251105 0.038044972400003506 0.027584996335507483 -0.038423356037722761
leaf_weight=776.27670039567238 9.6480180987273325 1994.20575278451 132.41296079428503 464.01183688240417 88.387671225602389 261.20862362586195 102.22444207445369 295.75465366919525 73.400418172241189 175.95078198086412 65.648065708875947 22.233831138553796 23.598512908065459 51.143671449346584
leaf_count=1381629 225 462819 24216 3945 7618 2711 4950 5460 4468 31104 95842 969 267 21129
internal_value=8.55258e-11 0.0106799 -0.0399203 0.0136281 0.0085226 0.0115405 0.0278132 0.00875148 -0.0326329 -0.0209926 -0.0451156 -0.00481001 -0.0119092 -0.0121946
internal_weight=4536.11 3581.58 954.522 3279.19 2417.2 2255.41 861.991 397.979 161.788 302.391 75.2961 178.245 156.011 227.094
internal_count=2047352 640271 1407081 491971 477616 465530 14355 10410 12086 148300 96067 25452 24483 52233
is_linear=0
shrinkage=0.05


Tree=39
num_leaves=15
num_cat=0
split_feature=3 9 5 5 9 9 9 5 1 4 4 5 10 9
split_gain=752.95 169.926 108.364 104.23 66.5102 142.769 40.2271 32.3057 30.9896 26.6756 58.9414 49.1632 24.5861 20.9438
threshold=0.91855220892478207 0.89910394193286802 0.025700447158669593 0.012824287360835617 0.88009900990099033 0.87967571245063503 0.89633022580894961 0.0058140029228421321 1.0000000180025095e-35 0.0096620612397311442 0.069047619047619066 0.017049858486835327 1.0000000180025095e-35 0.87967571245063503
decision_type=2 2 2 2 2 2 2 2 2 2 2 2 2 2
left_child=3 2 4 -1 5 -2 -6 -3 12 11 -11 -9 13 -5
right_child=1 7 -4 8 6 -7 -8 9 -10 10 -12 -13 -14 -15
leaf_value=-0.048609880109679628 -0.0058589939255032962 -0.00028784471863988202 0.025929164401203394 -0.0072190682058324851 -0.047184695656765079 0.039301798446564049 -0.0030309506122251102 0.025662147662448693 -0.047657606954255034 0.0063976692120145525 0.037047206499386365 0.05926409380245088 -0.048578418924749657 0.028805930631556165
leaf_weight=727.88420872070492 1353.6176998690753 127.65589862444904 369.81639319978422 99.626469271264796 125.16896947326313 195.88122533344722 86.650782242912101 520.17446817664313 36.581868548199054 396.99629276564519 257.20508845490986 140.11123905633576 17.670734059265669 61.144132879788231
leaf_count=1348107 562164 17805 4819 27411 20990 4051 8172 13429 19237 7143 1230 468 6746 5580
internal_value=-9.86675e-11 0.0104962 0.00151384 -0.0396224 -0.00367143 -4.19038e-05 -0.0296088 0.0237189 -0.00878527 0.0260425 0.0186374 0.0331842 0.00026564 0.00693752
internal_weight=4516.19 3573.28 2131.14 942.907 1761.32 1549.5 211.82 1442.14 215.023 1314.49 654.201 660.286 178.441 160.771
internal_count=2047352 640271 600196 1407081 595377 566215 29162 40075 58974 22270 8373 13897 39737 32991
is_linear=0
shrinkage=0.05


Tree=40
num_leaves=15
num_cat=0
split_feature=3 9 5 5 1 0 4 5 6 5 5 9 9 4
split_gain=717.871 222.813 109.532 58.8114 48.4424 46.5936 45.6019 51.6466 45.5318 35.9868 27.8109 21.8855 25.7204 10.8591
threshold=0.75888734708961636 0.87948783274886611 0.011900411551593748 0.017049858486835327 0.33184523809523814 1.5000000000000002 0.013072453861927548 0.020169839630066907 0.26998437301888584 0.0053459354618418187 0.011363975822751908 0.81838383178790652 0.81999535510242005 0.41666666666666669
decision_type=2 2 2 2 2 2 2 2 2 2 2 2 2 2
left_child=13 2 11 8 5 -4 -5 -8 9 -3 -10 -2 -13 -1
right_child=1 3 4 6 -6 -7 7 -9 10 -11 -12 12 -14 -15
leaf_value=-0.048165953642473176 -0.036644065797445079 -0.0055385889698533787 -0.001896249574014775 0.050420978861197313 -0.057912515106368689 0.018594636263544528 -0.0059064275513344743 0.029725847165795089 -0.037968768582256965 0.021229907739150969 0.0023931375801839829 0.030900941119230065 -0.019113236280505291 0.0082113699864938636
leaf_weight=662.87239697805671 192.36352469597841 146.79372108909956 788.32809950319643 202.17723145906348 26.101737945180503 422.39650280190835 123.55890873866156 533.06693694539717 53.459498309941409 794.50736197893275 156.15005218256556 23.462384068454412 319.44814319689249 7.2859914290311272
leaf_count=1157171 411364 39708 92800 1660 8093 34633 2395 4205 12441 36252 5565 15525 225083 457
internal_value=2.18284e-10 0.00846829 -0.0044523 0.019844 0.00373785 0.00529967 0.0297304 0.0230269 0.0123701 0.0170482 -0.00854566 -0.0232362 -0.0152963 -0.0474967
internal_weight=4451.97 3781.81 1772.1 2009.71 1236.83 1210.72 858.803 656.626 1150.91 941.301 209.61 535.274 342.911 670.158
internal_count=2047352 889724 787498 102226 135526 127433 8260 6600 93966 75960 18006 651972 240608 1157628
is_linear=0
shrinkage=0.05


Tree=41
num_leaves=15
num_cat=0
split_feature=3 9 5 5 9 9 12 9 9 9 1 12 9 9
split_gain=682.589 163.663 97.4544 95.8894 57.5891 126.57 34.8671 32.2429 147.882 29.9017 27.4637 23.9846 22.7274 22.3874
threshold=0.91855220892478207 0.89910394193286802 0.012824287360835617 0.02111130852819719 0.88009900990099033 0.87948783274886611 1.0000000180025095e-35 0.89993447606247778 0.91879840589518025 0.89633022580894961 1.0000000180025095e-35 1.0000000180025095e-35 0.87908805742457452 0.89986678421365907
decision_type=2 2 2 2 2 2 2 2 2 2 2 2 2 2
left_child=2 3 -1 4 5 -2 7 13 -9 -6 12 -5 -4 -3
right_child=1 6 10 11 9 -7 -8 8 -10 -11 -12 -13 -14 -15
leaf_value=-0.048222021267336934 -0.0098096101686279847 0.02565656181178862 -0.014338043628676298 0.017186650804496193 -0.050502524670183103 0.033239433249809915 -0.055835197343454837 -0.018266775986879633 0.028610173892174757 -0.0079152057611501098 -0.046729879979682254 -0.053093546516978056 0.021692257850865173 0.052412488846159233
leaf_weight=677.43950007852982 1021.8047304324209 213.13782930269372 108.3847978081285 696.14543663649238 98.768814438488334 199.82658832293237 9.2933479665953183 206.85104035686527 832.5061869432102 71.957943032422918 34.271625241977745 7.6220182388497042 66.285951740399469 141.2808303546044
leaf_count=1348107 546808 3143 32791 16262 20520 5470 5759 15605 14795 7958 19237 3178 6946 773
internal_value=1.30201e-10 0.00993756 -0.0390665 0.00107858 -0.00652228 -0.00266114 0.0231217 0.0238458 0.019238 -0.0332888 -0.00894877 0.0160563 -0.000441713 0.036903
internal_weight=4385.58 3499.19 886.382 2096.13 1392.36 1221.63 1403.07 1393.78 1039.36 170.727 208.942 703.767 174.671 354.419
internal_count=2047352 640271 1407081 600196 580756 552278 40075 34316 30400 28478 58974 19440 39737 3916
is_linear=0
shrinkage=0.05


Tree=42
num_leaves=15
num_cat=0
split_feature=3 9 5 5 0 6 2 6 4 5 12 7 9 6
split_gain=650.447 226.534 96.7667 61.9691 42.8872 52.7705 35.1538 35.526 35.0968 37.8895 24.2077 23.024 16.7465 13.6617
threshold=0.72982947437623247 0.87908805742457452 0.011900411551593748 0.017049858486835327 1.5000000000000002 0.17945771399788554 1.0000000180025095e-35 0.26998437301888584 0.013072453861927548 0.019387125327846946 1.0000000180025095e-35 1.0000000180025095e-35 0.86036735922914809 0.3850600539239139
decision_type=2 2 2 2 2 2 2 2 2 2 2 2 2 2
left_child=-1 2 11 6 5 -4 13 -8 -5 -10 -6 -2 -13 -3
right_child=1 3 4 8 10 -7 7 -9 9 -11 -12 12 -14 -15
leaf_value=-0.048090471970268743 -0.037199804433708565 -0.032166749687992068 0.016090813084085796 0.047685416648587886 0.016792360100523915 -0.012816751911997446 0.017771811928942956 -0.0059334111279300871 -0.007043755658741848 0.028113771907434099 -0.055169852353216545 -0.0091432646004648149 -0.038021526162671113 0.020452912306332519
leaf_weight=600.13729867134316 193.7274875090734 56.060026375333109 214.00843375315526 199.96394689392764 414.08628453644633 562.31702551023409 920.35877535286272 188.04475852034739 86.588150801806478 560.96466996034724 7.2467195987701407 257.75044470860303 59.112294486974861 11.794132883536802
leaf_count=1112616 461456 29219 14663 1857 34432 84172 58937 13826 1943 5009 4842 194514 27871 1995
internal_value=-6.8389e-10 0.0077873 -0.0056139 0.0190851 0.00217407 -0.00479587 0.0115803 0.0137415 0.0293719 0.0233947 0.0149221 -0.0237256 -0.0150376 -0.0222446
internal_weight=4332.16 3732.02 1708.25 2023.77 1197.66 776.325 1176.26 1108.4 847.517 647.553 421.333 510.59 316.863 67.8542
internal_count=2047352 934736 821950 112786 138109 98835 103977 72763 8809 6952 39274 683841 222385 31214
is_linear=0
shrinkage=0.05


Tree=43
num_leaves=15
num_cat=0
split_feature=3 9 5 5 9 9 12 4 2 9 9 5 6 5
split_gain=621.066 213.319 88.1562 58.8982 55.4142 112.786 41.745 36.1295 34.6995 21.3871 22.7993 19.2039 33.3099 4.35827
threshold=0.72982947437623247 0.87874509726726491 0.011194179049388884 0.0087526712556947849 0.86036735922914809 0.85960163550938418 1.0000000180025095e-35 0.41666666666666669 1.0000000180025095e-35 0.93920700722386374 0.91990643968820274 0.0042714559386900133 1.0000000180025095e-35 0.0036232733773826037
decision_type=2 2 2 2 2 2 2 2 2 2 2 2 2 2
left_child=-1 2 11 9 5 -4 8 -6 -5 10 -3 -2 -13 -11
right_child=1 3 4 6 7 -7 -8 -9 -10 13 -12 12 -14 -15
leaf_value=-0.047970153317178986 -0.04002243722188896 0.003537579383410731 -0.0020042255522990937 -0.0058710874346145029 -0.045311530093553945 0.042046272139552754 -0.056959372695388234 0.018611672920131772 0.025599949909291011 -0.01056272502866696 -0.028729149267756167 -0.0062878922020557747 -0.040363038163020233 0.032731503219802852
leaf_weight=578.06914788185532 133.61423682673194 349.1577904228543 915.69923189974725 91.33098189080556 89.343552682148584 167.63038700815378 11.600773039830527 25.800448454567231 1469.8659649253823 4.1010782232842748 59.770289448115363 227.70963197322271 101.32192416256294 56.697746885667584
leaf_count=1112616 310613 64360 141051 7670 11299 2164 8054 305 21649 1518 9061 193768 159979 3245
internal_value=-2.64581e-10 0.00754182 -0.00575639 0.0183445 0.00142219 0.00497384 0.0229721 -0.0308097 0.023746 0.00277084 -0.00146869 -0.0241687 -0.0172281 0.0292304
internal_weight=4281.71 3703.64 1661.12 2042.52 1198.47 1083.33 1572.8 115.144 1561.2 469.727 408.928 462.646 329.032 60.7988
internal_count=2047352 934736 819179 115557 154819 143215 37373 11604 29319 78184 73421 664360 353747 4763
is_linear=0
shrinkage=0.05


Tree=44
num_leaves=15
num_cat=0
split_feature=3 9 5 5 0 4 7 9 5 4 5 9 4 4
split_gain=590.043 152.305 86.0468 76.7734 61.41 44.4285 42.9687 41.5602 40.1773 28.2142 37.4768 25.2744 20.8198 19.0836
threshold=0.91855220892478207 0.8584095364573453 0.012824287360835617 0.01452061899159523 1.5000000000000002 0.0096620612397311442 1.0000000180025095e-35 0.84016393442622961 0.0043653389625390492 0.009569597069597072 0.025700447158669593 0.91941433716343701 0.0090499590499590523 0.75000000000000011
decision_type=2 2 2 2 2 2 2 2 2 2 2 2 2 2
left_child=2 4 -1 5 6 8 -2 -8 -3 12 -11 13 -5 -4
right_child=1 3 11 9 -6 -7 7 -9 -10 10 -12 -13 -14 -15
leaf_value=-0.047633225291588394 -0.038679981643917033 -0.014850869012189537 -0.022783921638060048 0.02872459085987665 0.011678322379464645 -0.014575533389167639 -0.003556887452965079 -0.044149113894953899 0.015420538109378351 0.013525261740180559 0.034318020728761486 0.031823895258718919 0.060599186918646346 0.024425408301076069
leaf_weight=606.06463845170583 143.54773634579033 123.55375321776955 155.86528300293321 192.26141581239062 313.53317351470469 201.15477163161268 524.51620699015621 66.859747663387679 771.29044875323598 672.15438938325678 324.20097048796015 26.659209514044051 78.23491894925246 20.512947663315572
leaf_count=1348107 256747 44524 56094 3087 88641 16684 137432 22481 55304 13245 1899 2605 227 275
internal_value=3.01437e-10 0.00911553 -0.0382525 0.0161426 -0.0067225 0.00640951 -0.0145985 -0.00847783 0.0111816 0.0245048 0.0204285 -0.00977929 0.0388761 -0.0167715
internal_weight=4220.41 3411.31 809.102 2362.85 1048.46 1096 734.924 591.376 894.844 1266.85 996.355 203.037 270.496 176.378
internal_count=2047352 640271 1407081 134970 505301 116512 416660 159913 99828 18458 15144 58974 3314 56369
is_linear=0
shrinkage=0.05


Tree=45
num_leaves=15
num_cat=0
split_feature=3 9 5 9 9 4 12 6 5 5 6 8 3 3
split_gain=560.229 195.793 103.938 56.6571 66.9695 42.7251 37.378 34.4533 38.9413 31.613 23.6161 13.4338 4.89434 13.4543
threshold=0.72982947437623247 0.89910394193286802 0.010897449118545618 0.81883551427215406 0.81999535510242005 0.75000000000000011 1.0000000180025095e-35 1.0000000180025095e-35 0.0042714559386900133 0.0068552143858946106 1.0000000180025095e-35 0.20356139049611394 0.67195765311140321 0.67410326685729094
decision_type=2 2 2 2 2 2 2 2 2 2 2 2 2 2
left_child=12 2 7 5 -5 -4 9 8 -2 11 -11 -3 -1 -14
right_child=1 6 3 4 -6 -7 -8 -9 -10 10 -12 -13 13 -15
leaf_value=-0.049033454436953061 -0.034473409685351807 -0.0060222610283246856 -0.019656851439611513 0.048831850913162271 0.0065135989595114215 0.016726958644618713 -0.055746537346903394 -0.041974876242840138 -0.0038454940468419076 0.03273097457072098 0.01832511007517831 0.020475485682323182 0.044603405368804722 -0.03352424143323756
leaf_weight=495.68036679651595 144.3667353655328 125.56476963388195 327.58155345237174 97.601873556282953 1085.4616434495474 102.30921766991378 10.823591959375333 129.66862437567761 345.02020012464345 588.67735810083832 602.10666462061999 70.737017466512043 1.9518150554395095 37.41435842219289
leaf_count=1003523 275834 21848 100181 3360 70374 1953 8109 216499 209658 9817 9729 7374 9810 99283
internal_value=-2.7368e-10 0.00705983 -0.0021356 0.00455546 0.0101956 -0.0109052 0.0216973 -0.019466 -0.0131378 0.0224996 0.0255539 0.00379757 -0.047518 -0.0250604
internal_weight=4164.97 3629.92 2232.01 1612.95 1183.06 429.891 1397.91 619.056 489.387 1387.09 1190.78 196.302 535.047 39.3662
internal_count=2047352 934736 877859 175868 73734 102134 56877 701991 485492 48768 19546 29222 1112616 109093
is_linear=0
shrinkage=0.05


Tree=46
num_leaves=15
num_cat=0
split_feature=3 9 2 1 5 12 0 6 5 6 5 7 2 4
split_gain=536.153 187.559 79.7793 70.1484 61.4437 60.3013 27.1831 25.1003 22.1296 19.2991 14.4323 12.5275 10.4285 5.54711
threshold=0.72982947437623247 0.83892904761222076 1.0000000180025095e-35 0.24880952380952384 0.022139315087324769 1.0000000180025095e-35 1.5000000000000002 0.24079727828979147 0.025700447158669593 0.21795049996510099 0.019387125327846946 0.29166666666666669 1.0000000180025095e-35 0.01739261947973382
decision_type=2 2 2 2 2 2 2 2 2 2 2 2 2 2
left_child=-1 4 10 5 6 -4 9 -6 -9 -2 11 -3 -8 -12
right_child=1 2 3 -5 7 -7 12 8 -10 -11 13 -13 -14 -15
leaf_value=-0.047454382100402467 -0.018695690017056444 -0.052038132450196201 0.017401987205809401 -0.061279319467853678 0.029436609558528587 -0.065520240957695972 -0.028899358663502295 -0.026375802849552984 0.0087340370472549101 -0.040328638145888759 0.025152150242099436 -0.015977860682852743 0.0017429913269586346 -0.005361477908775429
leaf_weight=515.15412185280366 257.00275586613134 29.34568529326134 2467.8629904565496 24.393278306590219 79.110243128059665 17.326252536702668 29.694870083676506 63.094833606810425 127.0170358082687 189.12711159560422 14.965349248202982 109.71092701749512 136.60362239876849 54.130045145531767
leaf_count=1112616 278038 34281 175803 18358 1350 15129 40260 6880 3111 211848 407 40444 107139 1688
internal_value=-2.8033e-10 0.00684821 0.0133446 0.0158152 -0.0131395 0.0166935 -0.0218374 0.00668402 -0.00329562 -0.0282118 -0.0161151 -0.0251298 -0.00441245 0.00249877
internal_weight=4114.54 3599.39 2717.73 2509.58 881.65 2485.19 612.428 269.222 190.112 446.13 208.152 139.057 166.298 69.0954
internal_count=2047352 934736 286110 209290 648626 190932 637285 11341 9991 489886 76820 74725 147399 2095
is_linear=0
shrinkage=0.05


Tree=47
num_leaves=15
num_cat=0
split_feature=3 9 5 1 12 9 9 9 6 5 9 9 4 6
split_gain=509.713 179.592 93.8445 53.8079 46.6959 36.7552 180.634 64.3876 30.0368 35.2568 19.2101 14.0903 14.2355 8.32936
threshold=0.72982947437623247 0.89910394193286802 0.010897449118545618 0.24880952380952384 1.0000000180025095e-35 0.90291793313069901 0.91879840589518025 0.92457184325108865 1.0000000180025095e-35 0.0042714559386900133 0.91487726204144115 0.89986678421365907 0.0042826748835332537 0.44775163094035225
decision_type=2 2 2 2 2 2 2 2 2 2 2 2 2 2
left_child=-1 2 8 4 -4 11 10 -8 9 -2 -7 12 -3 -13
right_child=1 5 3 -5 -6 6 7 -9 -10 -11 -12 13 -14 -15
leaf_value=-0.047276589256596807 -0.033860136508347127 0.00075213584978167257 0.0064796976281652555 -0.056881820180236867 -0.068549495118239892 -0.046865479038844589 0.037912616483922496 0.0098758590996576474 -0.04073436003354175 -0.0043204140857705286 -0.011740676126609189 0.045403400255260323 0.031054368110779343 -0.010795337840918016
leaf_weight=495.08305822342754 139.31128579160577 51.981290362647997 1532.1365666228776 30.395927068522724 16.048541335796472 90.15261945687962 440.12695544937378 387.94211695297054 122.10384940093718 342.74257392651998 73.254527285189397 183.70929157149658 150.32933224383305 5.0428207196528083
leaf_count=1112616 275834 2984 153244 12251 10373 14240 6692 18451 216499 209658 9147 3415 1833 115
internal_value=-1.07314e-09 0.00662195 -0.00231397 0.0041071 0.00548377 0.0206874 0.0154328 0.0249158 -0.0189873 -0.0131172 -0.0319353 0.0336465 0.0234745 0.0436621
internal_weight=4060.36 3565.28 2182.74 1578.58 1548.19 1382.54 991.476 828.069 604.158 482.054 163.407 391.063 202.311 188.752
internal_count=2047352 934736 877859 175868 163617 56877 48530 25143 701991 485492 23387 8347 4817 3530
is_linear=0
shrinkage=0.05


Tree=48
num_leaves=15
num_cat=0
split_feature=3 9 5 5 9 9 4 5 6 5 4 5 5 6
split_gain=485.277 177.676 68.1261 54.067 44.8093 64.5287 37.5103 34.9748 31.4285 38.7521 31.2543 38.4119 30.4621 12.9477
threshold=0.72982947437623247 0.87948783274886611 0.01866866413272188 0.017049858486835327 0.81936858682055813 0.86036735922914809 0.013072453861927548 0.025700447158669593 0.16035674674661324 0.0068552143858946106 0.032795698924731186 0.025700447158669593 0.011194179049388884 0.19849139406439678
decision_type=2 2 2 2 2 2 2 2 2 2 2 2 2 2
left_child=-1 2 4 8 13 -6 -5 -8 9 -3 -4 -12 -10 -2
right_child=1 3 10 6 5 -7 7 -9 12 -11 11 -13 -14 -15
leaf_value=-0.047082251651649663 -0.021500132943167858 -0.0014100461064019726 0.023711675128710398 0.046333765866255913 0.0032529553688179173 -0.032674347748865788 0.009909830281773474 0.03492839073649167 -0.030774278514022799 0.022325301665880065 -0.012507059563143004 0.01372136103913082 0.0052026401845918571 -0.043984823390910241
leaf_weight=476.75447116355463 205.71072344525601 248.29137881171482 180.30741787952138 189.31167445995379 456.70786977327953 166.67832668553092 339.07600110919157 239.74030465117539 73.422027607059135 550.28628805798144 288.49252015846287 261.20744132637628 231.48851724886117 105.81253249700603
leaf_count=1112616 308222 51441 8504 1732 216244 65310 5385 1347 16555 23359 23524 4927 7954 200232
internal_value=-8.83202e-11 0.0064046 -0.00547093 0.016955 -0.0143758 -0.00653668 0.0271123 0.0204827 0.00979421 0.0149827 0.00595361 -3.245e-05 -0.00381728 -0.0297115
internal_weight=4013.29 3536.53 1664.92 1871.62 934.909 623.386 768.128 578.816 1103.49 798.578 730.007 549.7 304.911 311.523
internal_count=2047352 934736 826963 107773 790008 281554 8464 6732 99309 74800 36955 28451 24509 508454
is_linear=0
shrinkage=0.05


Tree=49
num_leaves=15
num_cat=0
split_feature=3 9 5 5 0 4 5 9 9 6 4 5 5 4
split_gain=463.658 126.656 84.7137 59.8162 51.0091 38.2865 40.5459 36.5208 80.8378 32.8917 28.9476 30.1926 16.8549 15.7409
threshold=0.98694984991654777 0.8584095364573453 0.019387125327846946 0.013711352152007516 1.5000000000000002 0.009569597069597072 0.025700447158669593 0.84016393442622961 0.83960927772196048 0.30912714601523333 0.0087337909992372242 0.0043653389625390492 0.008287516504690326 0.75000000000000011
decision_type=2 2 2 2 2 2 2 2 2 2 2 2 2 2
left_child=2 4 12 10 7 9 -7 8 -2 -5 11 -3 -1 -4
right_child=1 3 13 5 -6 6 -8 -9 -10 -11 -12 -13 -14 -15
leaf_value=-0.048681839156751644 -0.016577961811444775 -0.013495184424270458 -0.0078909970676731746 0.047402874727191242 0.010830597366905254 0.0096108015313418563 0.031938965363967849 -0.044765639395461382 0.036704664131582611 0.011784123429508318 -0.012194921709619283 0.013530263666898065 -0.028415202867149127 0.03177716092253071
leaf_weight=441.364443807317 543.4622423158944 117.50963454358862 88.47893103340266 219.4216699009412 287.21084270142819 656.89659817931533 294.2634929199121 80.41123321888881 77.019210852056858 96.904842048475984 185.64323894894915 681.58681986595911 169.1499079926798 29.188484758458799
leaf_count=1208988 369088 44276 9873 1980 86541 14460 1852 39983 6743 2215 17439 51972 191719 223
internal_value=2.30593e-10 0.00811307 -0.0359114 0.0146508 -0.00678738 0.0218145 0.0166494 -0.0140324 -0.00972355 0.0368444 0.00536659 0.00949688 -0.0433432 0.00284322
internal_weight=3968.51 3240.33 728.182 2252.23 988.104 1267.49 951.16 700.893 620.481 316.327 984.74 799.096 610.514 117.667
internal_count=2047352 636549 1410803 134194 502355 20507 16312 415814 375831 4195 113687 96248 1400707 10096
is_linear=0
shrinkage=0.05


Tree=50
num_leaves=15
num_cat=0
split_feature=3 9 2 1 9 9 9 9 9 9 5 4 4 4
split_gain=440.149 169.715 83.4641 65.1666 60.501 31.1076 117.754 53.4888 32.4899 19.3086 16.0771 20.2096 12.8942 10.5049
threshold=0.72982947437623247 0.89910394193286802 1.0000000180025095e-35 0.24880952380952384 0.88009900990099033 0.89993447606247778 0.91879840589518025 0.92457184325108865 0.90291793313069901 0.89986678421365907 0.01655926846576343 0.025978407557354928 0.0042826748835332537 0.0035273478325785102
decision_type=2 2 2 2 2 2 2 2 2 2 2 2 2 2
left_child=-1 2 10 4 -4 9 8 -8 -7 12 13 -12 -3 -2
right_child=1 5 3 -5 -6 6 7 -9 -10 -11 11 -13 -14 -15
leaf_value=-0.046758183137859261 -0.018868272163655483 0.00018501591865691645 0.0059805558107566062 -0.055156330414243393 -0.022153834725612775 0.016960395981075956 0.035988365191326983 0.0099610811559412149 -0.029386681558516998 0.047031080859077243 0.015107199905567074 -0.027251450858680706 0.029304129477892956 -0.047939118559297077
leaf_weight=441.0448943504789 57.687221815322118 51.038717538838682 1598.6470818015878 45.129039494964672 211.99098093344583 45.94763804039394 424.59867713374842 374.84766673533159 154.25011580710998 142.34523454761802 38.586922717251582 78.412963980037603 144.74351565210236 101.83698021071905
leaf_count=1112616 81656 2984 564151 53086 28348 2393 6692 18451 23387 1137 2750 7676 1833 140192
internal_value=4.89767e-10 0.00600169 -0.00276075 0.00108481 0.00263462 0.0199265 0.0153572 0.0239224 -0.0185954 0.0330148 -0.0281295 -0.0132348 0.0219067 -0.0383194
internal_weight=3911.11 3470.06 2132.29 1855.77 1810.64 1337.77 999.644 799.446 200.198 338.127 276.524 117 195.782 159.524
internal_count=2047352 934736 877859 645585 592499 56877 50923 25143 25780 5954 232274 10426 4817 221848
is_linear=0
shrinkage=0.05


Tree=51
num_leaves=15
num_cat=0
split_feature=3 9 7 9 9 4 5 9 9 9 4 9 5 2
split_gain=419.813 170.706 65.4244 60.8629 114.615 55.4593 52.8845 30.5825 62.4295 33.7095 29.7536 29.5683 28.1682 20.9331
threshold=0.72982947437623247 0.87908805742457452 1.0000000180025095e-35 0.86036735922914809 0.85960163550938418 0.75000000000000011 0.017049858486835327 0.91941433716343701 0.89993447606247778 0.92457184325108865 0.013072453861927548 0.87681591724553087 0.025700447158669593 1.0000000180025095e-35
decision_type=2 2 2 2 2 2 2 2 2 2 2 2 2 2
left_child=-1 2 5 4 -4 -2 7 8 -3 -9 13 -5 -12 -8
right_child=1 6 3 11 -6 -7 10 9 -10 -11 12 -13 -14 -15
leaf_value=-0.046616472597690597 -0.03473411050442636 0.010215656075833694 -0.0038813145272533194 -0.046533058182732255 0.039610805060216185 0.018278471523160224 -0.036150604142847473 0.032319575436356135 -0.026719103566912258 0.0050344612595643566 0.010727783799786764 -0.002971155715021369 0.033546184562053959 0.046493099169521795
leaf_weight=424.51632206873001 279.06693855312733 517.59812331751527 912.82240543243097 94.099371120461001 176.46683008920809 56.406437513272977 4.4780144888500208 228.03768666312317 141.50306030432148 224.3694433720957 334.69652102775581 65.372499072516803 230.7038047532842 180.88839014750556
leaf_count=1112616 517030 57142 261685 26902 5139 1541 410 4275 25549 17011 5554 9653 1398 1447
internal_value=3.53465e-10 0.0058011 -0.00625407 -0.000952968 0.00331328 -0.0256831 0.0160457 0.00905563 0.00214463 0.0189906 0.0262661 -0.0293089 0.020251 0.0435996
internal_weight=3871.03 3446.51 1584.23 1248.76 1089.29 335.473 1862.28 1111.51 659.101 452.407 750.767 159.472 565.4 185.366
internal_count=2047352 934736 821950 303379 266824 518571 112786 103977 82691 21286 8809 36555 6952 1857
is_linear=0
shrinkage=0.05


Tree=52
num_leaves=15
num_cat=0
split_feature=3 9 5 2 9 9 5 7 5 9 5 9 9 9
split_gain=401.491 122.82 73.2633 60.1054 52.6004 110.042 31.9458 26.545 25.6276 24.3593 22.9125 21.6505 51.6393 45.2066
threshold=0.98694984991654777 0.89910394193286802 0.019387125327846946 1.0000000180025095e-35 0.88009900990099033 0.87967571245063503 0.008287516504690326 0.45000000000000007 0.0074033654963961875 0.89633022580894961 0.0071943516069347489 0.92457184325108865 0.93920700722386374 0.91974600294513209
decision_type=2 2 2 2 2 2 2 2 2 2 2 2 2 2
left_child=2 3 -1 7 5 -5 8 -2 10 -6 -3 13 -13 -8
right_child=1 6 -4 4 9 -7 11 -9 -10 -11 -12 12 -14 -15
leaf_value=-0.042490708685761658 -0.054066411781673041 0.0025992518150898826 0.0015220072948116767 0.00052202933657017638 -0.035793119785824383 0.040140856817130116 0.01913496177677472 -0.014144901984176448 -0.040015827808951833 -0.00079403234500511819 0.041923604852657517 -0.020431036471641628 0.026049684190665875 0.046136435576141499
leaf_weight=554.59074065029199 53.576548810422537 214.57871185154363 113.36875309097195 1282.7443416732749 113.63828177123651 198.0273179072974 474.34361483311659 164.72978890500963 24.156612674269127 85.974285821503145 39.969916912996268 83.418117868015543 182.13826602253539 236.28146119392477
leaf_count=1400707 95932 22279 10096 432248 16998 2744 9068 42814 2150 6012 638 2471 2201 994
internal_value=-3.48098e-10 0.00747085 -0.0350649 -0.000559216 0.00267195 0.00593761 0.0195746 -0.0249336 0.00454456 -0.0211066 0.00946274 0.0238208 0.0113411 0.0283725
internal_weight=3821.54 3153.58 667.959 1898.69 1680.38 1480.77 1254.89 218.306 278.705 199.613 254.549 976.181 265.556 710.625
internal_count=2047352 636549 1410803 596748 458002 434992 39801 138746 25067 23010 22917 14734 4672 10062
is_linear=0
shrinkage=0.05


Tree=53
num_leaves=15
num_cat=0
split_feature=3 9 5 0 7 12 2 7 4 0 9 1 12 4
split_gain=383.87 167.217 59.6038 46.83 47.2533 43.6286 41.4398 29.5222 27.5724 29.9583 21.0885 16.2826 12.3872 6.68375
threshold=0.72982947437623247 0.85960163550938418 0.008287516504690326 1.5000000000000002 1.0000000180025095e-35 1.0000000180025095e-35 1.0000000180025095e-35 2.9000000000000004 0.0036563193497500071 1.5000000000000002 0.89968483633689045 0.33184523809523814 1.0000000180025095e-35 0.75000000000000011
decision_type=2 2 2 2 2 2 2 2 2 2 2 2 2 2
left_child=-1 3 8 4 13 6 -4 -6 10 -10 -3 12 -5 -2
right_child=1 2 5 11 7 -7 -8 -9 9 -11 -12 -13 -14 -15
leaf_value=-0.046320398016612294 -0.041903282367262401 -0.010703866718347501 -0.0088026369684229364 0.0088727753068197183 -0.0062641495280084773 -0.058349295078900569 0.020781418678186829 -0.042113767126586724 -0.035234764710684603 0.013971485950958826 0.015331684519326023 -0.04092164621174757 -0.046899329658829002 -0.0047576753114304312
leaf_weight=395.05478994929763 160.00812115237022 119.6896982840135 125.09898940852872 348.96566085926861 582.16462374812545 13.884077933998922 1600.056821198159 59.115384477263433 97.17319825607774 41.130506845778655 203.3833274208373 13.389732706753419 5.335727328209031 14.550453797855878
leaf_count=1112616 373977 52350 13167 152999 174292 11169 38517 24412 32109 13011 23510 20070 4163 990
internal_value=-1.25192e-10 0.00546798 0.0136087 -0.00966088 -0.0163073 0.0178369 0.0186169 -0.00986914 -0.0023486 -0.0206243 0.0056701 0.00510713 0.0073919 -0.0390257
internal_weight=3779 3383.95 2200.42 1183.53 815.839 1739.04 1725.16 641.28 461.377 138.304 323.073 367.691 354.301 174.559
internal_count=2047352 934736 183833 750903 573671 62853 51684 198704 120980 45120 75860 177232 157162 374967
is_linear=0
shrinkage=0.05


Tree=54
num_leaves=15
num_cat=0
split_feature=3 9 1 2 12 5 6 9 9 5 9 5 5 9
split_gain=364.125 155.16 68.175 64.5244 51.7386 44.2992 24.7225 21.4071 126.484 17.4091 13.8125 9.46439 4.50994 9.8387
threshold=0.72982947437623247 0.83892904761222076 0.24880952380952384 1.0000000180025095e-35 1.0000000180025095e-35 0.022139315087324769 0.24079727828979147 0.81999535510242005 0.81979756566566164 0.025700447158669593 0.83549474447263516 0.0059172270807782961 0.011900411551593748 0.85975487680249807
decision_type=2 2 2 2 2 2 2 2 2 2 2 2 2 2
left_child=12 5 3 11 -5 7 -7 8 -2 -8 -9 -3 -1 -14
right_child=1 2 -4 4 -6 6 9 10 -10 -11 -12 -13 13 -15
leaf_value=-0.048143086374990283 -0.02495107744776362 -0.042008222218328672 -0.060727988442725117 0.01534790512550876 -0.062929544393044975 0.027138747965953138 -0.027019866671186374 -0.050784623379522199 0.058074067023244025 0.0049932926614742025 -0.013506944672744712 -0.010334365099737387 -0.042336574188502819 0.005933238306920937
leaf_weight=341.48013806896779 402.74957366693707 23.83104044006177 27.466288521360184 2291.1790142966347 16.483658987544914 74.456217269755143 60.295093297158019 82.156930467901475 46.914097658409446 118.01607754598081 41.233367546043155 168.01816687934661 22.305929031547748 15.421633629169262
leaf_count=1068933 527029 41076 23561 175803 15129 1350 6880 82467 2736 3111 25053 30541 30284 13399
internal_value=-1.50483e-10 0.00527592 0.0114214 0.0123339 0.0146539 -0.0134846 0.00390403 -0.021122 -0.0157455 -0.00627354 -0.0393387 -0.0152359 -0.0461092 -0.0242203
internal_weight=3732.01 3352.8 2526.98 2499.51 2307.66 825.821 252.767 573.054 449.664 178.311 123.39 191.849 379.208 37.7276
internal_count=2047352 934736 286110 262549 190932 648626 11341 637285 529765 9991 107520 71617 1112616 43683
is_linear=0
shrinkage=0.05


Tree=55
num_leaves=15
num_cat=0
split_feature=3 9 5 2 9 9 9 9 9 9 7 9 4 9
split_gain=349.935 114.12 64.1708 53.3493 47.6362 100.791 29.7591 93.7609 36.5373 27.2028 22.6925 21.6736 20.3529 19.9095
threshold=0.98694984991654777 0.89910394193286802 0.012824287360835617 1.0000000180025095e-35 0.88009900990099033 0.87967571245063503 0.89993447606247778 0.91879840589518025 0.92457184325108865 0.90291793313069901 0.45000000000000007 0.89633022580894961 0.75000000000000011 0.89986678421365907
decision_type=2 2 2 2 2 2 2 2 2 2 2 2 2 2
left_child=2 3 -1 10 5 -5 -3 9 -9 -8 -2 -6 13 -4
right_child=1 6 12 4 11 -7 7 8 -10 -11 -12 -13 -14 -15
leaf_value=-0.045303948896520063 -0.052702935962361669 0.031760036844448801 -0.024926568697895838 2.9545520498744263e-05 -0.035020940880543562 0.038380026726473337 0.015023077430788265 0.032154523618378054 0.0096490039326824484 -0.029638883693390836 -0.014446788505519665 -0.001509911944962956 0.026875206935147312 0.017166539012215751
leaf_weight=417.95474174482297 48.706456887488457 319.43976413845667 137.18167153033937 1260.4205131316921 109.481392499707 193.2776640226657 41.959284104930703 388.88836200823425 343.74826048740942 131.64810814589146 163.48993392988632 84.209631778030598 26.81582677802362 31.226546668176525
leaf_count=1350225 95932 4449 54942 432248 16998 2744 1600 4945 13181 15626 42814 6012 324 5312
internal_value=-2.83919e-10 0.00686952 -0.0343407 -0.000944597 0.00212017 0.00524254 0.0186806 0.0139213 0.0217321 -0.0187261 -0.024239 -0.0208562 -0.0103242 -0.0168517
internal_weight=3698.45 3085.27 613.179 1859.59 1647.39 1453.7 1225.68 906.244 732.637 173.607 212.196 193.691 195.224 168.408
internal_count=2047352 636549 1410803 596748 458002 434992 39801 35352 18126 17226 138746 23010 60578 60254
is_linear=0
shrinkage=0.05


Tree=56
num_leaves=15
num_cat=0
split_feature=3 9 9 9 2 5 0 4 9 6 8 4 5 4
split_gain=331.209 151.688 52.7708 136.748 49.7669 43.2571 39.7382 29.8712 29.7988 25.3381 14.4789 13.4229 12.1914 6.43022
threshold=0.72982947437623247 0.87908805742457452 0.86036735922914809 0.85960163550938418 1.0000000180025095e-35 0.017049858486835327 1.5000000000000002 0.013072453861927548 0.87681591724553087 0.26998437301888584 1.0000000180025095e-35 0.75000000000000011 0.025700447158669593 0.41666666666666669
decision_type=2 2 2 2 2 2 2 2 2 2 2 2 2 2
left_child=-1 2 3 6 10 9 -2 -7 11 -6 12 -4 -3 -12
right_child=1 4 8 -5 5 7 -8 -9 -10 -11 13 -13 -14 -15
leaf_value=-0.045726966615413742 -0.015646045550216616 -0.015411104290613768 -0.050781332596596111 0.036667527627135557 0.013966038156738024 0.044694191592806347 0.0042648840602416867 0.020228732799611498 -0.0054022340258321182 -0.0069873803969814838 -0.057282332005193892 0.0057729340107232595 0.028836325843386496 0.0075307360153369684
leaf_weight=352.42732955922747 791.67072066768196 71.164892503446026 108.12255374942106 182.1476425142082 833.9287977565873 172.75887953638448 362.94948313960958 489.5785419553722 75.060205674359167 171.03155703125231 19.94086649816018 10.504671898903323 14.736172912875189 3.2540647196583441
leaf_count=1112616 573671 20655 49567 7455 58937 1447 177232 5785 13883 13826 11972 142 149 15
internal_value=-1.95697e-10 0.00493503 -0.00659137 -0.00300592 0.0148562 0.0170041 -0.00939574 0.0268972 -0.0306386 0.0103831 -0.0172765 -0.0457424 -0.00665192 -0.0484666
internal_weight=3659.28 3306.85 1530.46 1336.77 1776.39 1667.3 1154.62 662.337 193.687 1004.96 109.096 118.627 85.9011 23.1949
internal_count=2047352 934736 821950 758358 112786 79995 750903 7232 63592 72763 32791 49709 20804 11987
is_linear=0
shrinkage=0.05


Tree=57
num_leaves=15
num_cat=0
split_feature=3 9 5 5 4 5 9 9 6 4 5 0 9 1
split_gain=316.212 103.577 60.6852 50.8344 51.6229 41.6526 37.8798 155.075 29.2042 28.265 31.9857 25.4831 23.7822 19.5759
threshold=0.98694984991654777 0.83960927772196048 0.012824287360835617 0.013711352152007516 0.009569597069597072 0.019387125327846946 0.81999535510242005 0.81979756566566164 0.30912714601523333 0.0088890644753476626 0.0042714559386900133 1.5000000000000002 0.83464876957494416 1.0000000180025095e-35
decision_type=2 2 2 2 2 2 2 2 2 2 2 2 2 2
left_child=2 6 -1 9 8 -6 7 11 -5 10 -3 -2 -8 -4
right_child=1 3 13 4 5 -7 12 -9 -10 -11 -12 -13 -14 -15
leaf_value=-0.044864846786880609 -0.021879310173720946 -0.015878063960403803 -0.0030248033791062559 0.045335953787397104 -0.0025797352371264301 0.019435874467999423 -0.05001137353432631 0.05907252841072113 0.011583399300934064 -0.013381598077832631 0.011438878028787014 0.0037305741083641687 -0.011314092166775484 -0.045755003961135028
leaf_weight=389.72785424720769 341.06458644516533 121.7065677868668 163.03445618934347 222.42146516873618 315.28947624985449 662.25333758984925 78.398869436517998 78.630293598565913 95.192782748112222 200.19928867174895 705.02337744995748 133.2196955495092 83.03772434860366 27.281782130096872
leaf_count=1350225 301735 63176 40871 2308 13348 10153 54568 2044 2744 28636 71623 60486 25728 19707
internal_value=8.02141e-10 0.00647547 -0.0336637 0.0115928 0.0181619 0.0123581 -0.010124 -0.00379227 0.0355562 0.00326003 0.00734615 -0.014722 -0.0310446 -0.0101647
internal_weight=3616.48 3036.44 580.044 2322.09 1295.16 977.543 714.351 552.915 317.614 1026.93 826.73 474.284 161.437 190.316
internal_count=2047352 636549 1410803 191988 28553 23501 444561 364265 5052 163435 134799 362221 80296 60578
is_linear=0
shrinkage=0.05


Tree=58
num_leaves=15
num_cat=0
split_feature=3 9 5 5 9 9 1 5 10 2 2 1 0 9
split_gain=302.962 99.082 58.7534 48.8421 53.882 67.1379 28.4711 27.2067 22.9424 20.989 18.1018 17.2302 16.98 15.6838
threshold=0.98694984991654777 0.89910394193286802 0.008287516504690326 0.025700447158669593 0.81838383178790652 0.88009900990099033 1.0000000180025095e-35 0.0068552143858946106 1.0000000180025095e-35 1.0000000180025095e-35 1.0000000180025095e-35 0.99444444444444458 1.5000000000000002 0.89993447606247778
decision_type=2 2 2 2 2 2 2 2 2 2 2 2 2 2
left_child=2 3 -1 4 12 -6 8 -3 9 -4 13 -12 -2 -9
right_child=1 7 6 -5 5 -7 -8 10 -10 -11 11 -13 -14 -15
leaf_value=-0.047419264252415966 -0.028412103398327455 0.00012720995581792715 -0.02546534290091412 0.017980518503067033 0.0055953828924321554 -0.027026285685039703 -0.047750809401220014 0.025830338828132068 -0.048843530604378405 0.011292103286538636 0.022752430344063511 -0.046738737444705372 -0.0034870043861391677 -0.029499048480906471
leaf_weight=319.61957103708392 252.07178653363007 190.46770933509106 49.839370967232753 280.04761626125401 1010.0943753473584 181.73984894826572 46.688644923981883 15.829270163900217 22.02780151947718 128.10230069669888 955.76046895701438 4.5205095019773571 95.156019073150674 29.156817648356082
leaf_count=1208988 290379 21237 62407 4706 214874 29009 59008 428 24141 56259 14549 393 57780 3194
internal_value=-8.6658e-10 0.00631656 -0.0333901 -0.00103883 -0.0045466 0.00052886 -0.0146302 0.0174643 -0.00592104 0.000582161 0.0207322 0.0221849 -0.021728 -0.00939394
internal_weight=3581.12 3014.84 566.278 1819.11 1539.06 1191.83 246.658 1195.73 199.969 177.942 1005.27 960.281 347.228 44.9861
internal_count=2047352 636549 1410803 596748 592042 243883 201815 39801 142807 118666 18564 14942 348159 3622
is_linear=0
shrinkage=0.05


Tree=59
num_leaves=15
num_cat=0
split_feature=3 9 5 9 9 5 0 2 1 9 10 2 1 9
split_gain=287.859 99.1823 56.6103 53.4501 103.135 39.6103 36.5389 27.9403 26.7761 25.9171 20.5837 20.9294 19.7604 15.6562
threshold=0.98694984991654777 0.87908805742457452 0.008287516504690326 0.86036735922914809 0.85960163550938418 0.0087526712556947849 1.5000000000000002 1.0000000180025095e-35 1.0000000180025095e-35 0.87681591724553087 1.0000000180025095e-35 1.0000000180025095e-35 0.99444444444444458 0.93777689524313834
decision_type=2 2 2 2 2 2 2 2 2 2 2 2 2 2
left_child=2 3 -1 4 6 13 -2 -7 10 -5 11 -4 -9 -3
right_child=1 5 8 9 -6 7 -8 12 -10 -11 -12 -13 -14 -15
leaf_value=-0.047235555090508641 -0.012755762010716508 -0.003495364035299443 -0.026480632048756281 -0.045342210286858031 0.034881946894794132 -0.011937560125732544 0.0082832050090758148 0.021011625359702631 -0.047410887163367339 -0.0057526045922973801 -0.047738441734832243 0.010353610222636122 -0.049040145727098194 0.021394281700593536
leaf_weight=306.37430600700282 687.18430712103873 349.57782773087092 49.089262133497868 101.08383947797847 172.80929934007145 67.304993681347696 289.99974889250734 1174.1179233707735 45.078654501585788 70.411590910996892 21.139369908053595 129.36958740437785 5.5864820352580855 71.890949812834151
leaf_count=1208988 421058 47882 62407 33852 5368 5297 87886 20398 59008 9636 24141 56259 625 4547
internal_value=8.97353e-10 0.00613402 -0.0330386 -0.00409152 -0.000158841 0.014221 -0.00650163 0.0186843 -0.0146719 -0.0297112 -0.00629996 -0.000224069 0.0204743 0.000951179
internal_weight=3541.02 2989.97 551.051 1321.49 1149.99 1668.48 977.184 1247.01 244.677 171.495 199.598 178.459 1179.7 421.469
internal_count=2047352 636549 1410803 557800 514312 78749 508944 26320 201815 43488 142807 118666 21023 52429
is_linear=0
shrinkage=0.05


Tree=60
num_leaves=15
num_cat=0
split_feature=3 9 1 2 12 4 7 9 5 7 0 9 4 5
split_gain=275.214 134.269 74.1723 67.6999 56.1235 33.8743 20.2766 16.8244 10.7839 5.961 8.49367 5.83718 4.16094 1.43285
threshold=0.67195765311140321 0.81838383178790652 0.24880952380952384 1.0000000180025095e-35 1.0000000180025095e-35 0.75000000000000011 1.0000000180025095e-35 0.80090909090909101 0.019387125327846946 2.3166666666666669 1.0000000180025095e-35 0.72515554213228639 0.41666666666666669 0.022139315087324769
decision_type=2 2 2 2 2 2 2 2 2 2 2 2 2 2
left_child=12 5 3 8 -5 6 -2 -8 -3 10 -7 -11 13 -1
right_child=1 2 -4 4 -6 9 7 -9 -10 11 -12 -13 -14 -15
leaf_value=-0.047906585080651459 -0.041213080755721471 -0.023874954907204756 -0.058776287089984017 0.01280800515933519 -0.064318512814894563 -0.022667516145492273 -0.011257566284399877 -0.040437795111078638 -0.00012307578845634741 0.022934236060351817 0.027111186908376078 -0.021860127519687231 0.0040143837812398643 -0.0038019563318720966
leaf_weight=276.23912456391281 123.93155922785536 151.28829165906518 35.250436451406131 2421.3538266108581 18.943601397189923 6.3183382150600655 261.397143202601 58.214419440195343 68.910797829150397 6.012396241072568 47.043256908531475 17.817580379371066 3.2098821669787858 2.7597880426542352
leaf_count=1001820 402854 127083 42985 277126 17874 643 130639 40511 2780 34 817 483 344 1359
internal_value=1.32402e-10 0.00418123 0.00867556 0.00967785 0.012079 -0.0189463 -0.0242316 -0.0171135 -0.0166096 0.0110493 0.0197801 -0.00854091 -0.0468988 -0.0475449
internal_weight=3498.69 3216.48 2695.75 2660.5 2440.3 520.735 443.543 319.612 220.199 77.1916 53.3616 23.83 282.209 278.999
internal_count=2047352 1043829 467848 424863 295000 575981 574004 171150 129863 1977 1460 517 1003523 1003179
is_linear=0
shrinkage=0.05


Tree=61
num_leaves=15
num_cat=0
split_feature=3 9 5 9 9 5 4 0 1 9 4 5 6 9
split_gain=261.348 90.5767 52.5867 46.1202 88.8631 36.3196 33.4315 32.3067 24.0195 22.7681 21.9839 30.5386 21.9011 21.8605
threshold=0.98694984991654777 0.87908805742457452 0.008287516504690326 0.86036735922914809 0.85960163550938418 0.017049858486835327 0.009569597069597072 1.5000000000000002 1.0000000180025095e-35 0.88009900990099033 0.0073261056247316452 0.0071943516069347489 0.18511500366122832 0.87681591724553087
decision_type=2 2 2 2 2 2 2 2 2 2 2 2 2 2
left_child=2 3 -1 4 7 10 -7 -2 -4 -8 11 -3 -12 -5
right_child=1 5 8 13 -6 6 9 -9 -10 -11 12 -13 -14 -15
leaf_value=-0.046871644706046968 -0.012404977696591026 -0.00079770357552644928 -0.0068000031364331822 -0.043446166073969505 0.032093530160044674 0.045936091523281403 0.037372742219677929 0.0075471544320789138 -0.046804685304218219 0.011377526191175517 0.0063000888733090524 0.020485672501637409 -0.021336936847816925 -0.0063730459049137064
leaf_weight=283.25764998385239 671.35307127156375 271.42441435148066 196.21253398002591 94.866407803550828 172.18924630143738 123.03013432509033 104.10095092718257 285.88518290694992 42.124265738554186 408.88442860089708 195.79774691086641 438.08116376954422 106.68941707064369 69.354644553153776
leaf_count=1208988 421058 41850 142807 33852 5368 725 686 87886 59008 5517 9245 15111 5615 9636
internal_value=-1.15696e-10 0.00579809 -0.0324443 -0.00409721 -0.000447945 0.0135546 0.0228818 -0.0064379 -0.014687 0.0169626 0.00760895 0.012395 -0.00363614 -0.0284402
internal_weight=3463.25 2941.66 521.594 1293.65 1129.43 1648.01 636.016 957.238 238.337 512.985 1011.99 709.506 302.487 164.221
internal_count=2047352 636549 1410803 557800 514312 78749 6928 508944 201815 6203 71821 56961 14860 43488
is_linear=0
shrinkage=0.05


Tree=62
num_leaves=15
num_cat=0
split_feature=3 9 1 2 9 4 7 9 5 8 0 4 5 9
split_gain=249.924 122.462 65.1585 62.2714 50.4889 29.219 19.5225 15.0552 10.0852 5.55586 6.08237 3.90585 1.25847 1.03346
threshold=0.67195765311140321 0.81838383178790652 0.24880952380952384 1.0000000180025095e-35 0.81999535510242005 0.75000000000000011 1.0000000180025095e-35 0.80090909090909101 0.0059172270807782961 0.18540981283677901 1.0000000180025095e-35 0.41666666666666669 0.022139315087324769 0.89968483633689045
decision_type=2 2 2 2 2 2 2 2 2 2 2 2 2 2
left_child=11 5 3 8 -5 6 -2 -8 -3 10 -7 12 -1 -13
right_child=1 2 -4 4 -6 9 7 -9 -10 -11 -12 13 -14 -15
leaf_value=-0.047621720161864806 -0.040585060851737714 -0.041254555349703459 -0.057235156513483501 0.044708757196078419 0.0098279690414500662 -0.037494805682568078 -0.010989396536460028 -0.039215743256527873 -0.011327728103490317 0.02837962117622685 0.00686702343359024 -0.013669500617480618 -0.0043301015460883927 0.014781460746290158
leaf_weight=254.78514445399833 118.21618232879337 30.023877710180386 32.609930076432647 104.20570891285206 2306.616936016515 4.0636950336920554 257.94636035034091 55.105084606941091 186.36343297711574 22.044436077878345 47.39378345971636 0.80277406676032059 2.7482014244269513 2.3413950121030211
leaf_count=1001820 402854 79436 42985 14556 280444 556 130639 40511 50427 274 1147 319 1359 25
internal_value=-5.3602e-10 0.00390453 0.00819407 0.00911339 0.0114251 -0.0185573 -0.0234888 -0.0164963 -0.016318 0.0100311 0.000353325 -0.0465819 -0.047251 0.00358484
internal_weight=3425.27 3164.59 2659.82 2627.21 2410.82 504.77 431.268 313.051 216.387 73.5019 51.4575 260.678 257.533 3.14417
internal_count=2047352 1043829 467848 424863 295000 575981 574004 171150 129863 1977 1703 1003523 1003179 344
is_linear=0
shrinkage=0.05


Tree=63
num_leaves=15
num_cat=0
split_feature=3 9 7 9 9 0 12 5 9 9 4 5 4 4
split_gain=238.031 117.215 61.1803 47.992 82.1717 32.7215 26.2184 24.8302 17.2196 14.093 8.4845 7.87011 5.97124 3.72555
threshold=0.67195765311140321 0.89910394193286802 0.22500000000000003 0.88009900990099033 0.87967571245063503 1.5000000000000002 1.0000000180025095e-35 0.0058140029228421321 0.90291793313069901 0.89633022580894961 0.03509852216748769 0.02111130852819719 0.0036297760210803691 0.41666666666666669
decision_type=2 2 2 2 2 2 2 2 2 2 2 2 2 2
left_child=13 2 5 4 -4 10 7 12 -9 -5 -2 -7 -3 -1
right_child=1 6 3 9 -6 11 -8 8 -10 -11 -12 -13 -14 -15
leaf_value=-0.047094584116726124 -0.041094030400316353 0.0013290251510628107 -0.0011790333198239819 -0.035984293303938694 0.034329004069869447 -0.0084613307104327001 -0.050593663557110202 0.02888281269322401 0.014855577654628364 -0.0070285533981318295 -0.018712151772522598 0.020863342554970382 -0.024630877808636709 0.0032392720664678656
leaf_weight=247.35793954460587 145.23876747462782 99.65800083805334 1224.0261512010702 98.35206015051881 182.90027299810754 117.42980524241921 9.913176751953868 322.3104745942037 747.60797454033673 75.788901950238142 78.159822399198674 23.218675618692941 23.317476030322723 3.09926178594469
leaf_count=1003179 418139 23066 344128 20914 5017 147091 8751 4436 21601 10530 32585 431 7140 344
internal_value=3.06063e-10 0.0037611 -0.00382681 0.000450477 0.00354223 -0.0221576 0.0159969 0.0167591 0.0191959 -0.0239302 -0.0338444 -0.00307029 -0.00436327 -0.0464205
internal_weight=3398.38 3147.92 1945.11 1581.07 1406.93 364.047 1202.81 1192.89 1069.92 174.141 223.399 140.648 122.975 250.457
internal_count=2047352 1043829 978835 380589 349145 598246 64994 56243 26037 31444 450724 147522 30206 1003523
is_linear=0
shrinkage=0.05


Tree=64
num_leaves=15
num_cat=0
split_feature=3 9 9 9 9 9 9 2 9 9 9 9 5 0
split_gain=225.839 116.709 43.8423 71.1236 60.9912 50.4104 76.8144 39.1817 29.4465 75.8982 23.1746 22.6267 17.4846 7.94295
threshold=0.67195765311140321 0.85960163550938418 0.91941433716343701 0.90291793313069901 0.89968483633689045 0.92457184325108865 0.93777689524313834 1.0000000180025095e-35 0.84016393442622961 0.83960927772196048 0.85187187187187197 0.91487726204144115 0.008287516504690326 1.5000000000000002
decision_type=2 2 2 2 2 2 2 2 2 2 2 2 2 2
left_child=-1 7 3 4 -3 12 -7 13 9 -9 -10 -5 -4 -2
right_child=1 2 5 11 -6 6 -8 8 10 -11 -12 -13 -14 -15
leaf_value=-0.046231892908983573 -0.039597259893159098 0.0042836401869424945 0.011297225150946734 -0.042734638187368203 0.032272141808776675 -0.035425966519665918 0.020333323951586102 -0.00808014766298858 -0.05183296287114797 0.035109173948430418 -0.010753511038482124 -0.0074681704584582675 0.041026137324610135 -0.014332057469352857
leaf_weight=239.98314999657396 108.08658711351109 948.18946524657076 66.778949190314961 77.030967124683229 240.61145242043494 75.539727588032292 261.6258977839625 660.77360690682599 49.175836097553656 115.07626547885593 103.69086311610317 108.02832985244277 257.10033797247161 54.118007840955215
leaf_count=1003523 177503 147562 3339 15834 5631 10045 11156 519215 31783 8846 35295 12650 2068 62902
internal_value=2.30083e-10 0.00361759 0.0106828 0.0055552 0.0100599 0.0212179 0.0075057 -0.00954984 -0.0055056 -0.00149039 -0.0251915 -0.0228859 0.0351614 -0.0318484
internal_weight=3365.81 3125.83 2034.91 1373.86 1188.8 661.045 337.166 1090.92 928.717 775.85 152.867 185.059 323.879 162.205
internal_count=2047352 1043829 208285 181677 153193 26608 21201 835544 595139 528061 67078 28484 5407 240405
is_linear=0
shrinkage=0.05


Tree=65
num_leaves=15
num_cat=0
split_feature=3 9 9 9 5 5 2 6 4 1 4 5 9 5
split_gain=216.133 78.2435 52.459 80.0918 46.7014 36.9654 28.0727 25.308 24.1871 21.6362 20.3285 19.5393 18.4616 18.2188
threshold=0.98694984991654777 0.87874509726726491 0.86036735922914809 0.85960163550938418 0.008287516504690326 0.015825950790436864 1.0000000180025095e-35 0.26317898701015957 0.009569597069597072 1.0000000180025095e-35 0.0096620612397311442 0.025700447158669593 0.89968483633689045 0.011194179049388884
decision_type=2 2 2 2 2 2 2 2 2 2 2 2 2 2
left_child=4 2 3 6 -1 7 -2 10 -7 12 -3 -10 -6 -9
right_child=1 5 -4 -5 9 8 -8 13 11 -11 -12 -13 -14 -15
leaf_value=-0.046155084685838468 -0.028398198297007078 0.013057443724762877 -0.033095943477380672 0.030701517668979741 -0.014981657230915171 0.03852649758706049 -0.0029588301026579719 -0.03528426321547895 0.0089747670940343912 -0.046261580584385315 -0.0091128489267803085 0.029002279836016599 0.021426848853140515 -0.00019730380341068427
leaf_weight=244.95892682047906 120.50950306788036 644.61889294597495 135.25568268535426 167.37950075614935 147.48043800211235 151.49668206291972 809.91848337320698 50.780342236608703 365.59424598831538 38.32762359572007 119.27609644878248 183.38308134622639 40.407060451098005 110.03943698289368
leaf_count=1208988 118664 50516 41372 5368 130850 1291 390280 9998 6361 59008 7123 1210 11957 4366
internal_value=4.80665e-10 0.00518737 -0.0043011 -0.000619452 -0.0311919 0.0123776 -0.00638793 0.00576412 0.0210055 -0.0143411 0.00955898 0.0158662 -0.00679919 -0.0120062
internal_weight=3329.43 2858.25 1233.06 1097.81 471.174 1625.19 930.428 924.715 700.474 226.215 763.895 548.977 187.887 160.82
internal_count=2047352 636549 555684 514312 1410803 80865 508944 72003 8862 201815 57639 7571 142807 14364
is_linear=0
shrinkage=0.05


end of trees

feature_importances:
quality=259
rrf_raw=197
lexical_signal=115
term_coverage=87
attribute_raw=63
category_match=51
dense_raw=39
partial_matches=35
exact_matches=34
novelty_penalty=34
profile_match=6
contradictions=4

parameters:
[boosting: gbdt]
[objective: lambdarank]
[metric: ndcg]
[tree_learner: serial]
[device_type: cpu]
[data_sample_strategy: bagging]
[data: ]
[valid: ]
[num_iterations: 300]
[learning_rate: 0.05]
[num_leaves: 15]
[num_threads: 4]
[seed: 20260830]
[deterministic: 1]
[force_col_wise: 1]
[force_row_wise: 0]
[histogram_pool_size: -1]
[max_depth: 5]
[min_data_in_leaf: 40]
[min_sum_hessian_in_leaf: 0.001]
[bagging_fraction: 1]
[pos_bagging_fraction: 1]
[neg_bagging_fraction: 1]
[bagging_freq: 0]
[bagging_seed: 3520]
[bagging_by_query: 0]
[feature_fraction: 1]
[feature_fraction_bynode: 1]
[feature_fraction_seed: 25582]
[extra_trees: 0]
[extra_seed: 14767]
[early_stopping_round: 0]
[early_stopping_min_delta: 0]
[first_metric_only: 0]
[max_delta_step: 0]
[lambda_l1: 0]
[lambda_l2: 5]
[linear_lambda: 0]
[min_gain_to_split: 0]
[drop_rate: 0.1]
[max_drop: 50]
[skip_drop: 0.5]
[xgboost_dart_mode: 0]
[uniform_drop: 0]
[drop_seed: 20645]
[top_rate: 0.2]
[other_rate: 0.1]
[min_data_per_group: 100]
[max_cat_threshold: 32]
[cat_l2: 10]
[cat_smooth: 10]
[max_cat_to_onehot: 4]
[top_k: 20]
[monotone_constraints: ]
[monotone_constraints_method: basic]
[monotone_penalty: 0]
[feature_contri: ]
[forcedsplits_filename: ]
[refit_decay_rate: 0.9]
[cegb_tradeoff: 1]
[cegb_penalty_split: 0]
[cegb_penalty_feature_lazy: ]
[cegb_penalty_feature_coupled: ]
[path_smooth: 0]
[interaction_constraints: ]
[verbosity: -1]
[saved_feature_importance_type: 0]
[use_quantized_grad: 0]
[num_grad_quant_bins: 4]
[quant_train_renew_leaf: 0]
[stochastic_rounding: 1]
[linear_tree: 0]
[max_bin: 255]
[max_bin_by_feature: ]
[min_data_in_bin: 3]
[bin_construct_sample_cnt: 200000]
[data_random_seed: 4792]
[is_enable_sparse: 1]
[enable_bundle: 1]
[use_missing: 1]
[zero_as_missing: 0]
[feature_pre_filter: 1]
[pre_partition: 0]
[two_round: 0]
[header: 0]
[label_column: ]
[weight_column: ]
[group_column: ]
[ignore_column: ]
[categorical_feature: ]
[forcedbins_filename: ]
[precise_float_parser: 0]
[parser_config_file: ]
[objective_seed: 28250]
[num_class: 1]
[is_unbalance: 0]
[scale_pos_weight: 1]
[sigmoid: 1]
[boost_from_average: 1]
[reg_sqrt: 0]
[alpha: 0.9]
[fair_c: 1]
[poisson_max_delta_step: 0.7]
[tweedie_variance_power: 1.5]
[lambdarank_truncation_level: 13]
[lambdarank_norm: 1]
[label_gain: ]
[lambdarank_position_bias_regularization: 0]
[eval_at: 1,10]
[multi_error_top_k: 1]
[auc_mu_weights: ]
[num_machines: 1]
[local_listen_port: 12400]
[time_out: 120]
[machine_list_filename: ]
[machines: ]
[gpu_platform_id: -1]
[gpu_device_id: -1]
[gpu_device_id_list: ]
[gpu_use_dp: 0]
[num_gpu: 1]

end of parameters

pandas_categorical:null
